﻿相对路径,文件名,大小(字节),MD5,年份,批次,分类
2020/20201221/集客无线AP_QCA_IPQ/JIKEAP_AC58U_IPQ40XX_1000M_IPQ4018_FREE_6.3_2020122100.bin.rar,JIKEAP_AC58U_IPQ40XX_1000M_IPQ4018_FREE_6.3_2020122100.bin.rar,10744374,72d4fbe714461e9b13a327ea550e766f,2020,20201221,集客无线AP_QCA_IPQ
2020/20201221/集客无线AP_QCA_IPQ/JIKEAP_AC58U_IPQ40XX_6.3_2020122100_opboot.bin.rar,JIKEAP_AC58U_IPQ40XX_6.3_2020122100_opboot.bin.rar,10744529,54819904dee286c9e3a646b45dfb9754,2020,20201221,集客无线AP_QCA_IPQ
2020/20201221/集客无线AP_QCA_IPQ/JIKEAP_ACRH17_IPQ40XX_1000M_QCA9984_HT160_FREE_6.3_2020122100.bin.rar,JIKEAP_ACRH17_IPQ40XX_1000M_QCA9984_HT160_FREE_6.3_2020122100.bin.rar,12732991,04696966d8c22ba1f691fc6c56b95fdd,2020,20201221,集客无线AP_QCA_IPQ
2020/20201221/集客无线AP_QCA_IPQ/JIKEAP_ACRH17_IPQ40XX_6.3_2020122100_opboot.bin.rar,JIKEAP_ACRH17_IPQ40XX_6.3_2020122100_opboot.bin.rar,12732556,a8f38036bfd590634e2e7d58c307a8d8,2020,20201221,集客无线AP_QCA_IPQ
2020/20201221/集客无线AP_QCA_IPQ/JIKEAP_AP118L_IPQ40XX_1000M_EPORT_6.3_2020122100.bin.rar,JIKEAP_AP118L_IPQ40XX_1000M_EPORT_6.3_2020122100.bin.rar,13446487,176b44e63a9d6093a09eff3d3495f6e9,2020,20201221,集客无线AP_QCA_IPQ
2020/20201221/集客无线AP_QCA_IPQ/JIKEAP_AP269X-HG_IPQ40XX_1000M_6.3_2020122100.bin.rar,JIKEAP_AP269X-HG_IPQ40XX_1000M_6.3_2020122100.bin.rar,13447327,bd6966c4027ba5568134f453f53611b2,2020,20201221,集客无线AP_QCA_IPQ
2020/20201221/集客无线AP_QCA_IPQ/JIKEAP_AP285F-H_IPQ40XX_1000M_6.3_2020122100.bin.rar,JIKEAP_AP285F-H_IPQ40XX_1000M_6.3_2020122100.bin.rar,13447409,854656de2efa2e86df7350774d1c62f3,2020,20201221,集客无线AP_QCA_IPQ
2020/20201221/集客无线AP_QCA_IPQ/JIKEAP_AP320F-H_IPQ40XX_1000M_3RADIO_6.3_2020122100.bin.rar,JIKEAP_AP320F-H_IPQ40XX_1000M_3RADIO_6.3_2020122100.bin.rar,13420169,c3cce7ad7a101ea741b308f6a98651c0,2020,20201221,集客无线AP_QCA_IPQ
2020/20201221/集客无线AP_QCA_IPQ/JIKEAP_AP320Y-H_IPQ40XX_1000M_3RADIO_6.3_2020122100.bin.rar,JIKEAP_AP320Y-H_IPQ40XX_1000M_3RADIO_6.3_2020122100.bin.rar,13448351,f9f31d999639094ccbeb9004e39f9a5f,2020,20201221,集客无线AP_QCA_IPQ
2020/20201221/集客无线AP_QCA_IPQ/JIKEAP_AP330F-H_IPQ40XX_1000M_3RADIO_HT160_6.3_2020122100.bin.rar,JIKEAP_AP330F-H_IPQ40XX_1000M_3RADIO_HT160_6.3_2020122100.bin.rar,13420026,ee5bd32cd6c4f9e4192fd375af328d24,2020,20201221,集客无线AP_QCA_IPQ
2020/20201221/集客无线AP_QCA_IPQ/JIKEAP_AP386X_IPQ40XX_1000M_3RADIO_6.3_2020122100.bin.rar,JIKEAP_AP386X_IPQ40XX_1000M_3RADIO_6.3_2020122100.bin.rar,13447872,93fecf038dc4586626586b1bf6717317,2020,20201221,集客无线AP_QCA_IPQ
2020/20201221/集客无线AP_QCA_IPQ/JIKEAP_AX1800MI_IPQ60XX_1000M_WIFI6_FREE_6.3_2020122100.bin.rar,JIKEAP_AX1800MI_IPQ60XX_1000M_WIFI6_FREE_6.3_2020122100.bin.rar,12450438,12f8b2dd7542039e1c59874a0a0d3fbb,2020,20201221,集客无线AP_QCA_IPQ
2020/20201221/集客无线AP_QCA_IPQ/JIKEAP_AX1800Y_IPQ60XX_6.3_2020122100.bin.rar,JIKEAP_AX1800Y_IPQ60XX_6.3_2020122100.bin.rar,13286839,a5f1e8bf0d19ad85e51dbaacf6d0216e,2020,20201221,集客无线AP_QCA_IPQ
2020/20201221/集客无线AP_QCA_IPQ/JIKEAP_AX2180_IPQ60XX_1000M_WIFI6_6.3_2020122100.bin.rar,JIKEAP_AX2180_IPQ60XX_1000M_WIFI6_6.3_2020122100.bin.rar,13297750,f94307a118059ad67f3fcf4822e820ad,2020,20201221,集客无线AP_QCA_IPQ
2020/20201221/集客无线AP_QCA_IPQ/JIKEAP_AX5RM_IPQ60XX_1000M_WIFI6_FREE_6.3_2020122100.bin.rar,JIKEAP_AX5RM_IPQ60XX_1000M_WIFI6_FREE_6.3_2020122100.bin.rar,12449672,c58ae0e3dc10d3d203a1424dbed6ef46,2020,20201221,集客无线AP_QCA_IPQ
2020/20201221/集客无线AP_QCA_IPQ/JIKEAP_AXR3100_IPQ40XX_1000M_QCA9984_HT160_FREE_6.3_2020122100.bin.rar,JIKEAP_AXR3100_IPQ40XX_1000M_QCA9984_HT160_FREE_6.3_2020122100.bin.rar,13382082,4bb81384767234bcad38d737b59daf1b,2020,20201221,集客无线AP_QCA_IPQ
2020/20201221/集客无线AP_QCA_IPQ/JIKEAP_CM520_IPQ40XX_1000M_NAND_FREE_6.3_2020122100.bin.rar,JIKEAP_CM520_IPQ40XX_1000M_NAND_FREE_6.3_2020122100.bin.rar,12752515,8679b42346df384d2eee04a460b0cb31,2020,20201221,集客无线AP_QCA_IPQ
2020/20201221/集客无线AP_QCA_IPQ/JIKEAP_HM1800_IPQ60XX_1000M_WIFI6_6.3_2020122100.bin.rar,JIKEAP_HM1800_IPQ60XX_1000M_WIFI6_6.3_2020122100.bin.rar,15218730,60b74ae46f7f001c5a3b7a7e62f08107,2020,20201221,集客无线AP_QCA_IPQ
2020/20201221/集客无线AP_QCA_IPQ/release_notes.txt,release_notes.txt,3412,7dd2b8a3ab009b6fcd4b4402cd32fe95,2020,20201221,集客无线AP_QCA_IPQ
2020/20201221/集客无线AP_QCA_IPQ/ubi-JIKEAP_AX1800MI.img.rar,ubi-JIKEAP_AX1800MI.img.rar,12447094,0d4cda642e0726fa14422e7d74d0dffe,2020,20201221,集客无线AP_QCA_IPQ
2020/20201221/集客无线AP_QCA_IPQ/ubi-JIKEAP_AX5RM.img.rar,ubi-JIKEAP_AX5RM.img.rar,12446445,8d415e7ce1b4c82adb3973590404696b,2020,20201221,集客无线AP_QCA_IPQ
2020/20201221/集客无线AP_QCA_IPQ/ubi-JIKEAP_CM520.img.rar,ubi-JIKEAP_CM520.img.rar,12751540,14e65cc4eb5c19c3bac1ddcb1823701a,2020,20201221,集客无线AP_QCA_IPQ
2020/20201228/集客无线AP_QCA_MIPS/JIKEAP_AP0141_QCA934X_1000M_FREE_6.3_2020122800.bin.rar,JIKEAP_AP0141_QCA934X_1000M_FREE_6.3_2020122800.bin.rar,6567439,2b042ebe1332c1c2dc7ac196ace97867,2020,20201228,集客无线AP_QCA_MIPS
2020/20201228/集客无线AP_QCA_MIPS/JIKEAP_AP110T_QCA933X_100M_EPORT_FREE_6.3_2020122800.bin.rar,JIKEAP_AP110T_QCA933X_100M_EPORT_FREE_6.3_2020122800.bin.rar,6172475,24422987fc98351b42a2f763b6b06f24,2020,20201228,集客无线AP_QCA_MIPS
2020/20201228/集客无线AP_QCA_MIPS/JIKEAP_AP112F_QCA953X_100M_16M_EPORT_6.3_2020122800.bin.rar,JIKEAP_AP112F_QCA953X_100M_16M_EPORT_6.3_2020122800.bin.rar,6174892,dd999400e7abca370c6d95f22de02faf,2020,20201228,集客无线AP_QCA_MIPS
2020/20201228/集客无线AP_QCA_MIPS/JIKEAP_AP112Fv2_QCA953X_100M_8M_EPORT_6.3_2020122800.bin.rar,JIKEAP_AP112Fv2_QCA953X_100M_8M_EPORT_6.3_2020122800.bin.rar,6173680,a0d96aca08105aa4f723a9c052b8cec4,2020,20201228,集客无线AP_QCA_MIPS
2020/20201228/集客无线AP_QCA_MIPS/JIKEAP_AP112J_QCA953X_100M_EPORT_6.3_2020122800.bin.rar,JIKEAP_AP112J_QCA953X_100M_EPORT_6.3_2020122800.bin.rar,6174933,d193691178310a4b6f58219698e83a3a,2020,20201228,集客无线AP_QCA_MIPS
2020/20201228/集客无线AP_QCA_MIPS/JIKEAP_AP112Q_QCA934X_100M_EPORT_FREE_6.3_2020122800.bin.rar,JIKEAP_AP112Q_QCA934X_100M_EPORT_FREE_6.3_2020122800.bin.rar,6174194,aa3a2465358bb8adf0648d5f9483f0f9,2020,20201228,集客无线AP_QCA_MIPS
2020/20201228/集客无线AP_QCA_MIPS/JIKEAP_AP112T_QCA953X_100M_EPORT_6.3_2020122800.bin.rar,JIKEAP_AP112T_QCA953X_100M_EPORT_6.3_2020122800.bin.rar,6173592,5a8486a360a2cfcaa187afb1d70874e9,2020,20201228,集客无线AP_QCA_MIPS
2020/20201228/集客无线AP_QCA_MIPS/JIKEAP_AP112Y_QCA953X_100M_EPORT_6.3_2020122800.bin.rar,JIKEAP_AP112Y_QCA953X_100M_EPORT_6.3_2020122800.bin.rar,6175247,38e0b5d738395d029281f52d2fcaa42c,2020,20201228,集客无线AP_QCA_MIPS
2020/20201228/集客无线AP_QCA_MIPS/JIKEAP_AP116F_QCA953X_100M_QCA9887_EPORT_6.3_2020122800.bin.rar,JIKEAP_AP116F_QCA953X_100M_QCA9887_EPORT_6.3_2020122800.bin.rar,6536464,6c078e61591b09331e8d74298971c710,2020,20201228,集客无线AP_QCA_MIPS
2020/20201228/集客无线AP_QCA_MIPS/JIKEAP_AP116Q_QCA953X_100M_QCA9887_EPORT_6.3_2020122800.bin.rar,JIKEAP_AP116Q_QCA953X_100M_QCA9887_EPORT_6.3_2020122800.bin.rar,6536480,92cab5f1433fb22833a802a3342f4e19,2020,20201228,集客无线AP_QCA_MIPS
2020/20201228/集客无线AP_QCA_MIPS/JIKEAP_AP117D_QCA955X_1000M_QCA9880_EPORT_6.3_2020122800.bin.rar,JIKEAP_AP117D_QCA955X_1000M_QCA9880_EPORT_6.3_2020122800.bin.rar,7356731,60cab5e6b9b38bf1f64ff4c85ab1b3cb,2020,20201228,集客无线AP_QCA_MIPS
2020/20201228/集客无线AP_QCA_MIPS/JIKEAP_AP117Q_QCA956X_1000M_QCA9882_EPORT_6.3_2020122800.bin.rar,JIKEAP_AP117Q_QCA956X_1000M_QCA9882_EPORT_6.3_2020122800.bin.rar,7356706,d43604223cea70089c3563ce1bb1ce4b,2020,20201228,集客无线AP_QCA_MIPS
2020/20201228/集客无线AP_QCA_MIPS/JIKEAP_AP120_QCA934X_1000M_FREE_6.3_2020122800.bin.rar,JIKEAP_AP120_QCA934X_1000M_FREE_6.3_2020122800.bin.rar,6568463,ef880072ca8553aa69c3069ac97a1b44,2020,20201228,集客无线AP_QCA_MIPS
2020/20201228/集客无线AP_QCA_MIPS/JIKEAP_AP126F_QCA953X_100M_8M_6.3_2020122800.bin.rar,JIKEAP_AP126F_QCA953X_100M_8M_6.3_2020122800.bin.rar,6173781,6e38c9bef193aca97af14e22aa99b9eb,2020,20201228,集客无线AP_QCA_MIPS
2020/20201228/集客无线AP_QCA_MIPS/JIKEAP_AP130F-H_QCA953X_100M_6.3_2020122800.bin.rar,JIKEAP_AP130F-H_QCA953X_100M_6.3_2020122800.bin.rar,6174891,74fd5fa58cb1e6ab1c7bbfc4f2d73d87,2020,20201228,集客无线AP_QCA_MIPS
2020/20201228/集客无线AP_QCA_MIPS/JIKEAP_AP130T_QCA934X_100M_AR9341_FREE_6.3_2020122800.bin.rar,JIKEAP_AP130T_QCA934X_100M_AR9341_FREE_6.3_2020122800.bin.rar,6173537,0fc54a5b102b927645b26d036ed51d84,2020,20201228,集客无线AP_QCA_MIPS
2020/20201228/集客无线AP_QCA_MIPS/JIKEAP_AP135T-H_QCA953X_100M_AR9341_6.3_2020122800.bin.rar,JIKEAP_AP135T-H_QCA953X_100M_AR9341_6.3_2020122800.bin.rar,6173629,79322acf51573ce556cdd146497f7bab,2020,20201228,集客无线AP_QCA_MIPS
2020/20201228/集客无线AP_QCA_MIPS/JIKEAP_AP136Y-H_QCA953X_100M_6.3_2020122800.bin.rar,JIKEAP_AP136Y-H_QCA953X_100M_6.3_2020122800.bin.rar,6174932,20aaa601f6c277a2d546eb59e17d279d,2020,20201228,集客无线AP_QCA_MIPS
2020/20201228/集客无线AP_QCA_MIPS/JIKEAP_AP147_QCA953X_100M_QCA9887_FREE_6.3_2020122800.bin.rar,JIKEAP_AP147_QCA953X_100M_QCA9887_FREE_6.3_2020122800.bin.rar,7315592,855823a266741d48f7a7bc123a138e53,2020,20201228,集客无线AP_QCA_MIPS
2020/20201228/集客无线AP_QCA_MIPS/JIKEAP_AP153Y-H_QCA953X_6.3_2020122800.bin.rar,JIKEAP_AP153Y-H_QCA953X_6.3_2020122800.bin.rar,6174837,7bea9238e0461d3eff3fccf193b41831,2020,20201228,集客无线AP_QCA_MIPS
2020/20201228/集客无线AP_QCA_MIPS/JIKEAP_AP185W_QCA934X_6.3_2020122800.bin.rar,JIKEAP_AP185W_QCA934X_6.3_2020122800.bin.rar,6173790,0df14791508135eb868d208b653122e5,2020,20201228,集客无线AP_QCA_MIPS
2020/20201228/集客无线AP_QCA_MIPS/JIKEAP_AP220G_QCA956X_1000M_QCA9886_EPORT_6.3_2020122800.bin.rar,JIKEAP_AP220G_QCA956X_1000M_QCA9886_EPORT_6.3_2020122800.bin.rar,7443181,70f1e8362fe454adc29040d74824c3ed,2020,20201228,集客无线AP_QCA_MIPS
2020/20201228/集客无线AP_QCA_MIPS/JIKEAP_AP223G_QCA956X_1000M_QCA9886_EPORT_6.3_2020122800.bin.rar,JIKEAP_AP223G_QCA956X_1000M_QCA9886_EPORT_6.3_2020122800.bin.rar,7420347,686303588c559ea0193067019455385b,2020,20201228,集客无线AP_QCA_MIPS
2020/20201228/集客无线AP_QCA_MIPS/JIKEAP_AP260F-H_QCA953X_100M_QCA9887_6.3_2020122800.bin.rar,JIKEAP_AP260F-H_QCA953X_100M_QCA9887_6.3_2020122800.bin.rar,6536520,68d6d8db35452fdd1b71a5bad23c6f52,2020,20201228,集客无线AP_QCA_MIPS
2020/20201228/集客无线AP_QCA_MIPS/JIKEAP_AP260T-H_QCA953X_100M_AR9X82_6.3_2020122800.bin.rar,JIKEAP_AP260T-H_QCA953X_100M_AR9X82_6.3_2020122800.bin.rar,6174887,528a9e387c5dbb45108581af0976108c,2020,20201228,集客无线AP_QCA_MIPS
2020/20201228/集客无线AP_QCA_MIPS/JIKEAP_AP261Y-H_QCA953X_100M_QCA9887_6.3_2020122800.bin.rar,JIKEAP_AP261Y-H_QCA953X_100M_QCA9887_6.3_2020122800.bin.rar,6536499,21777a8906ffcd295af7511b9a528254,2020,20201228,集客无线AP_QCA_MIPS
2020/20201228/集客无线AP_QCA_MIPS/JIKEAP_AP262Y-H_QCA956X_1000M_QCA9882_6.3_2020122800.bin.rar,JIKEAP_AP262Y-H_QCA956X_1000M_QCA9882_6.3_2020122800.bin.rar,7356017,93a5c15e526f005090da68c86bf2518a,2020,20201228,集客无线AP_QCA_MIPS
2020/20201228/集客无线AP_QCA_MIPS/JIKEAP_AP263YS_QCA956X_1000M_QCA9880_6.3_2020122800.bin.rar,JIKEAP_AP263YS_QCA956X_1000M_QCA9880_6.3_2020122800.bin.rar,7708205,44b58b4c803cccc4df75583fa128b94d,2020,20201228,集客无线AP_QCA_MIPS
2020/20201228/集客无线AP_QCA_MIPS/JIKEAP_AP266G-H_QCA955X_1000M_QCA9880_6.3_2020122800.bin.rar,JIKEAP_AP266G-H_QCA955X_1000M_QCA9880_6.3_2020122800.bin.rar,7354614,af967e5005cebbba8f38eb984ab6a8cf,2020,20201228,集客无线AP_QCA_MIPS
2020/20201228/集客无线AP_QCA_MIPS/JIKEAP_AP267F-H_QCA956X_1000M_QCA9886_6.3_2020122800.bin.rar,JIKEAP_AP267F-H_QCA956X_1000M_QCA9886_6.3_2020122800.bin.rar,7442589,ea2cc5d5fc6eafb63a1025517aa1b3fd,2020,20201228,集客无线AP_QCA_MIPS
2020/20201228/集客无线AP_QCA_MIPS/JIKEAP_AP267F-Hv2_QCA956X_1000M_QCA9886_6.3_2020122800.bin.rar,JIKEAP_AP267F-Hv2_QCA956X_1000M_QCA9886_6.3_2020122800.bin.rar,7442695,38860bdc749ea8989766c1ec47225b15,2020,20201228,集客无线AP_QCA_MIPS
2020/20201228/集客无线AP_QCA_MIPS/JIKEAP_AP280F-H_QCA953X_100M_QCA9887_6.3_2020122800.bin.rar,JIKEAP_AP280F-H_QCA953X_100M_QCA9887_6.3_2020122800.bin.rar,6536443,79510f16548cfae3d7e4f364564fea21,2020,20201228,集客无线AP_QCA_MIPS
2020/20201228/集客无线AP_QCA_MIPS/JIKEAP_AP281Y-H_QCA956X_6.3_2020122800.bin.rar,JIKEAP_AP281Y-H_QCA956X_6.3_2020122800.bin.rar,7443172,b40d821b35de6d0b7d0cd97425d3779e,2020,20201228,集客无线AP_QCA_MIPS
2020/20201228/集客无线AP_QCA_MIPS/JIKEAP_AP282T-H_QCA956X_1000M_QCA9882_6.3_2020122800.bin.rar,JIKEAP_AP282T-H_QCA956X_1000M_QCA9882_6.3_2020122800.bin.rar,7356156,eca49370a289ab5bada166d5871d2547,2020,20201228,集客无线AP_QCA_MIPS
2020/20201228/集客无线AP_QCA_MIPS/JIKEAP_AP3513NA_QCA934X_6.3_2020122800.bin.rar,JIKEAP_AP3513NA_QCA934X_6.3_2020122800.bin.rar,6173930,7de9fd6fd8207bff44c644d1d4ecad4b,2020,20201228,集客无线AP_QCA_MIPS
2020/20201228/集客无线AP_QCA_MIPS/JIKEAP_AP49_QCA953X_6.3_2020122800.bin.rar,JIKEAP_AP49_QCA953X_6.3_2020122800.bin.rar,6556075,39fc028d32cddeb67f693906f00a09b2,2020,20201228,集客无线AP_QCA_MIPS
2020/20201228/集客无线AP_QCA_MIPS/JIKEAP_AP630_QCA953X_100M_EPORT_6.3_2020122800.bin.rar,JIKEAP_AP630_QCA953X_100M_EPORT_6.3_2020122800.bin.rar,6174833,cd658e347f8812b26f488aa98390386e,2020,20201228,集客无线AP_QCA_MIPS
2020/20201228/集客无线AP_QCA_MIPS/JIKEAP_AP630v2_QCA953X_100M_EPORT_6.3_2020122800.bin.rar,JIKEAP_AP630v2_QCA953X_100M_EPORT_6.3_2020122800.bin.rar,6173777,f2cc700c2520ad3121af234bd7304dc6,2020,20201228,集客无线AP_QCA_MIPS
2020/20201228/集客无线AP_QCA_MIPS/JIKEAP_AP675_QCA953X_100M_EPORT_6.3_2020122800.bin.rar,JIKEAP_AP675_QCA953X_100M_EPORT_6.3_2020122800.bin.rar,6536594,7a78bf1e7b6c854ccf5576b2b70819ed,2020,20201228,集客无线AP_QCA_MIPS
2020/20201228/集客无线AP_QCA_MIPS/JIKEAP_AP830H_QCA953X_100M_6.3_2020122800.bin.rar,JIKEAP_AP830H_QCA953X_100M_6.3_2020122800.bin.rar,6174780,f163ba4afe1ad3fa77f59c530a90b3d6,2020,20201228,集客无线AP_QCA_MIPS
2020/20201228/集客无线AP_QCA_MIPS/JIKEAP_AP875H_QCA953X_100M_QCA9887_6.3_2020122800.bin.rar,JIKEAP_AP875H_QCA953X_100M_QCA9887_6.3_2020122800.bin.rar,6536492,fd761a4e6664feb04e38e29da128b8c6,2020,20201228,集客无线AP_QCA_MIPS
2020/20201228/集客无线AP_QCA_MIPS/JIKEAP_AP9344_35P0_QCA934X_1000M_FREE_6.3_2020122800.bin.rar,JIKEAP_AP9344_35P0_QCA934X_1000M_FREE_6.3_2020122800.bin.rar,6174631,7d3fe9b077c01f872212f0088e02cf68,2020,20201228,集客无线AP_QCA_MIPS
2020/20201228/集客无线AP_QCA_MIPS/JIKEAP_AP9344_35P4_QCA934X_1000M_FREE_6.3_2020122800.bin.rar,JIKEAP_AP9344_35P4_QCA934X_1000M_FREE_6.3_2020122800.bin.rar,6174872,5d9a9d06a7eb41123495e5e0be2cfa14,2020,20201228,集客无线AP_QCA_MIPS
2020/20201228/集客无线AP_QCA_MIPS/JIKEAP_AP9344_8327_QCA934X_1000M_FREE_6.3_2020122800.bin.rar,JIKEAP_AP9344_8327_QCA934X_1000M_FREE_6.3_2020122800.bin.rar,6567354,b713f8fd2d1dce08c8e4ab2b049b8e25,2020,20201228,集客无线AP_QCA_MIPS
2020/20201228/集客无线AP_QCA_MIPS/JIKEAP_AP9344_M100_QCA934X_100M_FREE_6.3_2020122800.bin.rar,JIKEAP_AP9344_M100_QCA934X_100M_FREE_6.3_2020122800.bin.rar,6174858,8f5aaa9769c9410c64b45a3beffeea24,2020,20201228,集客无线AP_QCA_MIPS
2020/20201228/集客无线AP_QCA_MIPS/JIKEAP_AP9344_RTL_QCA934X_1000M_FREE_6.3_2020122800.bin.rar,JIKEAP_AP9344_RTL_QCA934X_1000M_FREE_6.3_2020122800.bin.rar,6174962,7ea40fa4022a24666f60d9997d297f1a,2020,20201228,集客无线AP_QCA_MIPS
2020/20201228/集客无线AP_QCA_MIPS/JIKEAP_AP941_QCA953X_100M_FREE_6.3_2020122800.bin.rar,JIKEAP_AP941_QCA953X_100M_FREE_6.3_2020122800.bin.rar,6173388,4b188e0ecc91331faae33384401da179,2020,20201228,集客无线AP_QCA_MIPS
2020/20201228/集客无线AP_QCA_MIPS/JIKEAP_AP9558_QCA955X_1000M_QCA9880_FREE_6.3_2020122800.bin.rar,JIKEAP_AP9558_QCA955X_1000M_QCA9880_FREE_6.3_2020122800.bin.rar,7356409,48cde2799e656f43d857136c2eb07229,2020,20201228,集客无线AP_QCA_MIPS
2020/20201228/集客无线AP_QCA_MIPS/JIKEAP_ARIMA2210_QCA934X_EPORT_6.3_2020122800.bin.rar,JIKEAP_ARIMA2210_QCA934X_EPORT_6.3_2020122800.bin.rar,6173637,c5227b6c24e53a7f3bcbfc43092b2db8,2020,20201228,集客无线AP_QCA_MIPS
2020/20201228/集客无线AP_QCA_MIPS/JIKEAP_K2TS_QCA956X_1000M_QCA9886_FREE_6.3_2020122800.bin.rar,JIKEAP_K2TS_QCA956X_1000M_QCA9886_FREE_6.3_2020122800.bin.rar,6746780,2ff81e457de083f1fc97ff6787301681,2020,20201228,集客无线AP_QCA_MIPS
2020/20201228/集客无线AP_QCA_MIPS/JIKEAP_K2T_QCA956X_1000M_QCA9886_EPORT_FREE_6.3_2020122800.bin.rar,JIKEAP_K2T_QCA956X_1000M_QCA9886_EPORT_FREE_6.3_2020122800.bin.rar,6747137,2f3e9324a8b38cf66db8027a93278e57,2020,20201228,集客无线AP_QCA_MIPS
2020/20201228/集客无线AP_QCA_MIPS/JIKEAP_MI100_QCA934X_100M_FREE_6.3_2020122800.bin.rar,JIKEAP_MI100_QCA934X_100M_FREE_6.3_2020122800.bin.rar,6173437,8cf7e3fc90fe22eb473161aea6852ff6,2020,20201228,集客无线AP_QCA_MIPS
2020/20201228/集客无线AP_QCA_MIPS/JIKEAP_WPJ563_QCA956X_1000M_QCA9880_6.3_2020122800.bin.rar,JIKEAP_WPJ563_QCA956X_1000M_QCA9880_6.3_2020122800.bin.rar,7708353,6ce487edfae82ef912499cc6b08429b7,2020,20201228,集客无线AP_QCA_MIPS
2020/20201228/集客无线AP_QCA_MIPS/release_notes.txt,release_notes.txt,3685,e818cddba6f5034a41dd09fa96094820,2020,20201228,集客无线AP_QCA_MIPS
2020/20210114/集客无线AP_MTK/JIKEAP_AP210G_MT7620_EPORT_6.1_2021011400.bin.rar,JIKEAP_AP210G_MT7620_EPORT_6.1_2021011400.bin.rar,4426760,46160fcb94206ecb26706d9e4ee4ec1d,2020,20210114,集客无线AP_MTK
2020/20210114/集客无线AP_MTK/JIKEAP_AP230EP_MT7620_withPA_LLELL_EPORT_FREE_6.1_2021011400.bin.rar,JIKEAP_AP230EP_MT7620_withPA_LLELL_EPORT_FREE_6.1_2021011400.bin.rar,6452487,9654f323cf6e13349aecaa7f8c6f4014,2020,20210114,集客无线AP_MTK
2020/20210114/集客无线AP_MTK/JIKEAP_AP230IP_MT7620_noPA_LLELL_EPORT_FREE_6.1_2021011400.bin.rar,JIKEAP_AP230IP_MT7620_noPA_LLELL_EPORT_FREE_6.1_2021011400.bin.rar,6450989,0bbed91050fdfbfa7ad46d7e673044d7,2020,20210114,集客无线AP_MTK
2020/20210114/集客无线AP_MTK/JIKEAP_AP238AN_MT7628_LLELL_EPORT_FREE_6.1_2021011400.bin.rar,JIKEAP_AP238AN_MT7628_LLELL_EPORT_FREE_6.1_2021011400.bin.rar,6533652,0a32c066594f77a35d5cf490f426b486,2020,20210114,集客无线AP_MTK
2020/20210114/集客无线AP_MTK/JIKEAP_AP242P_MT7621_LLLLL_64M_EPORT_FREE_6.1_2021011400.bin.rar,JIKEAP_AP242P_MT7621_LLLLL_64M_EPORT_FREE_6.1_2021011400.bin.rar,6499438,5d3a15c54b9fe6a50fe38ac028700bcd,2020,20210114,集客无线AP_MTK
2020/20210114/集客无线AP_MTK/JIKEAP_AP245P_MT7621_MT7615DN_LLELL_EPORT_FREE_6.1_2021011400.bin.rar,JIKEAP_AP245P_MT7621_MT7615DN_LLELL_EPORT_FREE_6.1_2021011400.bin.rar,5386785,01521de66b6aee28f256604c8ce9004f,2020,20210114,集客无线AP_MTK
2020/20210114/集客无线AP_MTK/JIKEAP_AP246HI_MT7621_1000_FREE_6.1_2021011400.bin.rar,JIKEAP_AP246HI_MT7621_1000_FREE_6.1_2021011400.bin.rar,6523141,96e5b808daa8d0e3fd8833c9fe9ca8e3,2020,20210114,集客无线AP_MTK
2020/20210114/集客无线AP_MTK/JIKEAP_AP246ND_MT7621_MT7603_MT7615N_FREE_6.1_2021011400.bin.rar,JIKEAP_AP246ND_MT7621_MT7603_MT7615N_FREE_6.1_2021011400.bin.rar,5885696,c36d0350fd10fccd0be28bcafabbeaa3,2020,20210114,集客无线AP_MTK
2020/20210114/集客无线AP_MTK/JIKEAP_AP246P_MT7621_MT7603_MT7615N_FREE_6.1_2021011400.bin.rar,JIKEAP_AP246P_MT7621_MT7603_MT7615N_FREE_6.1_2021011400.bin.rar,7575314,1560a7e3735ae2359131054507972699,2020,20210114,集客无线AP_MTK
2020/20210114/集客无线AP_MTK/JIKEAP_AP24_MT7621_LLELL_EPORT_FREE_6.1_2021011400.bin.rar,JIKEAP_AP24_MT7621_LLELL_EPORT_FREE_6.1_2021011400.bin.rar,6499345,a65eec779ea9851d9328f30efd8ab980,2020,20210114,集客无线AP_MTK
2020/20210114/集客无线AP_MTK/JIKEAP_AP601_MT7620_LEEEE_EPORT_FREE_6.1_2021011400.bin.rar,JIKEAP_AP601_MT7620_LEEEE_EPORT_FREE_6.1_2021011400.bin.rar,4426209,91221dbdf9b7e4b0735d6ccd6d62fadc,2020,20210114,集客无线AP_MTK
2020/20210114/集客无线AP_MTK/JIKEAP_AP602_MT7620_32M_LEEEE_EPORT_FREE_6.1_2021011400.bin.rar,JIKEAP_AP602_MT7620_32M_LEEEE_EPORT_FREE_6.1_2021011400.bin.rar,3178374,52dd0564c0714fc23cd266cb17b6f9f4,2020,20210114,集客无线AP_MTK
2020/20210114/集客无线AP_MTK/JIKEAP_AX1800B_MT7621_6.1_2021011400.bin.rar,JIKEAP_AX1800B_MT7621_6.1_2021011400.bin.rar,7131877,c319d1fd8781e383ac849b869e8abb1e,2020,20210114,集客无线AP_MTK
2020/20210114/集客无线AP_MTK/JIKEAP_AX1800H_MT7621_MT7915DN_WIFI6_NAND_6.1_2021011400.bin.rar,JIKEAP_AX1800H_MT7621_MT7915DN_WIFI6_NAND_6.1_2021011400.bin.rar,7131874,cca660e438f27bf0a29ff73260dff672,2020,20210114,集客无线AP_MTK
2020/20210114/集客无线AP_MTK/JIKEAP_AX1800S_MT7621_MT7915DN_WIFI6_6.1_2021011400.bin.rar,JIKEAP_AX1800S_MT7621_MT7915DN_WIFI6_6.1_2021011400.bin.rar,7131901,2f770330fb33b4c4b12938e42628eeaa,2020,20210114,集客无线AP_MTK
2020/20210114/集客无线AP_MTK/JIKEAP_AX2020_MT7621_EPORT_6.1_2021011400.bin.rar,JIKEAP_AX2020_MT7621_EPORT_6.1_2021011400.bin.rar,7131896,a9fd24d5c3b2b97165b7ad2906f20fe6,2020,20210114,集客无线AP_MTK
2020/20210114/集客无线AP_MTK/release_notes.txt,release_notes.txt,3857,099bbb8fab3e0602eeb5536103d3ffd7,2020,20210114,集客无线AP_MTK
2020/20210303/集客无线AP_MTK/JIKEAP_AP210G_MT7620_EPORT_6.4_2021030300.bin.rar,JIKEAP_AP210G_MT7620_EPORT_6.4_2021030300.bin.rar,4989266,9fc687226c1217fe53b6891b26bb395c,2020,20210303,集客无线AP_MTK
2020/20210303/集客无线AP_MTK/JIKEAP_AP213G_MT7620_EPORT_6.4_2021030300.bin.rar,JIKEAP_AP213G_MT7620_EPORT_6.4_2021030300.bin.rar,6693819,8adee168552b8e796d1cf844bd0c8e21,2020,20210303,集客无线AP_MTK
2020/20210303/集客无线AP_MTK/JIKEAP_AP230EP_MT7620_withPA_LLELL_EPORT_FREE_6.4_2021030300.bin.rar,JIKEAP_AP230EP_MT7620_withPA_LLELL_EPORT_FREE_6.4_2021030300.bin.rar,7011042,5430590082ae4a466bbbdf62a2913074,2020,20210303,集客无线AP_MTK
2020/20210303/集客无线AP_MTK/JIKEAP_AP230G_MT7620_RTL_EPORT_FREE_6.4_2021030300.bin.rar,JIKEAP_AP230G_MT7620_RTL_EPORT_FREE_6.4_2021030300.bin.rar,7010289,ac0ff005e8facac9e1a5127c8ff411a6,2020,20210303,集客无线AP_MTK
2020/20210303/集客无线AP_MTK/JIKEAP_AP230IP_MT7620_noPA_LLELL_EPORT_FREE_6.4_2021030300.bin.rar,JIKEAP_AP230IP_MT7620_noPA_LLELL_EPORT_FREE_6.4_2021030300.bin.rar,7009485,9c0cfd15ca6f9ffceed4205971b29f5b,2020,20210303,集客无线AP_MTK
2020/20210303/集客无线AP_MTK/JIKEAP_AP238AN_MT7628_LLELL_EPORT_FREE_6.4_2021030300.bin.rar,JIKEAP_AP238AN_MT7628_LLELL_EPORT_FREE_6.4_2021030300.bin.rar,7093667,62e386794eadabf2f22bfe34b81e7c70,2020,20210303,集客无线AP_MTK
2020/20210303/集客无线AP_MTK/JIKEAP_AP238WN_MT7628_LLELL_EPORT_6.4_2021030300.bin.rar,JIKEAP_AP238WN_MT7628_LLELL_EPORT_6.4_2021030300.bin.rar,6423366,1adc00cee0016f325d0e9d9a66d995d0,2020,20210303,集客无线AP_MTK
2020/20210303/集客无线AP_MTK/JIKEAP_AP240P_MT7621_SWITCH_LLLLL_FREE_6.4_2021030300.bin.rar,JIKEAP_AP240P_MT7621_SWITCH_LLLLL_FREE_6.4_2021030300.bin.rar,4508834,9cc28bc1d76c36824ce3b0dfafa087a1,2020,20210303,集客无线AP_MTK
2020/20210303/集客无线AP_MTK/JIKEAP_AP242P_MT7621_LLLLL_64M_EPORT_FREE_6.4_2021030300.bin.rar,JIKEAP_AP242P_MT7621_LLLLL_64M_EPORT_FREE_6.4_2021030300.bin.rar,7063116,9b8e8670f1e9c5d2e3b9f5052cdba976,2020,20210303,集客无线AP_MTK
2020/20210303/集客无线AP_MTK/JIKEAP_AP245P_MT7621_MT7615DN_LLELL_EPORT_FREE_6.4_2021030300.bin.rar,JIKEAP_AP245P_MT7621_MT7615DN_LLELL_EPORT_FREE_6.4_2021030300.bin.rar,5954410,1bfdb65c91b0fd1fb65626be0f0b18f0,2020,20210303,集客无线AP_MTK
2020/20210303/集客无线AP_MTK/JIKEAP_AP246HI_MT7621_1000_FREE_6.4_2021030300.bin.rar,JIKEAP_AP246HI_MT7621_1000_FREE_6.4_2021030300.bin.rar,7086681,5f408dd8942ae25ed8443e1189d9b8d4,2020,20210303,集客无线AP_MTK
2020/20210303/集客无线AP_MTK/JIKEAP_AP246ND_MT7621_MT7603_MT7615N_FREE_6.4_2021030300.bin.rar,JIKEAP_AP246ND_MT7621_MT7603_MT7615N_FREE_6.4_2021030300.bin.rar,6452895,d1466c01df669859741ceb32973dc037,2020,20210303,集客无线AP_MTK
2020/20210303/集客无线AP_MTK/JIKEAP_AP246P_MT7621_MT7603_MT7615N_FREE_6.4_2021030300.bin.rar,JIKEAP_AP246P_MT7621_MT7603_MT7615N_FREE_6.4_2021030300.bin.rar,8138306,e2674b71033047fe21e67d362c544fef,2020,20210303,集客无线AP_MTK
2020/20210303/集客无线AP_MTK/JIKEAP_AP24_MT7621_LLELL_EPORT_FREE_6.4_2021030300.bin.rar,JIKEAP_AP24_MT7621_LLELL_EPORT_FREE_6.4_2021030300.bin.rar,7063152,49cb1beaa084e2b32da7c283a6900c56,2020,20210303,集客无线AP_MTK
2020/20210303/集客无线AP_MTK/JIKEAP_AP601_MT7620_LEEEE_EPORT_FREE_6.4_2021030300.bin.rar,JIKEAP_AP601_MT7620_LEEEE_EPORT_FREE_6.4_2021030300.bin.rar,4981061,558692409b9d6460052ca1ac3ab44216,2020,20210303,集客无线AP_MTK
2020/20210303/集客无线AP_MTK/JIKEAP_AP602_MT7620_32M_LEEEE_EPORT_FREE_6.4_2021030300.bin.rar,JIKEAP_AP602_MT7620_32M_LEEEE_EPORT_FREE_6.4_2021030300.bin.rar,3347116,8419c9f335c4af4b363adb43f89fa0d9,2020,20210303,集客无线AP_MTK
2020/20210303/集客无线AP_MTK/JIKEAP_AX1800B_MT7621_6.4_2021030300.bin.rar,JIKEAP_AX1800B_MT7621_6.4_2021030300.bin.rar,7484429,acb2a1c7391822d41a22bfb405664a4d,2020,20210303,集客无线AP_MTK
2020/20210303/集客无线AP_MTK/JIKEAP_AX1800H_MT7621_MT7915DN_WIFI6_NAND_6.4_2021030300.bin.rar,JIKEAP_AX1800H_MT7621_MT7915DN_WIFI6_NAND_6.4_2021030300.bin.rar,7484412,7f3bc6e5d1e62a4d36c20656921807cf,2020,20210303,集客无线AP_MTK
2020/20210303/集客无线AP_MTK/JIKEAP_AX1800S_MT7621_MT7915DN_WIFI6_6.4_2021030300.bin.rar,JIKEAP_AX1800S_MT7621_MT7915DN_WIFI6_6.4_2021030300.bin.rar,7484499,4a05af486d28d45071a58888ff9a8dba,2020,20210303,集客无线AP_MTK
2020/20210303/集客无线AP_MTK/JIKEAP_AX2020_MT7621_EPORT_6.4_2021030300.bin.rar,JIKEAP_AX2020_MT7621_EPORT_6.4_2021030300.bin.rar,7484455,ead3c19e1ae3148aaf6a20bfba25d8ab,2020,20210303,集客无线AP_MTK
2020/20210303/集客无线AP_MTK/release_notes.txt,release_notes.txt,3978,f3babd6a4c949a3a62524944bf007417,2020,20210303,集客无线AP_MTK
2020/20210303/集客无线AP_QCA_IPQ/JIKEAP_AC58U_IPQ40XX_1000M_IPQ4018_FREE_6.4_2021030300.bin.rar,JIKEAP_AC58U_IPQ40XX_1000M_IPQ4018_FREE_6.4_2021030300.bin.rar,10726671,8d2881db3423eec29ea7605a5ead5aac,2020,20210303,集客无线AP_QCA_IPQ
2020/20210303/集客无线AP_QCA_IPQ/JIKEAP_AC58U_IPQ40XX_6.4_2021030300_opboot.bin.rar,JIKEAP_AC58U_IPQ40XX_6.4_2021030300_opboot.bin.rar,10726924,66ecb2b4a6f11143fca32627108266d3,2020,20210303,集客无线AP_QCA_IPQ
2020/20210303/集客无线AP_QCA_IPQ/JIKEAP_ACRH17_IPQ40XX_1000M_QCA9984_HT160_FREE_6.4_2021030300.bin.rar,JIKEAP_ACRH17_IPQ40XX_1000M_QCA9984_HT160_FREE_6.4_2021030300.bin.rar,12724185,803faccef9189e3b8f28862cf727d8ee,2020,20210303,集客无线AP_QCA_IPQ
2020/20210303/集客无线AP_QCA_IPQ/JIKEAP_ACRH17_IPQ40XX_6.4_2021030300_opboot.bin.rar,JIKEAP_ACRH17_IPQ40XX_6.4_2021030300_opboot.bin.rar,12723776,1adbf61596ca713098300c1f02b67b8d,2020,20210303,集客无线AP_QCA_IPQ
2020/20210303/集客无线AP_QCA_IPQ/JIKEAP_AP118L_IPQ40XX_1000M_EPORT_6.4_2021030300.bin.rar,JIKEAP_AP118L_IPQ40XX_1000M_EPORT_6.4_2021030300.bin.rar,13437819,9e8fdaa0d40fb04e3c8c13dccb093e1b,2020,20210303,集客无线AP_QCA_IPQ
2020/20210303/集客无线AP_QCA_IPQ/JIKEAP_AP269X-HG_IPQ40XX_1000M_6.4_2021030300.bin.rar,JIKEAP_AP269X-HG_IPQ40XX_1000M_6.4_2021030300.bin.rar,13437980,f68fb940666c7676efecf87bd9e08eed,2020,20210303,集客无线AP_QCA_IPQ
2020/20210303/集客无线AP_QCA_IPQ/JIKEAP_AP285F-H_IPQ40XX_1000M_6.4_2021030300.bin.rar,JIKEAP_AP285F-H_IPQ40XX_1000M_6.4_2021030300.bin.rar,13438282,40921f5f19be331c061c96d74a6357ce,2020,20210303,集客无线AP_QCA_IPQ
2020/20210303/集客无线AP_QCA_IPQ/JIKEAP_AP320F-H_IPQ40XX_1000M_3RADIO_6.4_2021030300.bin.rar,JIKEAP_AP320F-H_IPQ40XX_1000M_3RADIO_6.4_2021030300.bin.rar,13411134,4a7d631d0425bcf876cf358132057079,2020,20210303,集客无线AP_QCA_IPQ
2020/20210303/集客无线AP_QCA_IPQ/JIKEAP_AP320Y-H_IPQ40XX_1000M_3RADIO_6.4_2021030300.bin.rar,JIKEAP_AP320Y-H_IPQ40XX_1000M_3RADIO_6.4_2021030300.bin.rar,13438800,be863042d87db5100029287b7e728fa8,2020,20210303,集客无线AP_QCA_IPQ
2020/20210303/集客无线AP_QCA_IPQ/JIKEAP_AP330F-H_IPQ40XX_1000M_3RADIO_HT160_6.4_2021030300.bin.rar,JIKEAP_AP330F-H_IPQ40XX_1000M_3RADIO_HT160_6.4_2021030300.bin.rar,13411268,89f7795d8b3d75f1cd04c4eaf004f5c0,2020,20210303,集客无线AP_QCA_IPQ
2020/20210303/集客无线AP_QCA_IPQ/JIKEAP_AP386X_IPQ40XX_1000M_3RADIO_6.4_2021030300.bin.rar,JIKEAP_AP386X_IPQ40XX_1000M_3RADIO_6.4_2021030300.bin.rar,13438560,4741b1fffc47660492350da7b71236a1,2020,20210303,集客无线AP_QCA_IPQ
2020/20210303/集客无线AP_QCA_IPQ/JIKEAP_AX1800F_IPQ60XX_1000M_WIFI6_6.4_2021030300.bin.rar,JIKEAP_AX1800F_IPQ60XX_1000M_WIFI6_6.4_2021030300.bin.rar,13215575,be61cba272bf3ba1061e41004a31e0d8,2020,20210303,集客无线AP_QCA_IPQ
2020/20210303/集客无线AP_QCA_IPQ/JIKEAP_AX1800MI_IPQ60XX_1000M_WIFI6_FREE_6.4_2021030300.bin.rar,JIKEAP_AX1800MI_IPQ60XX_1000M_WIFI6_FREE_6.4_2021030300.bin.rar,12463944,3f066e9f0e79eb747e5ccd7fb7f658c2,2020,20210303,集客无线AP_QCA_IPQ
2020/20210303/集客无线AP_QCA_IPQ/JIKEAP_AX1800Y_IPQ60XX_6.4_2021030300.bin.rar,JIKEAP_AX1800Y_IPQ60XX_6.4_2021030300.bin.rar,13342113,bcdd0fb45865e097647bfb20f653dde2,2020,20210303,集客无线AP_QCA_IPQ
2020/20210303/集客无线AP_QCA_IPQ/JIKEAP_AX2180_IPQ60XX_1000M_WIFI6_6.4_2021030300.bin.rar,JIKEAP_AX2180_IPQ60XX_1000M_WIFI6_6.4_2021030300.bin.rar,13329589,9be3f42a992c2196202ad6892a1c3b5d,2020,20210303,集客无线AP_QCA_IPQ
2020/20210303/集客无线AP_QCA_IPQ/JIKEAP_AX5RM_IPQ60XX_1000M_WIFI6_FREE_6.4_2021030300.bin.rar,JIKEAP_AX5RM_IPQ60XX_1000M_WIFI6_FREE_6.4_2021030300.bin.rar,12463849,e8423185e8df1831b83aab3174add412,2020,20210303,集客无线AP_QCA_IPQ
2020/20210303/集客无线AP_QCA_IPQ/JIKEAP_AX8180X_IPQ60XX_6.4_2021030300.bin.rar,JIKEAP_AX8180X_IPQ60XX_6.4_2021030300.bin.rar,13210067,66dadbf9b7839f47a87c485dfa7aadb9,2020,20210303,集客无线AP_QCA_IPQ
2020/20210303/集客无线AP_QCA_IPQ/JIKEAP_AX8180Y_IPQ60XX_6.4_2021030300.bin.rar,JIKEAP_AX8180Y_IPQ60XX_6.4_2021030300.bin.rar,13347449,f0ecfd58c86d5b6a4cd959e204321b7c,2020,20210303,集客无线AP_QCA_IPQ
2020/20210303/集客无线AP_QCA_IPQ/JIKEAP_AXR3100_IPQ40XX_1000M_QCA9984_HT160_FREE_6.4_2021030300.bin.rar,JIKEAP_AXR3100_IPQ40XX_1000M_QCA9984_HT160_FREE_6.4_2021030300.bin.rar,13373109,ccf5fad42ac3fa07e19ae9ce0e721f53,2020,20210303,集客无线AP_QCA_IPQ
2020/20210303/集客无线AP_QCA_IPQ/JIKEAP_CM520_IPQ40XX_1000M_NAND_FREE_6.4_2021030300.bin.rar,JIKEAP_CM520_IPQ40XX_1000M_NAND_FREE_6.4_2021030300.bin.rar,12742830,ac8b6c2af9b9f5daab2b501e31364481,2020,20210303,集客无线AP_QCA_IPQ
2020/20210303/集客无线AP_QCA_IPQ/JIKEAP_HM1800_IPQ60XX_1000M_WIFI6_6.4_2021030300.bin.rar,JIKEAP_HM1800_IPQ60XX_1000M_WIFI6_6.4_2021030300.bin.rar,13323161,a424d07a082cb1dfc923234a202a8301,2020,20210303,集客无线AP_QCA_IPQ
2020/20210303/集客无线AP_QCA_IPQ/release_notes.txt,release_notes.txt,3806,589090ce12a0149329703d9c1a747290,2020,20210303,集客无线AP_QCA_IPQ
2020/20210303/集客无线AP_QCA_IPQ/ubi-JIKEAP_AX1800MI.img.rar,ubi-JIKEAP_AX1800MI.img.rar,12460700,4ed16e95e6d787070ad940c23bce4739,2020,20210303,集客无线AP_QCA_IPQ
2020/20210303/集客无线AP_QCA_IPQ/ubi-JIKEAP_AX5RM.img.rar,ubi-JIKEAP_AX5RM.img.rar,12460577,2e0c5f40a0979160af7dd7d448e668f3,2020,20210303,集客无线AP_QCA_IPQ
2020/20210303/集客无线AP_QCA_IPQ/ubi-JIKEAP_CM520.img.rar,ubi-JIKEAP_CM520.img.rar,12742082,4367a1eaed1004aa6b3d7b425ce6ff99,2020,20210303,集客无线AP_QCA_IPQ
2020/20210303/集客无线AP_QCA_MIPS/JIKEAP_AP0141_QCA934X_1000M_FREE_6.4_2021030300.bin.rar,JIKEAP_AP0141_QCA934X_1000M_FREE_6.4_2021030300.bin.rar,6954239,b347465762aef83ae0ac2b976a19462f,2020,20210303,集客无线AP_QCA_MIPS
2020/20210303/集客无线AP_QCA_MIPS/JIKEAP_AP110T_QCA933X_100M_EPORT_FREE_6.4_2021030300.bin.rar,JIKEAP_AP110T_QCA933X_100M_EPORT_FREE_6.4_2021030300.bin.rar,6553927,65985572dd4be913ee4e9678eebcccbe,2020,20210303,集客无线AP_QCA_MIPS
2020/20210303/集客无线AP_QCA_MIPS/JIKEAP_AP112F_QCA953X_100M_16M_EPORT_6.4_2021030300.bin.rar,JIKEAP_AP112F_QCA953X_100M_16M_EPORT_6.4_2021030300.bin.rar,6563198,8f84f0c59d6974b319284cf789a062bc,2020,20210303,集客无线AP_QCA_MIPS
2020/20210303/集客无线AP_QCA_MIPS/JIKEAP_AP112Fv2_QCA953X_100M_8M_EPORT_6.4_2021030300.bin.rar,JIKEAP_AP112Fv2_QCA953X_100M_8M_EPORT_6.4_2021030300.bin.rar,6561635,854142cd0c0b61f4435a5f9fc92ef3f2,2020,20210303,集客无线AP_QCA_MIPS
2020/20210303/集客无线AP_QCA_MIPS/JIKEAP_AP112J_QCA953X_100M_EPORT_6.4_2021030300.bin.rar,JIKEAP_AP112J_QCA953X_100M_EPORT_6.4_2021030300.bin.rar,6563307,d20fd315ee0d1642e97842e92d9b6ee7,2020,20210303,集客无线AP_QCA_MIPS
2020/20210303/集客无线AP_QCA_MIPS/JIKEAP_AP112Q_QCA934X_100M_EPORT_FREE_6.4_2021030300.bin.rar,JIKEAP_AP112Q_QCA934X_100M_EPORT_FREE_6.4_2021030300.bin.rar,6561991,bfb67c6a193040dd50a46b5a6f8aa9e7,2020,20210303,集客无线AP_QCA_MIPS
2020/20210303/集客无线AP_QCA_MIPS/JIKEAP_AP112T_QCA953X_100M_EPORT_6.4_2021030300.bin.rar,JIKEAP_AP112T_QCA953X_100M_EPORT_6.4_2021030300.bin.rar,6561528,f5241125c12c4b493c0d49dec59d9901,2020,20210303,集客无线AP_QCA_MIPS
2020/20210303/集客无线AP_QCA_MIPS/JIKEAP_AP112Y_QCA953X_100M_EPORT_6.4_2021030300.bin.rar,JIKEAP_AP112Y_QCA953X_100M_EPORT_6.4_2021030300.bin.rar,6563179,3970437e42eee08454b89f1da6581e0d,2020,20210303,集客无线AP_QCA_MIPS
2020/20210303/集客无线AP_QCA_MIPS/JIKEAP_AP116F_QCA953X_100M_QCA9887_EPORT_6.4_2021030300.bin.rar,JIKEAP_AP116F_QCA953X_100M_QCA9887_EPORT_6.4_2021030300.bin.rar,6921327,193ddb8db0df9d3bcf6b50813cdb93d3,2020,20210303,集客无线AP_QCA_MIPS
2020/20210303/集客无线AP_QCA_MIPS/JIKEAP_AP116Q_QCA953X_100M_QCA9887_EPORT_6.4_2021030300.bin.rar,JIKEAP_AP116Q_QCA953X_100M_QCA9887_EPORT_6.4_2021030300.bin.rar,6921330,586dbe1713a90029d315ba7c4b50ed71,2020,20210303,集客无线AP_QCA_MIPS
2020/20210303/集客无线AP_QCA_MIPS/JIKEAP_AP117D_QCA955X_1000M_QCA9880_EPORT_6.4_2021030300.bin.rar,JIKEAP_AP117D_QCA955X_1000M_QCA9880_EPORT_6.4_2021030300.bin.rar,7740027,607af1b0f63166a561182c12110e7819,2020,20210303,集客无线AP_QCA_MIPS
2020/20210303/集客无线AP_QCA_MIPS/JIKEAP_AP117Q_QCA956X_1000M_QCA9882_EPORT_6.4_2021030300.bin.rar,JIKEAP_AP117Q_QCA956X_1000M_QCA9882_EPORT_6.4_2021030300.bin.rar,7739874,f9fe63d8519dfd9768acc11acf777c70,2020,20210303,集客无线AP_QCA_MIPS
2020/20210303/集客无线AP_QCA_MIPS/JIKEAP_AP120_QCA934X_1000M_FREE_6.4_2021030300.bin.rar,JIKEAP_AP120_QCA934X_1000M_FREE_6.4_2021030300.bin.rar,6955294,c7f9449458e342eb73e734fe254e1da5,2020,20210303,集客无线AP_QCA_MIPS
2020/20210303/集客无线AP_QCA_MIPS/JIKEAP_AP126F_QCA953X_100M_8M_6.4_2021030300.bin.rar,JIKEAP_AP126F_QCA953X_100M_8M_6.4_2021030300.bin.rar,6561635,207b7e65f2fbffe2733793ff28f6da09,2020,20210303,集客无线AP_QCA_MIPS
2020/20210303/集客无线AP_QCA_MIPS/JIKEAP_AP130F-H_QCA953X_100M_6.4_2021030300.bin.rar,JIKEAP_AP130F-H_QCA953X_100M_6.4_2021030300.bin.rar,6563099,54020355a5aadf012f5c8b3018587ae5,2020,20210303,集客无线AP_QCA_MIPS
2020/20210303/集客无线AP_QCA_MIPS/JIKEAP_AP130T_QCA934X_100M_AR9341_FREE_6.4_2021030300.bin.rar,JIKEAP_AP130T_QCA934X_100M_AR9341_FREE_6.4_2021030300.bin.rar,6553929,c67efce584eb1f52eb077518340231ce,2020,20210303,集客无线AP_QCA_MIPS
2020/20210303/集客无线AP_QCA_MIPS/JIKEAP_AP135T-H_QCA953X_100M_AR9341_6.4_2021030300.bin.rar,JIKEAP_AP135T-H_QCA953X_100M_AR9341_6.4_2021030300.bin.rar,6561637,d96822f90022b3ad8ac1c60c2596830c,2020,20210303,集客无线AP_QCA_MIPS
2020/20210303/集客无线AP_QCA_MIPS/JIKEAP_AP136Y-H_QCA953X_100M_6.4_2021030300.bin.rar,JIKEAP_AP136Y-H_QCA953X_100M_6.4_2021030300.bin.rar,6563157,c443100d0abf4be8d445d97beb374b33,2020,20210303,集客无线AP_QCA_MIPS
2020/20210303/集客无线AP_QCA_MIPS/JIKEAP_AP147_QCA953X_100M_QCA9887_FREE_6.4_2021030300.bin.rar,JIKEAP_AP147_QCA953X_100M_QCA9887_FREE_6.4_2021030300.bin.rar,7700454,37f4dad530f82b9b14a5db30555fd702,2020,20210303,集客无线AP_QCA_MIPS
2020/20210303/集客无线AP_QCA_MIPS/JIKEAP_AP153Y-H_QCA953X_6.4_2021030300.bin.rar,JIKEAP_AP153Y-H_QCA953X_6.4_2021030300.bin.rar,6563093,3382c6032b7ffbcc0160438aae17901a,2020,20210303,集客无线AP_QCA_MIPS
2020/20210303/集客无线AP_QCA_MIPS/JIKEAP_AP185W_QCA934X_6.4_2021030300.bin.rar,JIKEAP_AP185W_QCA934X_6.4_2021030300.bin.rar,6561539,b5f14a1c1fd6c0c1509a438dcbab8b9e,2020,20210303,集客无线AP_QCA_MIPS
2020/20210303/集客无线AP_QCA_MIPS/JIKEAP_AP220G_QCA956X_1000M_QCA9886_EPORT_6.4_2021030300.bin.rar,JIKEAP_AP220G_QCA956X_1000M_QCA9886_EPORT_6.4_2021030300.bin.rar,7826717,20822b154e68b63b46b9f00bc58bcb01,2020,20210303,集客无线AP_QCA_MIPS
2020/20210303/集客无线AP_QCA_MIPS/JIKEAP_AP223G_QCA956X_1000M_QCA9886_EPORT_6.4_2021030300.bin.rar,JIKEAP_AP223G_QCA956X_1000M_QCA9886_EPORT_6.4_2021030300.bin.rar,7803949,26ffc89ba2b7f4e66d2f2b17500fd9bf,2020,20210303,集客无线AP_QCA_MIPS
2020/20210303/集客无线AP_QCA_MIPS/JIKEAP_AP260F-H_QCA953X_100M_QCA9887_6.4_2021030300.bin.rar,JIKEAP_AP260F-H_QCA953X_100M_QCA9887_6.4_2021030300.bin.rar,6921242,2568bfba6ff61d2db339ec35cea2a10f,2020,20210303,集客无线AP_QCA_MIPS
2020/20210303/集客无线AP_QCA_MIPS/JIKEAP_AP260T-H_QCA953X_100M_AR9X82_6.4_2021030300.bin.rar,JIKEAP_AP260T-H_QCA953X_100M_AR9X82_6.4_2021030300.bin.rar,6563118,872c8ba0f04489600ea749340baa80d8,2020,20210303,集客无线AP_QCA_MIPS
2020/20210303/集客无线AP_QCA_MIPS/JIKEAP_AP261Y-H_QCA953X_100M_QCA9887_6.4_2021030300.bin.rar,JIKEAP_AP261Y-H_QCA953X_100M_QCA9887_6.4_2021030300.bin.rar,6921244,ad44cf59cabd3e101baaf9745b38d3ee,2020,20210303,集客无线AP_QCA_MIPS
2020/20210303/集客无线AP_QCA_MIPS/JIKEAP_AP262Y-H_QCA956X_1000M_QCA9882_6.4_2021030300.bin.rar,JIKEAP_AP262Y-H_QCA956X_1000M_QCA9882_6.4_2021030300.bin.rar,7739304,35edffcdaa2e55c9eda42886ecf75b41,2020,20210303,集客无线AP_QCA_MIPS
2020/20210303/集客无线AP_QCA_MIPS/JIKEAP_AP263YS_QCA956X_1000M_QCA9880_6.4_2021030300.bin.rar,JIKEAP_AP263YS_QCA956X_1000M_QCA9880_6.4_2021030300.bin.rar,8091683,3f7263b2a46687b4dfd0cd5d295cdfe7,2020,20210303,集客无线AP_QCA_MIPS
2020/20210303/集客无线AP_QCA_MIPS/JIKEAP_AP266G-H_QCA955X_1000M_QCA9880_6.4_2021030300.bin.rar,JIKEAP_AP266G-H_QCA955X_1000M_QCA9880_6.4_2021030300.bin.rar,7738257,05064b94a2d812b52e87269bf4b8bacc,2020,20210303,集客无线AP_QCA_MIPS
2020/20210303/集客无线AP_QCA_MIPS/JIKEAP_AP267F-H_QCA956X_1000M_QCA9886_6.4_2021030300.bin.rar,JIKEAP_AP267F-H_QCA956X_1000M_QCA9886_6.4_2021030300.bin.rar,7826214,8401aa991939d1248570800613f97f7a,2020,20210303,集客无线AP_QCA_MIPS
2020/20210303/集客无线AP_QCA_MIPS/JIKEAP_AP267F-Hv2_QCA956X_1000M_QCA9886_6.4_2021030300.bin.rar,JIKEAP_AP267F-Hv2_QCA956X_1000M_QCA9886_6.4_2021030300.bin.rar,7826297,8a6653d614e896a383029b4f9060464c,2020,20210303,集客无线AP_QCA_MIPS
2020/20210303/集客无线AP_QCA_MIPS/JIKEAP_AP280F-H_QCA953X_100M_QCA9887_6.4_2021030300.bin.rar,JIKEAP_AP280F-H_QCA953X_100M_QCA9887_6.4_2021030300.bin.rar,6921225,fc0f96b82cf700c02b44ed01519f60ce,2020,20210303,集客无线AP_QCA_MIPS
2020/20210303/集客无线AP_QCA_MIPS/JIKEAP_AP281Y-H_QCA956X_6.4_2021030300.bin.rar,JIKEAP_AP281Y-H_QCA956X_6.4_2021030300.bin.rar,7826765,c213ced91cdb8c4fa15835367f5b8043,2020,20210303,集客无线AP_QCA_MIPS
2020/20210303/集客无线AP_QCA_MIPS/JIKEAP_AP282T-H_QCA956X_1000M_QCA9882_6.4_2021030300.bin.rar,JIKEAP_AP282T-H_QCA956X_1000M_QCA9882_6.4_2021030300.bin.rar,7739606,b744f8d1798e7dbaa2db8489e6120c11,2020,20210303,集客无线AP_QCA_MIPS
2020/20210303/集客无线AP_QCA_MIPS/JIKEAP_AP284Y-H_QCA956X_6.4_2021030300.bin.rar,JIKEAP_AP284Y-H_QCA956X_6.4_2021030300.bin.rar,7826670,2f140fce913a87f672bb26d626c7567c,2020,20210303,集客无线AP_QCA_MIPS
2020/20210303/集客无线AP_QCA_MIPS/JIKEAP_AP3513NA_QCA934X_6.4_2021030300.bin.rar,JIKEAP_AP3513NA_QCA934X_6.4_2021030300.bin.rar,6561666,2f289f860815f7447683fb35043d4f1e,2020,20210303,集客无线AP_QCA_MIPS
2020/20210303/集客无线AP_QCA_MIPS/JIKEAP_AP49_QCA953X_6.4_2021030300.bin.rar,JIKEAP_AP49_QCA953X_6.4_2021030300.bin.rar,6941441,31b01d83637b37ac2c426d9b6a1c7480,2020,20210303,集客无线AP_QCA_MIPS
2020/20210303/集客无线AP_QCA_MIPS/JIKEAP_AP630_QCA953X_100M_EPORT_6.4_2021030300.bin.rar,JIKEAP_AP630_QCA953X_100M_EPORT_6.4_2021030300.bin.rar,6563178,075002871900ac54856c34ac9ac8ed8b,2020,20210303,集客无线AP_QCA_MIPS
2020/20210303/集客无线AP_QCA_MIPS/JIKEAP_AP630v2_QCA953X_100M_EPORT_6.4_2021030300.bin.rar,JIKEAP_AP630v2_QCA953X_100M_EPORT_6.4_2021030300.bin.rar,6561587,524d533b9c65cb799c89de697021d770,2020,20210303,集客无线AP_QCA_MIPS
2020/20210303/集客无线AP_QCA_MIPS/JIKEAP_AP675_QCA953X_100M_EPORT_6.4_2021030300.bin.rar,JIKEAP_AP675_QCA953X_100M_EPORT_6.4_2021030300.bin.rar,6921332,4f9344067c960bc48b58344d2e2a543b,2020,20210303,集客无线AP_QCA_MIPS
2020/20210303/集客无线AP_QCA_MIPS/JIKEAP_AP830H_QCA953X_100M_6.4_2021030300.bin.rar,JIKEAP_AP830H_QCA953X_100M_6.4_2021030300.bin.rar,6563135,93ad8760bcee24fc12224e2b8e801ab1,2020,20210303,集客无线AP_QCA_MIPS
2020/20210303/集客无线AP_QCA_MIPS/JIKEAP_AP875H_QCA953X_100M_QCA9887_6.4_2021030300.bin.rar,JIKEAP_AP875H_QCA953X_100M_QCA9887_6.4_2021030300.bin.rar,6921350,87a8d8120fa97aca0974184fc53ee835,2020,20210303,集客无线AP_QCA_MIPS
2020/20210303/集客无线AP_QCA_MIPS/JIKEAP_AP9344_35P0_QCA934X_1000M_FREE_6.4_2021030300.bin.rar,JIKEAP_AP9344_35P0_QCA934X_1000M_FREE_6.4_2021030300.bin.rar,6563026,35d5fe56f530ba6ed8d6816f4277471f,2020,20210303,集客无线AP_QCA_MIPS
2020/20210303/集客无线AP_QCA_MIPS/JIKEAP_AP9344_35P4_QCA934X_1000M_FREE_6.4_2021030300.bin.rar,JIKEAP_AP9344_35P4_QCA934X_1000M_FREE_6.4_2021030300.bin.rar,6563051,39772a9701ec5c5021d5eb8a98326963,2020,20210303,集客无线AP_QCA_MIPS
2020/20210303/集客无线AP_QCA_MIPS/JIKEAP_AP9344_8327_QCA934X_1000M_FREE_6.4_2021030300.bin.rar,JIKEAP_AP9344_8327_QCA934X_1000M_FREE_6.4_2021030300.bin.rar,6947143,8041788959f4df071355d3803a6d5a1d,2020,20210303,集客无线AP_QCA_MIPS
2020/20210303/集客无线AP_QCA_MIPS/JIKEAP_AP9344_M100_QCA934X_100M_FREE_6.4_2021030300.bin.rar,JIKEAP_AP9344_M100_QCA934X_100M_FREE_6.4_2021030300.bin.rar,6563014,433791b560b9a8cab6343f21d325ac9c,2020,20210303,集客无线AP_QCA_MIPS
2020/20210303/集客无线AP_QCA_MIPS/JIKEAP_AP9344_RTL_QCA934X_1000M_FREE_6.4_2021030300.bin.rar,JIKEAP_AP9344_RTL_QCA934X_1000M_FREE_6.4_2021030300.bin.rar,6563103,3785290aac59c0743b01d97d750d6323,2020,20210303,集客无线AP_QCA_MIPS
2020/20210303/集客无线AP_QCA_MIPS/JIKEAP_AP941_QCA953X_100M_FREE_6.4_2021030300.bin.rar,JIKEAP_AP941_QCA953X_100M_FREE_6.4_2021030300.bin.rar,6553913,70e69564a8b49bea46ee61c9148737a4,2020,20210303,集客无线AP_QCA_MIPS
2020/20210303/集客无线AP_QCA_MIPS/JIKEAP_AP9558_QCA955X_1000M_QCA9880_FREE_6.4_2021030300.bin.rar,JIKEAP_AP9558_QCA955X_1000M_QCA9880_FREE_6.4_2021030300.bin.rar,7739559,8a09367eda898106cabb613a3a1b3501,2020,20210303,集客无线AP_QCA_MIPS
2020/20210303/集客无线AP_QCA_MIPS/JIKEAP_ARIMA2210_QCA934X_EPORT_6.4_2021030300.bin.rar,JIKEAP_ARIMA2210_QCA934X_EPORT_6.4_2021030300.bin.rar,6561584,ef3364e09ae1e0f39a989bd27997f054,2020,20210303,集客无线AP_QCA_MIPS
2020/20210303/集客无线AP_QCA_MIPS/JIKEAP_K2TS_QCA956X_1000M_QCA9886_FREE_6.4_2021030300.bin.rar,JIKEAP_K2TS_QCA956X_1000M_QCA9886_FREE_6.4_2021030300.bin.rar,7131179,67bbdc7d87cc8c29564c2055522973d9,2020,20210303,集客无线AP_QCA_MIPS
2020/20210303/集客无线AP_QCA_MIPS/JIKEAP_K2T_QCA956X_1000M_QCA9886_EPORT_FREE_6.4_2021030300.bin.rar,JIKEAP_K2T_QCA956X_1000M_QCA9886_EPORT_FREE_6.4_2021030300.bin.rar,7131472,e3b64eea9f322054e5752ba24d44cee6,2020,20210303,集客无线AP_QCA_MIPS
2020/20210303/集客无线AP_QCA_MIPS/JIKEAP_MI100_QCA934X_100M_FREE_6.4_2021030300.bin.rar,JIKEAP_MI100_QCA934X_100M_FREE_6.4_2021030300.bin.rar,6561520,433b584424400704e6a53386fe2f23b1,2020,20210303,集客无线AP_QCA_MIPS
2020/20210303/集客无线AP_QCA_MIPS/JIKEAP_WPJ563_QCA956X_1000M_QCA9880_6.4_2021030300.bin.rar,JIKEAP_WPJ563_QCA956X_1000M_QCA9880_6.4_2021030300.bin.rar,8091865,b2f5fe9fa8bb2f6ec9aa7459f4237dec,2020,20210303,集客无线AP_QCA_MIPS
2020/20210303/集客无线AP_QCA_MIPS/release_notes.txt,release_notes.txt,3806,589090ce12a0149329703d9c1a747290,2020,20210303,集客无线AP_QCA_MIPS
2020/20210304/集客无线AP_QCA_IPQ/JIKEAP_AX1800MI_IPQ60XX_1000M_WIFI6_FREE_6.4_2021030400.bin (1).rar,JIKEAP_AX1800MI_IPQ60XX_1000M_WIFI6_FREE_6.4_2021030400.bin (1).rar,12438844,2e054d3270a51b54ef82356bca91dc2b,2020,20210304,集客无线AP_QCA_IPQ
2020/20210304/集客无线AP_QCA_IPQ/JIKEAP_AX5RM_IPQ60XX_1000M_WIFI6_FREE_6.4_2021030400.bin (1).rar,JIKEAP_AX5RM_IPQ60XX_1000M_WIFI6_FREE_6.4_2021030400.bin (1).rar,12438757,6b6be0b7d19046822a2f9fb171162ab4,2020,20210304,集客无线AP_QCA_IPQ
2020/20210304/集客无线AP_QCA_IPQ/ubi-JIKEAP_AX1800MI.img.rar,ubi-JIKEAP_AX1800MI.img.rar,12438053,366134ffed231dbbd6c7c0b186a7bc64,2020,20210304,集客无线AP_QCA_IPQ
2020/20210304/集客无线AP_QCA_IPQ/ubi-JIKEAP_AX5RM.img.rar,ubi-JIKEAP_AX5RM.img.rar,12437921,102c669117d615bfb1e117e0b0a4e064,2020,20210304,集客无线AP_QCA_IPQ
2020/20210307/集客无线AP_MTK/JIKEAP_AP210G_MT7620_EPORT_6.4_2021030701.bin.rar,JIKEAP_AP210G_MT7620_EPORT_6.4_2021030701.bin.rar,4925586,300c398c0fca2507565c6b5d22cc2fb3,2020,20210307,集客无线AP_MTK
2020/20210307/集客无线AP_MTK/JIKEAP_AP213G_MT7620_EPORT_6.4_2021030701.bin.rar,JIKEAP_AP213G_MT7620_EPORT_6.4_2021030701.bin.rar,6629163,95ddaaefbd46b3cad00b612ab215b7b9,2020,20210307,集客无线AP_MTK
2020/20210307/集客无线AP_MTK/JIKEAP_AP230EP_MT7620_withPA_LLELL_EPORT_FREE_6.4_2021030701.bin.rar,JIKEAP_AP230EP_MT7620_withPA_LLELL_EPORT_FREE_6.4_2021030701.bin.rar,6946856,7b93c0643cddb36fadc02829c145e734,2020,20210307,集客无线AP_MTK
2020/20210307/集客无线AP_MTK/JIKEAP_AP230G_MT7620_RTL_EPORT_FREE_6.4_2021030701.bin.rar,JIKEAP_AP230G_MT7620_RTL_EPORT_FREE_6.4_2021030701.bin.rar,6945642,1b682e0d64f3ec31ad26ec8826b145c6,2020,20210307,集客无线AP_MTK
2020/20210307/集客无线AP_MTK/JIKEAP_AP230IP_MT7620_noPA_LLELL_EPORT_FREE_6.4_2021030701.bin.rar,JIKEAP_AP230IP_MT7620_noPA_LLELL_EPORT_FREE_6.4_2021030701.bin.rar,6945227,7f34473b01811bef541afc54a2f463b5,2020,20210307,集客无线AP_MTK
2020/20210307/集客无线AP_MTK/JIKEAP_AP238AN_MT7628_LLELL_EPORT_FREE_6.4_2021030701.bin.rar,JIKEAP_AP238AN_MT7628_LLELL_EPORT_FREE_6.4_2021030701.bin.rar,7029177,8b0d78e75240898e12567580b9a78df8,2020,20210307,集客无线AP_MTK
2020/20210307/集客无线AP_MTK/JIKEAP_AP238WN_MT7628_LLELL_EPORT_6.4_2021030701.bin.rar,JIKEAP_AP238WN_MT7628_LLELL_EPORT_6.4_2021030701.bin.rar,6358934,0e13f331d15a86d4556567f1a4669b04,2020,20210307,集客无线AP_MTK
2020/20210307/集客无线AP_MTK/JIKEAP_AP240P_MT7621_SWITCH_LLLLL_FREE_6.4_2021030701.bin.rar,JIKEAP_AP240P_MT7621_SWITCH_LLLLL_FREE_6.4_2021030701.bin.rar,4445925,024baea0dda05a299b792abd5694137d,2020,20210307,集客无线AP_MTK
2020/20210307/集客无线AP_MTK/JIKEAP_AP242P_MT7621_LLLLL_64M_EPORT_FREE_6.4_2021030701.bin.rar,JIKEAP_AP242P_MT7621_LLLLL_64M_EPORT_FREE_6.4_2021030701.bin.rar,6999951,08eefd3584e9cf654b8cf8ef2bbba256,2020,20210307,集客无线AP_MTK
2020/20210307/集客无线AP_MTK/JIKEAP_AP245P_MT7621_MT7615DN_LLELL_EPORT_FREE_6.4_2021030701.bin.rar,JIKEAP_AP245P_MT7621_MT7615DN_LLELL_EPORT_FREE_6.4_2021030701.bin.rar,5891807,337492c1f013886f858f87e24b24e32e,2020,20210307,集客无线AP_MTK
2020/20210307/集客无线AP_MTK/JIKEAP_AP246HI_MT7621_1000_FREE_6.4_2021030701.bin.rar,JIKEAP_AP246HI_MT7621_1000_FREE_6.4_2021030701.bin.rar,7023817,a2aa7d9fcd30ed9b83e067778ef267cb,2020,20210307,集客无线AP_MTK
2020/20210307/集客无线AP_MTK/JIKEAP_AP246ND_MT7621_MT7603_MT7615N_FREE_6.4_2021030701.bin.rar,JIKEAP_AP246ND_MT7621_MT7603_MT7615N_FREE_6.4_2021030701.bin.rar,6388435,305b48d0cf5355daa5070e462495dd7c,2020,20210307,集客无线AP_MTK
2020/20210307/集客无线AP_MTK/JIKEAP_AP246P_MT7621_MT7603_MT7615N_FREE_6.4_2021030701.bin.rar,JIKEAP_AP246P_MT7621_MT7603_MT7615N_FREE_6.4_2021030701.bin.rar,8075352,3ae51c23cbe6bdc93e245d75e4ff2ebf,2020,20210307,集客无线AP_MTK
2020/20210307/集客无线AP_MTK/JIKEAP_AP24_MT7621_LLELL_EPORT_FREE_6.4_2021030701.bin.rar,JIKEAP_AP24_MT7621_LLELL_EPORT_FREE_6.4_2021030701.bin.rar,7000045,20f9f4fd4f8b4ccd80e24e6b1baf8995,2020,20210307,集客无线AP_MTK
2020/20210307/集客无线AP_MTK/JIKEAP_AP601_MT7620_LEEEE_EPORT_FREE_6.4_2021030701.bin.rar,JIKEAP_AP601_MT7620_LEEEE_EPORT_FREE_6.4_2021030701.bin.rar,4924994,9021408cf6ca239be4fc22ddc0fd48a3,2020,20210307,集客无线AP_MTK
2020/20210307/集客无线AP_MTK/JIKEAP_AP602_MT7620_32M_LEEEE_EPORT_FREE_6.4_2021030701.bin.rar,JIKEAP_AP602_MT7620_32M_LEEEE_EPORT_FREE_6.4_2021030701.bin.rar,3330226,e460ef27f6dfebf9ebff673a277330a1,2020,20210307,集客无线AP_MTK
2020/20210307/集客无线AP_MTK/JIKEAP_AX1800B_MT7621_6.4_2021030701.bin.rar,JIKEAP_AX1800B_MT7621_6.4_2021030701.bin.rar,7424384,04b604c48d8cfca0e68963b0e39c2db8,2020,20210307,集客无线AP_MTK
2020/20210307/集客无线AP_MTK/JIKEAP_AX1800H_MT7621_MT7915DN_WIFI6_NAND_6.4_2021030701.bin.rar,JIKEAP_AX1800H_MT7621_MT7915DN_WIFI6_NAND_6.4_2021030701.bin.rar,7424391,70db80ebd2c39042f07aaba52b63f416,2020,20210307,集客无线AP_MTK
2020/20210307/集客无线AP_MTK/JIKEAP_AX1800S_MT7621_MT7915DN_WIFI6_6.4_2021030701.bin.rar,JIKEAP_AX1800S_MT7621_MT7915DN_WIFI6_6.4_2021030701.bin.rar,7424443,90c004d34bd59a7522c24a99649258d6,2020,20210307,集客无线AP_MTK
2020/20210307/集客无线AP_MTK/JIKEAP_AX2020_MT7621_EPORT_6.4_2021030701.bin.rar,JIKEAP_AX2020_MT7621_EPORT_6.4_2021030701.bin.rar,7424335,a9b916fa8b3144e5c012c1e69855de0f,2020,20210307,集客无线AP_MTK
2020/20210307/集客无线AP_MTK/release_notes.txt,release_notes.txt,4142,c4854538b0b5a578d8ad5c41e16b7b75,2020,20210307,集客无线AP_MTK
2020/20210307/集客无线AP_QCA_IPQ/JIKEAP_AC58U_IPQ40XX_1000M_IPQ4018_FREE_6.4_2021030700.bin.rar,JIKEAP_AC58U_IPQ40XX_1000M_IPQ4018_FREE_6.4_2021030700.bin.rar,10661612,2a480a27f9eb181da3150ec519a8b9f1,2020,20210307,集客无线AP_QCA_IPQ
2020/20210307/集客无线AP_QCA_IPQ/JIKEAP_AC58U_IPQ40XX_6.4_2021030700_opboot.bin.rar,JIKEAP_AC58U_IPQ40XX_6.4_2021030700_opboot.bin.rar,10661794,8356851f2f92c58673e92a4b9ecb61b5,2020,20210307,集客无线AP_QCA_IPQ
2020/20210307/集客无线AP_QCA_IPQ/JIKEAP_ACRH17_IPQ40XX_1000M_QCA9984_HT160_FREE_6.4_2021030700.bin.rar,JIKEAP_ACRH17_IPQ40XX_1000M_QCA9984_HT160_FREE_6.4_2021030700.bin.rar,12656291,035cc68ae2b3f16401f8f4513b8e2bf3,2020,20210307,集客无线AP_QCA_IPQ
2020/20210307/集客无线AP_QCA_IPQ/JIKEAP_ACRH17_IPQ40XX_6.4_2021030700_opboot.bin.rar,JIKEAP_ACRH17_IPQ40XX_6.4_2021030700_opboot.bin.rar,12655859,b0fcb070e894232fe1e15dea64e7c84e,2020,20210307,集客无线AP_QCA_IPQ
2020/20210307/集客无线AP_QCA_IPQ/JIKEAP_AP118L_IPQ40XX_1000M_EPORT_6.4_2021030700.bin.rar,JIKEAP_AP118L_IPQ40XX_1000M_EPORT_6.4_2021030700.bin.rar,13374061,fdeff1bf7bb2caf5939b3ab827194510,2020,20210307,集客无线AP_QCA_IPQ
2020/20210307/集客无线AP_QCA_IPQ/JIKEAP_AP269X-HG_IPQ40XX_1000M_6.4_2021030700.bin.rar,JIKEAP_AP269X-HG_IPQ40XX_1000M_6.4_2021030700.bin.rar,13374105,1ba565858bf1d75a0d8169b66470ba13,2020,20210307,集客无线AP_QCA_IPQ
2020/20210307/集客无线AP_QCA_IPQ/JIKEAP_AP285F-H_IPQ40XX_1000M_6.4_2021030700.bin.rar,JIKEAP_AP285F-H_IPQ40XX_1000M_6.4_2021030700.bin.rar,13374450,1332b0e242260a70db165e75dc1e5036,2020,20210307,集客无线AP_QCA_IPQ
2020/20210307/集客无线AP_QCA_IPQ/JIKEAP_AP320F-H_IPQ40XX_1000M_3RADIO_6.4_2021030700.bin.rar,JIKEAP_AP320F-H_IPQ40XX_1000M_3RADIO_6.4_2021030700.bin.rar,13342279,75fb5c747eee39c6882ae9be7f9db607,2020,20210307,集客无线AP_QCA_IPQ
2020/20210307/集客无线AP_QCA_IPQ/JIKEAP_AP320Y-H_IPQ40XX_1000M_3RADIO_6.4_2021030700.bin.rar,JIKEAP_AP320Y-H_IPQ40XX_1000M_3RADIO_6.4_2021030700.bin.rar,13374949,1a071fa95d9b0c636cb674b931787d56,2020,20210307,集客无线AP_QCA_IPQ
2020/20210307/集客无线AP_QCA_IPQ/JIKEAP_AP330F-H_IPQ40XX_1000M_3RADIO_HT160_6.4_2021030700.bin.rar,JIKEAP_AP330F-H_IPQ40XX_1000M_3RADIO_HT160_6.4_2021030700.bin.rar,13342262,e74d44ac0002755cdf4f88506ddf506b,2020,20210307,集客无线AP_QCA_IPQ
2020/20210307/集客无线AP_QCA_IPQ/JIKEAP_AP386X_IPQ40XX_1000M_3RADIO_6.4_2021030700.bin.rar,JIKEAP_AP386X_IPQ40XX_1000M_3RADIO_6.4_2021030700.bin.rar,13374423,63ed77caf74720234c2271820518d5c3,2020,20210307,集客无线AP_QCA_IPQ
2020/20210307/集客无线AP_QCA_IPQ/JIKEAP_AX1800F_IPQ60XX_1000M_WIFI6_6.4_2021030700.bin.rar,JIKEAP_AX1800F_IPQ60XX_1000M_WIFI6_6.4_2021030700.bin.rar,13156526,3966c5c62d90c13251b1580b6239034b,2020,20210307,集客无线AP_QCA_IPQ
2020/20210307/集客无线AP_QCA_IPQ/JIKEAP_AX1800MI_IPQ60XX_1000M_WIFI6_FREE_6.4_2021030700.bin.rar,JIKEAP_AX1800MI_IPQ60XX_1000M_WIFI6_FREE_6.4_2021030700.bin.rar,12404064,34f28e533d94c93b2188c406e959387d,2020,20210307,集客无线AP_QCA_IPQ
2020/20210307/集客无线AP_QCA_IPQ/JIKEAP_AX1800Y_IPQ60XX_6.4_2021030700.bin.rar,JIKEAP_AX1800Y_IPQ60XX_6.4_2021030700.bin.rar,13282754,39c9f9768081154a483c1d005bb5e1bd,2020,20210307,集客无线AP_QCA_IPQ
2020/20210307/集客无线AP_QCA_IPQ/JIKEAP_AX2180_IPQ60XX_1000M_WIFI6_6.4_2021030700.bin.rar,JIKEAP_AX2180_IPQ60XX_1000M_WIFI6_6.4_2021030700.bin.rar,13266865,96490018509b2c039a461e5e7360107c,2020,20210307,集客无线AP_QCA_IPQ
2020/20210307/集客无线AP_QCA_IPQ/JIKEAP_AX5RM_IPQ60XX_1000M_WIFI6_FREE_6.4_2021030700.bin.rar,JIKEAP_AX5RM_IPQ60XX_1000M_WIFI6_FREE_6.4_2021030700.bin.rar,12404353,9f08fdf586f78572b3ac00ab091096a6,2020,20210307,集客无线AP_QCA_IPQ
2020/20210307/集客无线AP_QCA_IPQ/JIKEAP_AX8180X_IPQ60XX_6.4_2021030700.bin.rar,JIKEAP_AX8180X_IPQ60XX_6.4_2021030700.bin.rar,13151069,2690a3e5a848b71cd385f64d639c3bdf,2020,20210307,集客无线AP_QCA_IPQ
2020/20210307/集客无线AP_QCA_IPQ/JIKEAP_AX8180Y_IPQ60XX_6.4_2021030700.bin.rar,JIKEAP_AX8180Y_IPQ60XX_6.4_2021030700.bin.rar,13288383,52e728f14f659735c5131de2552cf5a4,2020,20210307,集客无线AP_QCA_IPQ
2020/20210307/集客无线AP_QCA_IPQ/JIKEAP_AXR3100_IPQ40XX_1000M_QCA9984_HT160_FREE_6.4_2021030700.bin.rar,JIKEAP_AXR3100_IPQ40XX_1000M_QCA9984_HT160_FREE_6.4_2021030700.bin.rar,13306483,3bdc57af863fcde48dc11e9aa00e8fea,2020,20210307,集客无线AP_QCA_IPQ
2020/20210307/集客无线AP_QCA_IPQ/JIKEAP_CM520_IPQ40XX_1000M_NAND_FREE_6.4_2021030700.bin.rar,JIKEAP_CM520_IPQ40XX_1000M_NAND_FREE_6.4_2021030700.bin.rar,12676264,1cad0759810c5dc70b1320cf0fe56680,2020,20210307,集客无线AP_QCA_IPQ
2020/20210307/集客无线AP_QCA_IPQ/JIKEAP_HM1800_IPQ60XX_1000M_WIFI6_6.4_2021030700.bin.rar,JIKEAP_HM1800_IPQ60XX_1000M_WIFI6_6.4_2021030700.bin.rar,13263381,a15f09da8b3bc2031951eb3ad3541607,2020,20210307,集客无线AP_QCA_IPQ
2020/20210307/集客无线AP_QCA_IPQ/release_notes.txt,release_notes.txt,3858,2a9f6448fe5fc1f9c688d0ea626e0830,2020,20210307,集客无线AP_QCA_IPQ
2020/20210307/集客无线AP_QCA_IPQ/ubi-JIKEAP_AX1800MI.img.rar,ubi-JIKEAP_AX1800MI.img.rar,12403358,568c5e027e7d50c7e02cb3afe411412e,2020,20210307,集客无线AP_QCA_IPQ
2020/20210307/集客无线AP_QCA_IPQ/ubi-JIKEAP_AX5RM.img.rar,ubi-JIKEAP_AX5RM.img.rar,12403187,d7f88b363e628028f81ca9fecef4407e,2020,20210307,集客无线AP_QCA_IPQ
2020/20210307/集客无线AP_QCA_IPQ/ubi-JIKEAP_CM520.img.rar,ubi-JIKEAP_CM520.img.rar,12675571,41579dfe654aadd11f07b9fab053690e,2020,20210307,集客无线AP_QCA_IPQ
2020/20210307/集客无线AP_QCA_MIPS/JIKEAP_AP0141_QCA934X_1000M_FREE_6.4_2021030700.bin.rar,JIKEAP_AP0141_QCA934X_1000M_FREE_6.4_2021030700.bin.rar,6943976,4a29de32ebafba2e2101044ea0ec2a52,2020,20210307,集客无线AP_QCA_MIPS
2020/20210307/集客无线AP_QCA_MIPS/JIKEAP_AP110T_QCA933X_100M_EPORT_FREE_6.4_2021030700.bin.rar,JIKEAP_AP110T_QCA933X_100M_EPORT_FREE_6.4_2021030700.bin.rar,6550941,db965d129cf40ac6e01e18aedab7a094,2020,20210307,集客无线AP_QCA_MIPS
2020/20210307/集客无线AP_QCA_MIPS/JIKEAP_AP112F_QCA953X_100M_16M_EPORT_6.4_2021030700.bin.rar,JIKEAP_AP112F_QCA953X_100M_16M_EPORT_6.4_2021030700.bin.rar,6552792,ee1fb8d67adaee07114cc7982064751e,2020,20210307,集客无线AP_QCA_MIPS
2020/20210307/集客无线AP_QCA_MIPS/JIKEAP_AP112Fv2_QCA953X_100M_8M_EPORT_6.4_2021030700.bin.rar,JIKEAP_AP112Fv2_QCA953X_100M_8M_EPORT_6.4_2021030700.bin.rar,6551499,9aa3a2252e0bc0abddabf7da072c66e7,2020,20210307,集客无线AP_QCA_MIPS
2020/20210307/集客无线AP_QCA_MIPS/JIKEAP_AP112J_QCA953X_100M_EPORT_6.4_2021030700.bin.rar,JIKEAP_AP112J_QCA953X_100M_EPORT_6.4_2021030700.bin.rar,6552832,712ddf660a38fe6f044ee7f084fbc19c,2020,20210307,集客无线AP_QCA_MIPS
2020/20210307/集客无线AP_QCA_MIPS/JIKEAP_AP112Q_QCA934X_100M_EPORT_FREE_6.4_2021030700.bin.rar,JIKEAP_AP112Q_QCA934X_100M_EPORT_FREE_6.4_2021030700.bin.rar,6551880,2a1d5981d9c96c2cd238bda5ee8cba10,2020,20210307,集客无线AP_QCA_MIPS
2020/20210307/集客无线AP_QCA_MIPS/JIKEAP_AP112T_QCA953X_100M_EPORT_6.4_2021030700.bin.rar,JIKEAP_AP112T_QCA953X_100M_EPORT_6.4_2021030700.bin.rar,6551451,78d007908ced552910fd8fd87966bfcb,2020,20210307,集客无线AP_QCA_MIPS
2020/20210307/集客无线AP_QCA_MIPS/JIKEAP_AP112Y_QCA953X_100M_EPORT_6.4_2021030700.bin.rar,JIKEAP_AP112Y_QCA953X_100M_EPORT_6.4_2021030700.bin.rar,6552811,39b1066010daef39de18ba814820da40,2020,20210307,集客无线AP_QCA_MIPS
2020/20210307/集客无线AP_QCA_MIPS/JIKEAP_AP116F_QCA953X_100M_QCA9887_EPORT_6.4_2021030700.bin.rar,JIKEAP_AP116F_QCA953X_100M_QCA9887_EPORT_6.4_2021030700.bin.rar,6910897,083cc6f7e8b748cf9378df1aac7d2d26,2020,20210307,集客无线AP_QCA_MIPS
2020/20210307/集客无线AP_QCA_MIPS/JIKEAP_AP116Q_QCA953X_100M_QCA9887_EPORT_6.4_2021030700.bin.rar,JIKEAP_AP116Q_QCA953X_100M_QCA9887_EPORT_6.4_2021030700.bin.rar,6911047,f5d60890f2a1e4d4bc6c7fbaf7963115,2020,20210307,集客无线AP_QCA_MIPS
2020/20210307/集客无线AP_QCA_MIPS/JIKEAP_AP117D_QCA955X_1000M_QCA9880_EPORT_6.4_2021030700.bin.rar,JIKEAP_AP117D_QCA955X_1000M_QCA9880_EPORT_6.4_2021030700.bin.rar,7729720,af0ecf93eb50b161f5c766c831c6e8b2,2020,20210307,集客无线AP_QCA_MIPS
2020/20210307/集客无线AP_QCA_MIPS/JIKEAP_AP117Q_QCA956X_1000M_QCA9882_EPORT_6.4_2021030700.bin.rar,JIKEAP_AP117Q_QCA956X_1000M_QCA9882_EPORT_6.4_2021030700.bin.rar,7729710,b10b7198b4aee7dfcba38ff166dc759c,2020,20210307,集客无线AP_QCA_MIPS
2020/20210307/集客无线AP_QCA_MIPS/JIKEAP_AP120_QCA934X_1000M_FREE_6.4_2021030700.bin.rar,JIKEAP_AP120_QCA934X_1000M_FREE_6.4_2021030700.bin.rar,6944924,d6bd9467d3493eae383c55c8839f9cef,2020,20210307,集客无线AP_QCA_MIPS
2020/20210307/集客无线AP_QCA_MIPS/JIKEAP_AP126F_QCA953X_100M_8M_6.4_2021030700.bin.rar,JIKEAP_AP126F_QCA953X_100M_8M_6.4_2021030700.bin.rar,6551513,1a22caabe360a069ccadddd46dd952a1,2020,20210307,集客无线AP_QCA_MIPS
2020/20210307/集客无线AP_QCA_MIPS/JIKEAP_AP130F-H_QCA953X_100M_6.4_2021030700.bin.rar,JIKEAP_AP130F-H_QCA953X_100M_6.4_2021030700.bin.rar,6552682,2b1a1529022534dd601b5a28efd87bcf,2020,20210307,集客无线AP_QCA_MIPS
2020/20210307/集客无线AP_QCA_MIPS/JIKEAP_AP130T_QCA934X_100M_AR9341_FREE_6.4_2021030700.bin.rar,JIKEAP_AP130T_QCA934X_100M_AR9341_FREE_6.4_2021030700.bin.rar,6551041,654617b049dc317b254f93d9d6942848,2020,20210307,集客无线AP_QCA_MIPS
2020/20210307/集客无线AP_QCA_MIPS/JIKEAP_AP135T-H_QCA953X_100M_AR9341_6.4_2021030700.bin.rar,JIKEAP_AP135T-H_QCA953X_100M_AR9341_6.4_2021030700.bin.rar,6551287,523887da52642f1a01d5c8c58e5fa232,2020,20210307,集客无线AP_QCA_MIPS
2020/20210307/集客无线AP_QCA_MIPS/JIKEAP_AP136Y-H_QCA953X_100M_6.4_2021030700.bin.rar,JIKEAP_AP136Y-H_QCA953X_100M_6.4_2021030700.bin.rar,6552669,48ea75e64bf88ac155fa2028cbb51fd0,2020,20210307,集客无线AP_QCA_MIPS
2020/20210307/集客无线AP_QCA_MIPS/JIKEAP_AP147_QCA953X_100M_QCA9887_FREE_6.4_2021030700.bin.rar,JIKEAP_AP147_QCA953X_100M_QCA9887_FREE_6.4_2021030700.bin.rar,7690020,d33100ca70d8c4e2929b498783af6867,2020,20210307,集客无线AP_QCA_MIPS
2020/20210307/集客无线AP_QCA_MIPS/JIKEAP_AP153Y-H_QCA953X_6.4_2021030700.bin.rar,JIKEAP_AP153Y-H_QCA953X_6.4_2021030700.bin.rar,6552703,0b87a88161ebe849dc8e2dbfaceab135,2020,20210307,集客无线AP_QCA_MIPS
2020/20210307/集客无线AP_QCA_MIPS/JIKEAP_AP185W_QCA934X_6.4_2021030700.bin.rar,JIKEAP_AP185W_QCA934X_6.4_2021030700.bin.rar,6551432,02b43facfb38af608cc9908274ee4c8b,2020,20210307,集客无线AP_QCA_MIPS
2020/20210307/集客无线AP_QCA_MIPS/JIKEAP_AP220G_QCA956X_1000M_QCA9886_EPORT_6.4_2021030700.bin.rar,JIKEAP_AP220G_QCA956X_1000M_QCA9886_EPORT_6.4_2021030700.bin.rar,7816121,13f8b7a8c2589b4fb7275a445bda33de,2020,20210307,集客无线AP_QCA_MIPS
2020/20210307/集客无线AP_QCA_MIPS/JIKEAP_AP223G_QCA956X_1000M_QCA9886_EPORT_6.4_2021030700.bin.rar,JIKEAP_AP223G_QCA956X_1000M_QCA9886_EPORT_6.4_2021030700.bin.rar,7793468,e27b8c8fbd73cdd6f9459812654386b7,2020,20210307,集客无线AP_QCA_MIPS
2020/20210307/集客无线AP_QCA_MIPS/JIKEAP_AP260F-H_QCA953X_100M_QCA9887_6.4_2021030700.bin.rar,JIKEAP_AP260F-H_QCA953X_100M_QCA9887_6.4_2021030700.bin.rar,6910978,49ffd9464795848780822a64a807b0a4,2020,20210307,集客无线AP_QCA_MIPS
2020/20210307/集客无线AP_QCA_MIPS/JIKEAP_AP260T-H_QCA953X_100M_AR9X82_6.4_2021030700.bin.rar,JIKEAP_AP260T-H_QCA953X_100M_AR9X82_6.4_2021030700.bin.rar,6552752,4d8bb4e15246a4fa629588f54476466e,2020,20210307,集客无线AP_QCA_MIPS
2020/20210307/集客无线AP_QCA_MIPS/JIKEAP_AP261Y-H_QCA953X_100M_QCA9887_6.4_2021030700.bin.rar,JIKEAP_AP261Y-H_QCA953X_100M_QCA9887_6.4_2021030700.bin.rar,6910884,15b5fac15dc1ac71642d2f205c689447,2020,20210307,集客无线AP_QCA_MIPS
2020/20210307/集客无线AP_QCA_MIPS/JIKEAP_AP262Y-H_QCA956X_1000M_QCA9882_6.4_2021030700.bin.rar,JIKEAP_AP262Y-H_QCA956X_1000M_QCA9882_6.4_2021030700.bin.rar,7729209,f31da575ee690f39b142f5b1442c3b23,2020,20210307,集客无线AP_QCA_MIPS
2020/20210307/集客无线AP_QCA_MIPS/JIKEAP_AP263YS_QCA956X_1000M_QCA9880_6.4_2021030700.bin.rar,JIKEAP_AP263YS_QCA956X_1000M_QCA9880_6.4_2021030700.bin.rar,8081180,d8e083ce93d08efa9f8d4d1c7f0cc861,2020,20210307,集客无线AP_QCA_MIPS
2020/20210307/集客无线AP_QCA_MIPS/JIKEAP_AP266G-H_QCA955X_1000M_QCA9880_6.4_2021030700.bin.rar,JIKEAP_AP266G-H_QCA955X_1000M_QCA9880_6.4_2021030700.bin.rar,7727706,c0b6f90f3df1fc7d2d85e1e3209bcdef,2020,20210307,集客无线AP_QCA_MIPS
2020/20210307/集客无线AP_QCA_MIPS/JIKEAP_AP267F-H_QCA956X_1000M_QCA9886_6.4_2021030700.bin.rar,JIKEAP_AP267F-H_QCA956X_1000M_QCA9886_6.4_2021030700.bin.rar,7815604,f39bf3a5bf628de2fb1e0c3528fa0c13,2020,20210307,集客无线AP_QCA_MIPS
2020/20210307/集客无线AP_QCA_MIPS/JIKEAP_AP267F-Hv2_QCA956X_1000M_QCA9886_6.4_2021030700.bin.rar,JIKEAP_AP267F-Hv2_QCA956X_1000M_QCA9886_6.4_2021030700.bin.rar,7815644,14b8bd591f7292dcc661a58657ba6782,2020,20210307,集客无线AP_QCA_MIPS
2020/20210307/集客无线AP_QCA_MIPS/JIKEAP_AP280F-H_QCA953X_100M_QCA9887_6.4_2021030700.bin.rar,JIKEAP_AP280F-H_QCA953X_100M_QCA9887_6.4_2021030700.bin.rar,6910958,27fe2288f2065c43ebdfcdf8fc5df90b,2020,20210307,集客无线AP_QCA_MIPS
2020/20210307/集客无线AP_QCA_MIPS/JIKEAP_AP281Y-H_QCA956X_6.4_2021030700.bin.rar,JIKEAP_AP281Y-H_QCA956X_6.4_2021030700.bin.rar,7816208,59d5d68380a6f375b9d6fe548927c3e9,2020,20210307,集客无线AP_QCA_MIPS
2020/20210307/集客无线AP_QCA_MIPS/JIKEAP_AP282T-H_QCA956X_1000M_QCA9882_6.4_2021030700.bin.rar,JIKEAP_AP282T-H_QCA956X_1000M_QCA9882_6.4_2021030700.bin.rar,7729232,b03997de7b83ef49dbb495200f2ca4a5,2020,20210307,集客无线AP_QCA_MIPS
2020/20210307/集客无线AP_QCA_MIPS/JIKEAP_AP283Y-H_QCA956X_6.4_2021030700.bin.rar,JIKEAP_AP283Y-H_QCA956X_6.4_2021030700.bin.rar,7729189,aeb129bd0bc6d9a9c4bf230505efb866,2020,20210307,集客无线AP_QCA_MIPS
2020/20210307/集客无线AP_QCA_MIPS/JIKEAP_AP284Y-H_QCA956X_6.4_2021030700.bin.rar,JIKEAP_AP284Y-H_QCA956X_6.4_2021030700.bin.rar,7815916,92d6725c6a8278fd85fb400b75aa9397,2020,20210307,集客无线AP_QCA_MIPS
2020/20210307/集客无线AP_QCA_MIPS/JIKEAP_AP3513NA_QCA934X_6.4_2021030700.bin.rar,JIKEAP_AP3513NA_QCA934X_6.4_2021030700.bin.rar,6551623,b9491f069ca43ed4584eb4b24b40efc7,2020,20210307,集客无线AP_QCA_MIPS
2020/20210307/集客无线AP_QCA_MIPS/JIKEAP_AP49_QCA953X_6.4_2021030700.bin.rar,JIKEAP_AP49_QCA953X_6.4_2021030700.bin.rar,6930049,65040e4453a7f6e379fc9eb7f0b30e18,2020,20210307,集客无线AP_QCA_MIPS
2020/20210307/集客无线AP_QCA_MIPS/JIKEAP_AP630_QCA953X_100M_EPORT_6.4_2021030700.bin.rar,JIKEAP_AP630_QCA953X_100M_EPORT_6.4_2021030700.bin.rar,6552769,ed997a589ad59a1e307b6ce3305c9d03,2020,20210307,集客无线AP_QCA_MIPS
2020/20210307/集客无线AP_QCA_MIPS/JIKEAP_AP630v2_QCA953X_100M_EPORT_6.4_2021030700.bin.rar,JIKEAP_AP630v2_QCA953X_100M_EPORT_6.4_2021030700.bin.rar,6551464,5a033fb6aa6f5f030ccb34da312d7bfb,2020,20210307,集客无线AP_QCA_MIPS
2020/20210307/集客无线AP_QCA_MIPS/JIKEAP_AP675_QCA953X_100M_EPORT_6.4_2021030700.bin.rar,JIKEAP_AP675_QCA953X_100M_EPORT_6.4_2021030700.bin.rar,6910913,b8a5c7663e5da4f3cdc25484b3cfe4b5,2020,20210307,集客无线AP_QCA_MIPS
2020/20210307/集客无线AP_QCA_MIPS/JIKEAP_AP830H_QCA953X_100M_6.4_2021030700.bin.rar,JIKEAP_AP830H_QCA953X_100M_6.4_2021030700.bin.rar,6552731,0959a52fb19c0110ab4a3e411401a2e5,2020,20210307,集客无线AP_QCA_MIPS
2020/20210307/集客无线AP_QCA_MIPS/JIKEAP_AP875H_QCA953X_100M_QCA9887_6.4_2021030700.bin.rar,JIKEAP_AP875H_QCA953X_100M_QCA9887_6.4_2021030700.bin.rar,6910914,c7ce953963698dc42b5b8955bbe8eea3,2020,20210307,集客无线AP_QCA_MIPS
2020/20210307/集客无线AP_QCA_MIPS/JIKEAP_AP9344_35P0_QCA934X_1000M_FREE_6.4_2021030700.bin.rar,JIKEAP_AP9344_35P0_QCA934X_1000M_FREE_6.4_2021030700.bin.rar,6552764,5a16ea0dd67d3ac8295ebf5e42795935,2020,20210307,集客无线AP_QCA_MIPS
2020/20210307/集客无线AP_QCA_MIPS/JIKEAP_AP9344_35P4_QCA934X_1000M_FREE_6.4_2021030700.bin.rar,JIKEAP_AP9344_35P4_QCA934X_1000M_FREE_6.4_2021030700.bin.rar,6552784,5545c8908b83a2cab3db61341ada7cc7,2020,20210307,集客无线AP_QCA_MIPS
2020/20210307/集客无线AP_QCA_MIPS/JIKEAP_AP9344_8327_QCA934X_1000M_FREE_6.4_2021030700.bin.rar,JIKEAP_AP9344_8327_QCA934X_1000M_FREE_6.4_2021030700.bin.rar,6943866,e6189624e21bb329516913de39d445e3,2020,20210307,集客无线AP_QCA_MIPS
2020/20210307/集客无线AP_QCA_MIPS/JIKEAP_AP9344_M100_QCA934X_100M_FREE_6.4_2021030700.bin.rar,JIKEAP_AP9344_M100_QCA934X_100M_FREE_6.4_2021030700.bin.rar,6552593,43a133407b2773e5e05235a4e3b6f071,2020,20210307,集客无线AP_QCA_MIPS
2020/20210307/集客无线AP_QCA_MIPS/JIKEAP_AP9344_RTL_QCA934X_1000M_FREE_6.4_2021030700.bin.rar,JIKEAP_AP9344_RTL_QCA934X_1000M_FREE_6.4_2021030700.bin.rar,6552629,fb9cd6f1dd6cb2f5563e29aace6de084,2020,20210307,集客无线AP_QCA_MIPS
2020/20210307/集客无线AP_QCA_MIPS/JIKEAP_AP941_QCA953X_100M_FREE_6.4_2021030700.bin.rar,JIKEAP_AP941_QCA953X_100M_FREE_6.4_2021030700.bin.rar,6551214,19070678973c813bd716bbbc9d19b4b7,2020,20210307,集客无线AP_QCA_MIPS
2020/20210307/集客无线AP_QCA_MIPS/JIKEAP_AP9558_QCA955X_1000M_QCA9880_FREE_6.4_2021030700.bin.rar,JIKEAP_AP9558_QCA955X_1000M_QCA9880_FREE_6.4_2021030700.bin.rar,7729390,9407a0642d488d9153afe239d75bb3e1,2020,20210307,集客无线AP_QCA_MIPS
2020/20210307/集客无线AP_QCA_MIPS/JIKEAP_ARIMA2210_QCA934X_EPORT_6.4_2021030700.bin.rar,JIKEAP_ARIMA2210_QCA934X_EPORT_6.4_2021030700.bin.rar,6551379,d64c41622f769f4ba4cc50f8857a940e,2020,20210307,集客无线AP_QCA_MIPS
2020/20210307/集客无线AP_QCA_MIPS/JIKEAP_K2TS_QCA956X_1000M_QCA9886_FREE_6.4_2021030700.bin.rar,JIKEAP_K2TS_QCA956X_1000M_QCA9886_FREE_6.4_2021030700.bin.rar,7120723,446e2beffdbda1d0da131621a4d6778a,2020,20210307,集客无线AP_QCA_MIPS
2020/20210307/集客无线AP_QCA_MIPS/JIKEAP_K2T_QCA956X_1000M_QCA9886_EPORT_FREE_6.4_2021030700.bin.rar,JIKEAP_K2T_QCA956X_1000M_QCA9886_EPORT_FREE_6.4_2021030700.bin.rar,7121163,1879b362b682b364d25a4cb976a094c7,2020,20210307,集客无线AP_QCA_MIPS
2020/20210307/集客无线AP_QCA_MIPS/JIKEAP_MI100_QCA934X_100M_FREE_6.4_2021030700.bin.rar,JIKEAP_MI100_QCA934X_100M_FREE_6.4_2021030700.bin.rar,6551448,8e9ed5a7812f38d8d921c885e4fc7607,2020,20210307,集客无线AP_QCA_MIPS
2020/20210307/集客无线AP_QCA_MIPS/JIKEAP_WPJ563_QCA956X_1000M_QCA9880_6.4_2021030700.bin.rar,JIKEAP_WPJ563_QCA956X_1000M_QCA9880_6.4_2021030700.bin.rar,8081154,253b6a66d37ba1d80aebfc1b5437a364,2020,20210307,集客无线AP_QCA_MIPS
2020/20210307/集客无线AP_QCA_MIPS/release_notes.txt,release_notes.txt,3858,2a9f6448fe5fc1f9c688d0ea626e0830,2020,20210307,集客无线AP_QCA_MIPS
2020/20210308/集客无线AP_MTK/JIKEAP_AP210G_MT7620_EPORT_6.4_2021030800.bin.rar,JIKEAP_AP210G_MT7620_EPORT_6.4_2021030800.bin.rar,4925610,27f20d323a46cd5c14154892c1096907,2020,20210308,集客无线AP_MTK
2020/20210308/集客无线AP_MTK/JIKEAP_AP213G_MT7620_EPORT_6.4_2021030800.bin.rar,JIKEAP_AP213G_MT7620_EPORT_6.4_2021030800.bin.rar,6629026,fff1f610498cd0432435ecbb04722c16,2020,20210308,集客无线AP_MTK
2020/20210308/集客无线AP_MTK/JIKEAP_AP230EP_MT7620_withPA_LLELL_EPORT_FREE_6.4_2021030800.bin.rar,JIKEAP_AP230EP_MT7620_withPA_LLELL_EPORT_FREE_6.4_2021030800.bin.rar,6946660,6b67023aec98692bbf7ef607044b49c9,2020,20210308,集客无线AP_MTK
2020/20210308/集客无线AP_MTK/JIKEAP_AP230G_MT7620_RTL_EPORT_FREE_6.4_2021030800.bin.rar,JIKEAP_AP230G_MT7620_RTL_EPORT_FREE_6.4_2021030800.bin.rar,6945782,5bad39f32d194df2ec7097e657a02017,2020,20210308,集客无线AP_MTK
2020/20210308/集客无线AP_MTK/JIKEAP_AP230IP_MT7620_noPA_LLELL_EPORT_FREE_6.4_2021030800.bin.rar,JIKEAP_AP230IP_MT7620_noPA_LLELL_EPORT_FREE_6.4_2021030800.bin.rar,6945286,88d1dd1484412d10745f5b1e4c543b73,2020,20210308,集客无线AP_MTK
2020/20210308/集客无线AP_MTK/JIKEAP_AP238AN_MT7628_LLELL_EPORT_FREE_6.4_2021030800.bin.rar,JIKEAP_AP238AN_MT7628_LLELL_EPORT_FREE_6.4_2021030800.bin.rar,7029281,264fd4060aad1948d671a5958d149eb9,2020,20210308,集客无线AP_MTK
2020/20210308/集客无线AP_MTK/JIKEAP_AP238WN_MT7628_LLELL_EPORT_6.4_2021030800.bin.rar,JIKEAP_AP238WN_MT7628_LLELL_EPORT_6.4_2021030800.bin.rar,6359123,fb1146adcafe932f7038109c9840f7c9,2020,20210308,集客无线AP_MTK
2020/20210308/集客无线AP_MTK/JIKEAP_AP240P_MT7621_SWITCH_LLLLL_FREE_6.4_2021030800.bin.rar,JIKEAP_AP240P_MT7621_SWITCH_LLLLL_FREE_6.4_2021030800.bin.rar,4445604,a4ac637ec7817837b595822757d89979,2020,20210308,集客无线AP_MTK
2020/20210308/集客无线AP_MTK/JIKEAP_AP242P_MT7621_LLLLL_64M_EPORT_FREE_6.4_2021030800.bin.rar,JIKEAP_AP242P_MT7621_LLLLL_64M_EPORT_FREE_6.4_2021030800.bin.rar,7000176,3a2519cd5ff1773a1dce874e409620bd,2020,20210308,集客无线AP_MTK
2020/20210308/集客无线AP_MTK/JIKEAP_AP245P_MT7621_MT7615DN_LLELL_EPORT_FREE_6.4_2021030800.bin.rar,JIKEAP_AP245P_MT7621_MT7615DN_LLELL_EPORT_FREE_6.4_2021030800.bin.rar,5892156,e4a33e9522a1a8ddc45a65a7835b4a79,2020,20210308,集客无线AP_MTK
2020/20210308/集客无线AP_MTK/JIKEAP_AP246HI_MT7621_1000_FREE_6.4_2021030800.bin.rar,JIKEAP_AP246HI_MT7621_1000_FREE_6.4_2021030800.bin.rar,7023986,8b42c0ce2adec846ef5ed74dface7d8d,2020,20210308,集客无线AP_MTK
2020/20210308/集客无线AP_MTK/JIKEAP_AP246ND_MT7621_MT7603_MT7615N_FREE_6.4_2021030800.bin.rar,JIKEAP_AP246ND_MT7621_MT7603_MT7615N_FREE_6.4_2021030800.bin.rar,6388815,db0e4f892c12ac477cdfc210c80b39cd,2020,20210308,集客无线AP_MTK
2020/20210308/集客无线AP_MTK/JIKEAP_AP246P_MT7621_MT7603_MT7615N_FREE_6.4_2021030800.bin.rar,JIKEAP_AP246P_MT7621_MT7603_MT7615N_FREE_6.4_2021030800.bin.rar,8075377,931ef1b086bd5f69ff9a23547b181599,2020,20210308,集客无线AP_MTK
2020/20210308/集客无线AP_MTK/JIKEAP_AP24_MT7621_LLELL_EPORT_FREE_6.4_2021030800.bin.rar,JIKEAP_AP24_MT7621_LLELL_EPORT_FREE_6.4_2021030800.bin.rar,7000257,fe8d2304001e2d561fc120e24e0a3b44,2020,20210308,集客无线AP_MTK
2020/20210308/集客无线AP_MTK/JIKEAP_AP601_MT7620_LEEEE_EPORT_FREE_6.4_2021030800.bin.rar,JIKEAP_AP601_MT7620_LEEEE_EPORT_FREE_6.4_2021030800.bin.rar,4925254,c0b6317d2747ee7cacb027c39a4ba510,2020,20210308,集客无线AP_MTK
2020/20210308/集客无线AP_MTK/JIKEAP_AP602_MT7620_32M_LEEEE_EPORT_FREE_6.4_2021030800.bin.rar,JIKEAP_AP602_MT7620_32M_LEEEE_EPORT_FREE_6.4_2021030800.bin.rar,3330232,581fa39b8c6f6a1f62476bbbcab686c9,2020,20210308,集客无线AP_MTK
2020/20210308/集客无线AP_MTK/JIKEAP_AX1800B_MT7621_6.4_2021030800.bin.rar,JIKEAP_AX1800B_MT7621_6.4_2021030800.bin.rar,7424360,a69a8e7ff90d5264d0c2c1e6c4e8bbc0,2020,20210308,集客无线AP_MTK
2020/20210308/集客无线AP_MTK/JIKEAP_AX1800H_MT7621_MT7915DN_WIFI6_NAND_6.4_2021030800.bin.rar,JIKEAP_AX1800H_MT7621_MT7915DN_WIFI6_NAND_6.4_2021030800.bin.rar,7424358,3ab6dc8c3bfe1c6d02552cbde20280b6,2020,20210308,集客无线AP_MTK
2020/20210308/集客无线AP_MTK/JIKEAP_AX1800S_MT7621_MT7915DN_WIFI6_6.4_2021030800.bin.rar,JIKEAP_AX1800S_MT7621_MT7915DN_WIFI6_6.4_2021030800.bin.rar,7424397,116670852fa11426a0900bd6450a5eec,2020,20210308,集客无线AP_MTK
2020/20210308/集客无线AP_MTK/JIKEAP_AX2020_MT7621_EPORT_6.4_2021030800.bin.rar,JIKEAP_AX2020_MT7621_EPORT_6.4_2021030800.bin.rar,7424324,efb64605df6475bad8c858fded6d0857,2020,20210308,集客无线AP_MTK
2020/20210308/集客无线AP_MTK/release_notes.txt,release_notes.txt,4168,1aa23b8e67826890bca1e023b5a17fe9,2020,20210308,集客无线AP_MTK
2020/20210308/集客无线AP_QCA_IPQ/JIKEAP_AC58U_IPQ40XX_1000M_IPQ4018_FREE_6.4_2021030800.bin.rar,JIKEAP_AC58U_IPQ40XX_1000M_IPQ4018_FREE_6.4_2021030800.bin.rar,10662080,e0b5bed21bff4a44132bc180e1d27677,2020,20210308,集客无线AP_QCA_IPQ
2020/20210308/集客无线AP_QCA_IPQ/JIKEAP_AC58U_IPQ40XX_6.4_2021030800_opboot.bin.rar,JIKEAP_AC58U_IPQ40XX_6.4_2021030800_opboot.bin.rar,10662274,d1f450b68b9e7bf63b3cf47418292f2f,2020,20210308,集客无线AP_QCA_IPQ
2020/20210308/集客无线AP_QCA_IPQ/JIKEAP_ACRH17_IPQ40XX_1000M_QCA9984_HT160_FREE_6.4_2021030800.bin.rar,JIKEAP_ACRH17_IPQ40XX_1000M_QCA9984_HT160_FREE_6.4_2021030800.bin.rar,12656934,b0dead57f71c44e4683caa09d68fe089,2020,20210308,集客无线AP_QCA_IPQ
2020/20210308/集客无线AP_QCA_IPQ/JIKEAP_ACRH17_IPQ40XX_6.4_2021030800_opboot.bin.rar,JIKEAP_ACRH17_IPQ40XX_6.4_2021030800_opboot.bin.rar,12656474,9269ca4595f9f65a1d466ea1ff9faf1a,2020,20210308,集客无线AP_QCA_IPQ
2020/20210308/集客无线AP_QCA_IPQ/JIKEAP_AP118L_IPQ40XX_1000M_EPORT_6.4_2021030800.bin.rar,JIKEAP_AP118L_IPQ40XX_1000M_EPORT_6.4_2021030800.bin.rar,13374518,d6e25adcc702eacc6c721b0afac8ec80,2020,20210308,集客无线AP_QCA_IPQ
2020/20210308/集客无线AP_QCA_IPQ/JIKEAP_AP269X-HG_IPQ40XX_1000M_6.4_2021030800.bin.rar,JIKEAP_AP269X-HG_IPQ40XX_1000M_6.4_2021030800.bin.rar,13374421,c82b57a97e8b4c10dc28b8ab381171cb,2020,20210308,集客无线AP_QCA_IPQ
2020/20210308/集客无线AP_QCA_IPQ/JIKEAP_AP285F-H_IPQ40XX_1000M_6.4_2021030800.bin.rar,JIKEAP_AP285F-H_IPQ40XX_1000M_6.4_2021030800.bin.rar,13374724,4a6d643a134e6db44409cafc171a7319,2020,20210308,集客无线AP_QCA_IPQ
2020/20210308/集客无线AP_QCA_IPQ/JIKEAP_AP320F-H_IPQ40XX_1000M_3RADIO_6.4_2021030800.bin.rar,JIKEAP_AP320F-H_IPQ40XX_1000M_3RADIO_6.4_2021030800.bin.rar,13342487,f8ad50f974b051913e9bc092628a117f,2020,20210308,集客无线AP_QCA_IPQ
2020/20210308/集客无线AP_QCA_IPQ/JIKEAP_AP320Y-H_IPQ40XX_1000M_3RADIO_6.4_2021030800.bin.rar,JIKEAP_AP320Y-H_IPQ40XX_1000M_3RADIO_6.4_2021030800.bin.rar,13375255,7220b399f9a165fb0f70bec96f4c90bc,2020,20210308,集客无线AP_QCA_IPQ
2020/20210308/集客无线AP_QCA_IPQ/JIKEAP_AP330F-H_IPQ40XX_1000M_3RADIO_HT160_6.4_2021030800.bin.rar,JIKEAP_AP330F-H_IPQ40XX_1000M_3RADIO_HT160_6.4_2021030800.bin.rar,13342319,d4984484ec4632c78b4e508251af0c87,2020,20210308,集客无线AP_QCA_IPQ
2020/20210308/集客无线AP_QCA_IPQ/JIKEAP_AP386X_IPQ40XX_1000M_3RADIO_6.4_2021030800.bin.rar,JIKEAP_AP386X_IPQ40XX_1000M_3RADIO_6.4_2021030800.bin.rar,13374917,6314987217dbf5623b170c8c014dfdef,2020,20210308,集客无线AP_QCA_IPQ
2020/20210308/集客无线AP_QCA_IPQ/JIKEAP_AX1800F_IPQ60XX_1000M_WIFI6_6.4_2021030800.bin.rar,JIKEAP_AX1800F_IPQ60XX_1000M_WIFI6_6.4_2021030800.bin.rar,13156626,53a44c20b76fcce6bad38d4912b093bd,2020,20210308,集客无线AP_QCA_IPQ
2020/20210308/集客无线AP_QCA_IPQ/JIKEAP_AX1800MI_IPQ60XX_1000M_WIFI6_FREE_6.4_2021030800.bin.rar,JIKEAP_AX1800MI_IPQ60XX_1000M_WIFI6_FREE_6.4_2021030800.bin.rar,12404546,3220e22ecfe4aa5fee1968b01aa26a86,2020,20210308,集客无线AP_QCA_IPQ
2020/20210308/集客无线AP_QCA_IPQ/JIKEAP_AX1800Y_IPQ60XX_6.4_2021030800.bin.rar,JIKEAP_AX1800Y_IPQ60XX_6.4_2021030800.bin.rar,13283021,d68e149ed53f06f644136a6fc2bdab26,2020,20210308,集客无线AP_QCA_IPQ
2020/20210308/集客无线AP_QCA_IPQ/JIKEAP_AX2180_IPQ60XX_1000M_WIFI6_6.4_2021030800.bin.rar,JIKEAP_AX2180_IPQ60XX_1000M_WIFI6_6.4_2021030800.bin.rar,13267423,83fa434c33c5a59cc14c95dccf1efc5b,2020,20210308,集客无线AP_QCA_IPQ
2020/20210308/集客无线AP_QCA_IPQ/JIKEAP_AX5RM_IPQ60XX_1000M_WIFI6_FREE_6.4_2021030800.bin.rar,JIKEAP_AX5RM_IPQ60XX_1000M_WIFI6_FREE_6.4_2021030800.bin.rar,12404155,1d01b09ec52a383cd8377e62540bb0e5,2020,20210308,集客无线AP_QCA_IPQ
2020/20210308/集客无线AP_QCA_IPQ/JIKEAP_AX8180X_IPQ60XX_6.4_2021030800.bin.rar,JIKEAP_AX8180X_IPQ60XX_6.4_2021030800.bin.rar,13151447,332c99be4eac2ebc8260aeb861b7da1c,2020,20210308,集客无线AP_QCA_IPQ
2020/20210308/集客无线AP_QCA_IPQ/JIKEAP_AX8180Y_IPQ60XX_6.4_2021030800.bin.rar,JIKEAP_AX8180Y_IPQ60XX_6.4_2021030800.bin.rar,13288847,4a0727e2008b9a8f4cd4b2ba6fea424c,2020,20210308,集客无线AP_QCA_IPQ
2020/20210308/集客无线AP_QCA_IPQ/JIKEAP_AXR3100_IPQ40XX_1000M_QCA9984_HT160_FREE_6.4_2021030800.bin.rar,JIKEAP_AXR3100_IPQ40XX_1000M_QCA9984_HT160_FREE_6.4_2021030800.bin.rar,13306896,9da99e0972b94b30044e6b0787957152,2020,20210308,集客无线AP_QCA_IPQ
2020/20210308/集客无线AP_QCA_IPQ/JIKEAP_CM520_IPQ40XX_1000M_NAND_FREE_6.4_2021030800.bin.rar,JIKEAP_CM520_IPQ40XX_1000M_NAND_FREE_6.4_2021030800.bin.rar,12676725,f8c826863fb82857c1acb1a059c6c69e,2020,20210308,集客无线AP_QCA_IPQ
2020/20210308/集客无线AP_QCA_IPQ/JIKEAP_HM1800_IPQ60XX_1000M_WIFI6_6.4_2021030800.bin.rar,JIKEAP_HM1800_IPQ60XX_1000M_WIFI6_6.4_2021030800.bin.rar,13263709,ae743d0236d7bb78c56c4cccb6714168,2020,20210308,集客无线AP_QCA_IPQ
2020/20210308/集客无线AP_QCA_IPQ/release_notes.txt,release_notes.txt,3885,3852b808b6de2e812d1bc8bd14b369d5,2020,20210308,集客无线AP_QCA_IPQ
2020/20210308/集客无线AP_QCA_IPQ/ubi-JIKEAP_AX1800MI.img.rar,ubi-JIKEAP_AX1800MI.img.rar,12403657,7234e49f0715ab66e254a3f135a0cd01,2020,20210308,集客无线AP_QCA_IPQ
2020/20210308/集客无线AP_QCA_IPQ/ubi-JIKEAP_AX5RM.img.rar,ubi-JIKEAP_AX5RM.img.rar,12403103,a16510b82c5f239c7b17c9d5cf280e09,2020,20210308,集客无线AP_QCA_IPQ
2020/20210308/集客无线AP_QCA_IPQ/ubi-JIKEAP_CM520.img.rar,ubi-JIKEAP_CM520.img.rar,12675859,d87738f848cc3c481d3648d9b261dc46,2020,20210308,集客无线AP_QCA_IPQ
2020/20210308/集客无线AP_QCA_MIPS/JIKEAP_AP0141_QCA934X_1000M_FREE_6.4_2021030800.bin.rar,JIKEAP_AP0141_QCA934X_1000M_FREE_6.4_2021030800.bin.rar,6943916,0c3f28900bc3d79ac44e3b5374bca449,2020,20210308,集客无线AP_QCA_MIPS
2020/20210308/集客无线AP_QCA_MIPS/JIKEAP_AP110T_QCA933X_100M_EPORT_FREE_6.4_2021030800.bin.rar,JIKEAP_AP110T_QCA933X_100M_EPORT_FREE_6.4_2021030800.bin.rar,6551016,1b39cd84e0fc255ef5f672b32fdde58a,2020,20210308,集客无线AP_QCA_MIPS
2020/20210308/集客无线AP_QCA_MIPS/JIKEAP_AP112F_QCA953X_100M_16M_EPORT_6.4_2021030800.bin.rar,JIKEAP_AP112F_QCA953X_100M_16M_EPORT_6.4_2021030800.bin.rar,6552843,6ece8ff0eed1f7f0d1a53cf1e88e2406,2020,20210308,集客无线AP_QCA_MIPS
2020/20210308/集客无线AP_QCA_MIPS/JIKEAP_AP112Fv2_QCA953X_100M_8M_EPORT_6.4_2021030800.bin.rar,JIKEAP_AP112Fv2_QCA953X_100M_8M_EPORT_6.4_2021030800.bin.rar,6551528,f21984d14b00b731bf34466d822af14e,2020,20210308,集客无线AP_QCA_MIPS
2020/20210308/集客无线AP_QCA_MIPS/JIKEAP_AP112J_QCA953X_100M_EPORT_6.4_2021030800.bin.rar,JIKEAP_AP112J_QCA953X_100M_EPORT_6.4_2021030800.bin.rar,6552892,2b5a33267b5df7c978a80d39e56f8840,2020,20210308,集客无线AP_QCA_MIPS
2020/20210308/集客无线AP_QCA_MIPS/JIKEAP_AP112Q_QCA934X_100M_EPORT_FREE_6.4_2021030800.bin.rar,JIKEAP_AP112Q_QCA934X_100M_EPORT_FREE_6.4_2021030800.bin.rar,6551981,51391a607dacf1d97873417e44e28834,2020,20210308,集客无线AP_QCA_MIPS
2020/20210308/集客无线AP_QCA_MIPS/JIKEAP_AP112T_QCA953X_100M_EPORT_6.4_2021030800.bin.rar,JIKEAP_AP112T_QCA953X_100M_EPORT_6.4_2021030800.bin.rar,6551553,f93c7e9af4477365e0ffe8d57fc55779,2020,20210308,集客无线AP_QCA_MIPS
2020/20210308/集客无线AP_QCA_MIPS/JIKEAP_AP112Y_QCA953X_100M_EPORT_6.4_2021030800.bin.rar,JIKEAP_AP112Y_QCA953X_100M_EPORT_6.4_2021030800.bin.rar,6552886,922552083d034183b00b99ec61838ee9,2020,20210308,集客无线AP_QCA_MIPS
2020/20210308/集客无线AP_QCA_MIPS/JIKEAP_AP116F_QCA953X_100M_QCA9887_EPORT_6.4_2021030800.bin.rar,JIKEAP_AP116F_QCA953X_100M_QCA9887_EPORT_6.4_2021030800.bin.rar,6911015,1dabf83cf161a3877b1e2675c167ffe9,2020,20210308,集客无线AP_QCA_MIPS
2020/20210308/集客无线AP_QCA_MIPS/JIKEAP_AP116Q_QCA953X_100M_QCA9887_EPORT_6.4_2021030800.bin.rar,JIKEAP_AP116Q_QCA953X_100M_QCA9887_EPORT_6.4_2021030800.bin.rar,6911053,35d7919f86cab987c50f5fb9fb8d4f7d,2020,20210308,集客无线AP_QCA_MIPS
2020/20210308/集客无线AP_QCA_MIPS/JIKEAP_AP117D_QCA955X_1000M_QCA9880_EPORT_6.4_2021030800.bin.rar,JIKEAP_AP117D_QCA955X_1000M_QCA9880_EPORT_6.4_2021030800.bin.rar,7729754,e05a7347fc8773c4fb6df1c2175dbd23,2020,20210308,集客无线AP_QCA_MIPS
2020/20210308/集客无线AP_QCA_MIPS/JIKEAP_AP117Q_QCA956X_1000M_QCA9882_EPORT_6.4_2021030800.bin.rar,JIKEAP_AP117Q_QCA956X_1000M_QCA9882_EPORT_6.4_2021030800.bin.rar,7729726,817d09d696dc4f135701e419271b3c51,2020,20210308,集客无线AP_QCA_MIPS
2020/20210308/集客无线AP_QCA_MIPS/JIKEAP_AP120_QCA934X_1000M_FREE_6.4_2021030800.bin.rar,JIKEAP_AP120_QCA934X_1000M_FREE_6.4_2021030800.bin.rar,6945000,449c6fd4b85461c6c1d19e1a7e8a056f,2020,20210308,集客无线AP_QCA_MIPS
2020/20210308/集客无线AP_QCA_MIPS/JIKEAP_AP126F_QCA953X_100M_8M_6.4_2021030800.bin.rar,JIKEAP_AP126F_QCA953X_100M_8M_6.4_2021030800.bin.rar,6551573,224cdbffbac5d2c312563269b6054c29,2020,20210308,集客无线AP_QCA_MIPS
2020/20210308/集客无线AP_QCA_MIPS/JIKEAP_AP130F-H_QCA953X_100M_6.4_2021030800.bin.rar,JIKEAP_AP130F-H_QCA953X_100M_6.4_2021030800.bin.rar,6552793,2b340e986c4ed78415f88b5c47512950,2020,20210308,集客无线AP_QCA_MIPS
2020/20210308/集客无线AP_QCA_MIPS/JIKEAP_AP130T_QCA934X_100M_AR9341_FREE_6.4_2021030800.bin.rar,JIKEAP_AP130T_QCA934X_100M_AR9341_FREE_6.4_2021030800.bin.rar,6551127,e3ea34f5da9a718af3b940cfba26db63,2020,20210308,集客无线AP_QCA_MIPS
2020/20210308/集客无线AP_QCA_MIPS/JIKEAP_AP135T-H_QCA953X_100M_AR9341_6.4_2021030800.bin.rar,JIKEAP_AP135T-H_QCA953X_100M_AR9341_6.4_2021030800.bin.rar,6551346,8e2eeab6e3d306275a0182dfa9f294f6,2020,20210308,集客无线AP_QCA_MIPS
2020/20210308/集客无线AP_QCA_MIPS/JIKEAP_AP136Y-H_QCA953X_100M_6.4_2021030800.bin.rar,JIKEAP_AP136Y-H_QCA953X_100M_6.4_2021030800.bin.rar,6552775,ffd88609e1ee28da2195844aa6423f5b,2020,20210308,集客无线AP_QCA_MIPS
2020/20210308/集客无线AP_QCA_MIPS/JIKEAP_AP147_QCA953X_100M_QCA9887_FREE_6.4_2021030800.bin.rar,JIKEAP_AP147_QCA953X_100M_QCA9887_FREE_6.4_2021030800.bin.rar,7689994,2618d6efa0ead30eaf05102cf0ba0b78,2020,20210308,集客无线AP_QCA_MIPS
2020/20210308/集客无线AP_QCA_MIPS/JIKEAP_AP153Y-H_QCA953X_6.4_2021030800.bin.rar,JIKEAP_AP153Y-H_QCA953X_6.4_2021030800.bin.rar,6552739,15f35364b61a7cef6a1d7f1628cae2f9,2020,20210308,集客无线AP_QCA_MIPS
2020/20210308/集客无线AP_QCA_MIPS/JIKEAP_AP185W_QCA934X_6.4_2021030800.bin.rar,JIKEAP_AP185W_QCA934X_6.4_2021030800.bin.rar,6551557,6699b0c2589f52523951aecc548d08ce,2020,20210308,集客无线AP_QCA_MIPS
2020/20210308/集客无线AP_QCA_MIPS/JIKEAP_AP220G_QCA956X_1000M_QCA9886_EPORT_6.4_2021030800.bin.rar,JIKEAP_AP220G_QCA956X_1000M_QCA9886_EPORT_6.4_2021030800.bin.rar,7816125,8271da85cf232f7774ab2ff8b91093f6,2020,20210308,集客无线AP_QCA_MIPS
2020/20210308/集客无线AP_QCA_MIPS/JIKEAP_AP223G_QCA956X_1000M_QCA9886_EPORT_6.4_2021030800.bin.rar,JIKEAP_AP223G_QCA956X_1000M_QCA9886_EPORT_6.4_2021030800.bin.rar,7793427,8bdce35eb904bf6f6e807d7d1406e693,2020,20210308,集客无线AP_QCA_MIPS
2020/20210308/集客无线AP_QCA_MIPS/JIKEAP_AP260F-H_QCA953X_100M_QCA9887_6.4_2021030800.bin.rar,JIKEAP_AP260F-H_QCA953X_100M_QCA9887_6.4_2021030800.bin.rar,6910950,b0583fe80bf9f14a2860915e4ee0a5d2,2020,20210308,集客无线AP_QCA_MIPS
2020/20210308/集客无线AP_QCA_MIPS/JIKEAP_AP260T-H_QCA953X_100M_AR9X82_6.4_2021030800.bin.rar,JIKEAP_AP260T-H_QCA953X_100M_AR9X82_6.4_2021030800.bin.rar,6552797,caa2f57d7a1cfcef93086ccf6b5ac81b,2020,20210308,集客无线AP_QCA_MIPS
2020/20210308/集客无线AP_QCA_MIPS/JIKEAP_AP261Y-H_QCA953X_100M_QCA9887_6.4_2021030800.bin.rar,JIKEAP_AP261Y-H_QCA953X_100M_QCA9887_6.4_2021030800.bin.rar,6910908,7c9f01c38ceb56e1adc646725da7d093,2020,20210308,集客无线AP_QCA_MIPS
2020/20210308/集客无线AP_QCA_MIPS/JIKEAP_AP262Y-H_QCA956X_1000M_QCA9882_6.4_2021030800.bin.rar,JIKEAP_AP262Y-H_QCA956X_1000M_QCA9882_6.4_2021030800.bin.rar,7729194,a1c27545873296aa061861da8f257ad6,2020,20210308,集客无线AP_QCA_MIPS
2020/20210308/集客无线AP_QCA_MIPS/JIKEAP_AP263YS_QCA956X_1000M_QCA9880_6.4_2021030800.bin.rar,JIKEAP_AP263YS_QCA956X_1000M_QCA9880_6.4_2021030800.bin.rar,8081292,74604d875248aa1d0236957bbe21dcad,2020,20210308,集客无线AP_QCA_MIPS
2020/20210308/集客无线AP_QCA_MIPS/JIKEAP_AP266G-H_QCA955X_1000M_QCA9880_6.4_2021030800.bin.rar,JIKEAP_AP266G-H_QCA955X_1000M_QCA9880_6.4_2021030800.bin.rar,7727915,f41e6f84c4369201f3db57b8018e77f5,2020,20210308,集客无线AP_QCA_MIPS
2020/20210308/集客无线AP_QCA_MIPS/JIKEAP_AP267F-H_QCA956X_1000M_QCA9886_6.4_2021030800.bin.rar,JIKEAP_AP267F-H_QCA956X_1000M_QCA9886_6.4_2021030800.bin.rar,7815632,2e067b58ac0921098f3acd89de3b4fec,2020,20210308,集客无线AP_QCA_MIPS
2020/20210308/集客无线AP_QCA_MIPS/JIKEAP_AP267F-Hv2_QCA956X_1000M_QCA9886_6.4_2021030800.bin.rar,JIKEAP_AP267F-Hv2_QCA956X_1000M_QCA9886_6.4_2021030800.bin.rar,7815742,a7073e5a1e7c0f1020c9732dff9563bb,2020,20210308,集客无线AP_QCA_MIPS
2020/20210308/集客无线AP_QCA_MIPS/JIKEAP_AP280F-H_QCA953X_100M_QCA9887_6.4_2021030800.bin.rar,JIKEAP_AP280F-H_QCA953X_100M_QCA9887_6.4_2021030800.bin.rar,6911004,6d8a9e760921e87d4efd65daef1fa92a,2020,20210308,集客无线AP_QCA_MIPS
2020/20210308/集客无线AP_QCA_MIPS/JIKEAP_AP281Y-H_QCA956X_6.4_2021030800.bin.rar,JIKEAP_AP281Y-H_QCA956X_6.4_2021030800.bin.rar,7816084,c2bf565999699927ecbd91a51be0b29d,2020,20210308,集客无线AP_QCA_MIPS
2020/20210308/集客无线AP_QCA_MIPS/JIKEAP_AP282T-H_QCA956X_1000M_QCA9882_6.4_2021030800.bin.rar,JIKEAP_AP282T-H_QCA956X_1000M_QCA9882_6.4_2021030800.bin.rar,7729267,79a7d9d690ffc998b05848586b3142e9,2020,20210308,集客无线AP_QCA_MIPS
2020/20210308/集客无线AP_QCA_MIPS/JIKEAP_AP283Y-H_QCA956X_6.4_2021030800.bin.rar,JIKEAP_AP283Y-H_QCA956X_6.4_2021030800.bin.rar,7729077,70fdbfa8c37286ddc4e481c112c0bacc,2020,20210308,集客无线AP_QCA_MIPS
2020/20210308/集客无线AP_QCA_MIPS/JIKEAP_AP284Y-H_QCA956X_6.4_2021030800.bin.rar,JIKEAP_AP284Y-H_QCA956X_6.4_2021030800.bin.rar,7816152,4f34054676065f1a4633a2929e61b88d,2020,20210308,集客无线AP_QCA_MIPS
2020/20210308/集客无线AP_QCA_MIPS/JIKEAP_AP3513NA_QCA934X_6.4_2021030800.bin.rar,JIKEAP_AP3513NA_QCA934X_6.4_2021030800.bin.rar,6551692,3cfc5da6c58535a8aae8fd99743c0791,2020,20210308,集客无线AP_QCA_MIPS
2020/20210308/集客无线AP_QCA_MIPS/JIKEAP_AP49_QCA953X_6.4_2021030800.bin.rar,JIKEAP_AP49_QCA953X_6.4_2021030800.bin.rar,6930200,1bb5f2acd997c9b641413c4e1b60dbe2,2020,20210308,集客无线AP_QCA_MIPS
2020/20210308/集客无线AP_QCA_MIPS/JIKEAP_AP630_QCA953X_100M_EPORT_6.4_2021030800.bin.rar,JIKEAP_AP630_QCA953X_100M_EPORT_6.4_2021030800.bin.rar,6552835,e2619d766fc8e5440ad5d7556a2274e2,2020,20210308,集客无线AP_QCA_MIPS
2020/20210308/集客无线AP_QCA_MIPS/JIKEAP_AP630v2_QCA953X_100M_EPORT_6.4_2021030800.bin.rar,JIKEAP_AP630v2_QCA953X_100M_EPORT_6.4_2021030800.bin.rar,6551582,fd34a69e801c53024f437c29ba7815bf,2020,20210308,集客无线AP_QCA_MIPS
2020/20210308/集客无线AP_QCA_MIPS/JIKEAP_AP675_QCA953X_100M_EPORT_6.4_2021030800.bin.rar,JIKEAP_AP675_QCA953X_100M_EPORT_6.4_2021030800.bin.rar,6910929,40547ab263aa04b969c6f6b93da525b3,2020,20210308,集客无线AP_QCA_MIPS
2020/20210308/集客无线AP_QCA_MIPS/JIKEAP_AP830H_QCA953X_100M_6.4_2021030800.bin.rar,JIKEAP_AP830H_QCA953X_100M_6.4_2021030800.bin.rar,6552693,d21500ba19b20c06af74308ff52f6027,2020,20210308,集客无线AP_QCA_MIPS
2020/20210308/集客无线AP_QCA_MIPS/JIKEAP_AP875H_QCA953X_100M_QCA9887_6.4_2021030800.bin.rar,JIKEAP_AP875H_QCA953X_100M_QCA9887_6.4_2021030800.bin.rar,6911023,f3068d36fe31b6b3f9aa0b392b38716f,2020,20210308,集客无线AP_QCA_MIPS
2020/20210308/集客无线AP_QCA_MIPS/JIKEAP_AP9344_35P0_QCA934X_1000M_FREE_6.4_2021030800.bin.rar,JIKEAP_AP9344_35P0_QCA934X_1000M_FREE_6.4_2021030800.bin.rar,6552679,891dcbb219c4378694749137e04b3ef8,2020,20210308,集客无线AP_QCA_MIPS
2020/20210308/集客无线AP_QCA_MIPS/JIKEAP_AP9344_35P4_QCA934X_1000M_FREE_6.4_2021030800.bin.rar,JIKEAP_AP9344_35P4_QCA934X_1000M_FREE_6.4_2021030800.bin.rar,6552809,0de2597752f0cff2077b873ffa8a226b,2020,20210308,集客无线AP_QCA_MIPS
2020/20210308/集客无线AP_QCA_MIPS/JIKEAP_AP9344_8327_QCA934X_1000M_FREE_6.4_2021030800.bin.rar,JIKEAP_AP9344_8327_QCA934X_1000M_FREE_6.4_2021030800.bin.rar,6943858,9a8625536979df31bc106b651f4fd1e4,2020,20210308,集客无线AP_QCA_MIPS
2020/20210308/集客无线AP_QCA_MIPS/JIKEAP_AP9344_M100_QCA934X_100M_FREE_6.4_2021030800.bin.rar,JIKEAP_AP9344_M100_QCA934X_100M_FREE_6.4_2021030800.bin.rar,6552684,c7e220746f85e34d241ee07463a2ecb5,2020,20210308,集客无线AP_QCA_MIPS
2020/20210308/集客无线AP_QCA_MIPS/JIKEAP_AP9344_RTL_QCA934X_1000M_FREE_6.4_2021030800.bin.rar,JIKEAP_AP9344_RTL_QCA934X_1000M_FREE_6.4_2021030800.bin.rar,6552753,ed8c72ff3f0e52b74d23e639f0d0a99a,2020,20210308,集客无线AP_QCA_MIPS
2020/20210308/集客无线AP_QCA_MIPS/JIKEAP_AP941_QCA953X_100M_FREE_6.4_2021030800.bin.rar,JIKEAP_AP941_QCA953X_100M_FREE_6.4_2021030800.bin.rar,6551246,164a3a02fc318199213412fa75f9f22d,2020,20210308,集客无线AP_QCA_MIPS
2020/20210308/集客无线AP_QCA_MIPS/JIKEAP_AP9558_QCA955X_1000M_QCA9880_FREE_6.4_2021030800.bin.rar,JIKEAP_AP9558_QCA955X_1000M_QCA9880_FREE_6.4_2021030800.bin.rar,7729310,e1442167c93387ca68c10ef6e112e810,2020,20210308,集客无线AP_QCA_MIPS
2020/20210308/集客无线AP_QCA_MIPS/JIKEAP_ARIMA2210_QCA934X_EPORT_6.4_2021030800.bin.rar,JIKEAP_ARIMA2210_QCA934X_EPORT_6.4_2021030800.bin.rar,6551379,92f9b6faebbb950b4aed6692aeb4c56c,2020,20210308,集客无线AP_QCA_MIPS
2020/20210308/集客无线AP_QCA_MIPS/JIKEAP_K2TS_QCA956X_1000M_QCA9886_FREE_6.4_2021030800.bin.rar,JIKEAP_K2TS_QCA956X_1000M_QCA9886_FREE_6.4_2021030800.bin.rar,7120775,c24a5b0bb34b554bc17924f499abe9b4,2020,20210308,集客无线AP_QCA_MIPS
2020/20210308/集客无线AP_QCA_MIPS/JIKEAP_K2T_QCA956X_1000M_QCA9886_EPORT_FREE_6.4_2021030800.bin.rar,JIKEAP_K2T_QCA956X_1000M_QCA9886_EPORT_FREE_6.4_2021030800.bin.rar,7121237,1029a27f43036dfa7b57d634869332c6,2020,20210308,集客无线AP_QCA_MIPS
2020/20210308/集客无线AP_QCA_MIPS/JIKEAP_MI100_QCA934X_100M_FREE_6.4_2021030800.bin.rar,JIKEAP_MI100_QCA934X_100M_FREE_6.4_2021030800.bin.rar,6551472,8d313bd2aa6aea6368648fee3fda6ebb,2020,20210308,集客无线AP_QCA_MIPS
2020/20210308/集客无线AP_QCA_MIPS/JIKEAP_WPJ563_QCA956X_1000M_QCA9880_6.4_2021030800.bin.rar,JIKEAP_WPJ563_QCA956X_1000M_QCA9880_6.4_2021030800.bin.rar,8081233,9c04701212a15c170b2a2bdd1cc876d8,2020,20210308,集客无线AP_QCA_MIPS
2020/20210308/集客无线AP_QCA_MIPS/release_notes.txt,release_notes.txt,3885,3852b808b6de2e812d1bc8bd14b369d5,2020,20210308,集客无线AP_QCA_MIPS
2021/20210310/集客无线AP_MTK/JIKEAP_AP210G_MT7620_EPORT_6.4_2021031000.bin.rar,JIKEAP_AP210G_MT7620_EPORT_6.4_2021031000.bin.rar,4927314,ef1f45cfccf181be7ea72a73115f9583,2021,20210310,集客无线AP_MTK
2021/20210310/集客无线AP_MTK/JIKEAP_AP213G_MT7620_EPORT_6.4_2021031000.bin.rar,JIKEAP_AP213G_MT7620_EPORT_6.4_2021031000.bin.rar,6630997,73eb90ee210bcd0092d152a3bd5764a4,2021,20210310,集客无线AP_MTK
2021/20210310/集客无线AP_MTK/JIKEAP_AP230EP_MT7620_withPA_LLELL_EPORT_FREE_6.4_2021031000.bin.rar,JIKEAP_AP230EP_MT7620_withPA_LLELL_EPORT_FREE_6.4_2021031000.bin.rar,6951334,a1482fdb692b5ad1fad342beab42c982,2021,20210310,集客无线AP_MTK
2021/20210310/集客无线AP_MTK/JIKEAP_AP230G_MT7620_RTL_EPORT_FREE_6.4_2021031000.bin.rar,JIKEAP_AP230G_MT7620_RTL_EPORT_FREE_6.4_2021031000.bin.rar,6948548,e7a41eecfe2989fe230ebfa3fbddabc2,2021,20210310,集客无线AP_MTK
2021/20210310/集客无线AP_MTK/JIKEAP_AP230IP_MT7620_noPA_LLELL_EPORT_FREE_6.4_2021031000.bin.rar,JIKEAP_AP230IP_MT7620_noPA_LLELL_EPORT_FREE_6.4_2021031000.bin.rar,6948210,52c0c4b6b865c1e996ce24bfb8ce39e8,2021,20210310,集客无线AP_MTK
2021/20210310/集客无线AP_MTK/JIKEAP_AP238AN_MT7628_LLELL_EPORT_FREE_6.4_2021031000.bin.rar,JIKEAP_AP238AN_MT7628_LLELL_EPORT_FREE_6.4_2021031000.bin.rar,7032168,8429dcc9d44e89c658d43ac12a2d2e49,2021,20210310,集客无线AP_MTK
2021/20210310/集客无线AP_MTK/JIKEAP_AP238WN_MT7628_LLELL_EPORT_6.4_2021031000.bin.rar,JIKEAP_AP238WN_MT7628_LLELL_EPORT_6.4_2021031000.bin.rar,6361919,db1bf279498447534f077cda718af433,2021,20210310,集客无线AP_MTK
2021/20210310/集客无线AP_MTK/JIKEAP_AP240P_MT7621_SWITCH_LLLLL_FREE_6.4_2021031000.bin.rar,JIKEAP_AP240P_MT7621_SWITCH_LLLLL_FREE_6.4_2021031000.bin.rar,4447876,6f653a12703321f1f08072fcbf56c220,2021,20210310,集客无线AP_MTK
2021/20210310/集客无线AP_MTK/JIKEAP_AP242P_MT7621_LLLLL_64M_EPORT_FREE_6.4_2021031000.bin.rar,JIKEAP_AP242P_MT7621_LLLLL_64M_EPORT_FREE_6.4_2021031000.bin.rar,7003430,e2cfbef4f7ac3c4d23906ea135580782,2021,20210310,集客无线AP_MTK
2021/20210310/集客无线AP_MTK/JIKEAP_AP245P_MT7621_MT7615DN_LLELL_EPORT_FREE_6.4_2021031000.bin.rar,JIKEAP_AP245P_MT7621_MT7615DN_LLELL_EPORT_FREE_6.4_2021031000.bin.rar,5895088,477d54b04ca7e4b062f14894af0c838c,2021,20210310,集客无线AP_MTK
2021/20210310/集客无线AP_MTK/JIKEAP_AP246HI_MT7621_1000_FREE_6.4_2021031000.bin.rar,JIKEAP_AP246HI_MT7621_1000_FREE_6.4_2021031000.bin.rar,7027038,02836b19d612231943efdeeec05d1d1d,2021,20210310,集客无线AP_MTK
2021/20210310/集客无线AP_MTK/JIKEAP_AP246ND_MT7621_MT7603_MT7615N_FREE_6.4_2021031000.bin.rar,JIKEAP_AP246ND_MT7621_MT7603_MT7615N_FREE_6.4_2021031000.bin.rar,6391141,1a75385745f79a698aaa74e4ac3b283c,2021,20210310,集客无线AP_MTK
2021/20210310/集客无线AP_MTK/JIKEAP_AP246P_MT7621_MT7603_MT7615N_FREE_6.4_2021031000.bin.rar,JIKEAP_AP246P_MT7621_MT7603_MT7615N_FREE_6.4_2021031000.bin.rar,8078169,82bc50e5d06bdd904030b48489e08779,2021,20210310,集客无线AP_MTK
2021/20210310/集客无线AP_MTK/JIKEAP_AP24_MT7621_LLELL_EPORT_FREE_6.4_2021031000.bin.rar,JIKEAP_AP24_MT7621_LLELL_EPORT_FREE_6.4_2021031000.bin.rar,7003297,15ede74e17a7b1087b5cb76ef225d32a,2021,20210310,集客无线AP_MTK
2021/20210310/集客无线AP_MTK/JIKEAP_AP601_MT7620_LEEEE_EPORT_FREE_6.4_2021031000.bin.rar,JIKEAP_AP601_MT7620_LEEEE_EPORT_FREE_6.4_2021031000.bin.rar,4926769,eff41f57d29422767bb5ca4a4a295d50,2021,20210310,集客无线AP_MTK
2021/20210310/集客无线AP_MTK/JIKEAP_AP602_MT7620_32M_LEEEE_EPORT_FREE_6.4_2021031000.bin.rar,JIKEAP_AP602_MT7620_32M_LEEEE_EPORT_FREE_6.4_2021031000.bin.rar,3333609,03d587eb71c85eb1f64f74a69b370c5b,2021,20210310,集客无线AP_MTK
2021/20210310/集客无线AP_MTK/JIKEAP_AX1800B_MT7621_6.4_2021031103.bin.rar,JIKEAP_AX1800B_MT7621_6.4_2021031103.bin.rar,7427717,a25469c98d77ab7eba83b2f85f51a12c,2021,20210310,集客无线AP_MTK
2021/20210310/集客无线AP_MTK/JIKEAP_AX1800H_MT7621_MT7915DN_WIFI6_NAND_6.4_2021031103.bin.rar,JIKEAP_AX1800H_MT7621_MT7915DN_WIFI6_NAND_6.4_2021031103.bin.rar,7428338,14234eb614b2c5733bbcd4fbc85b0bd5,2021,20210310,集客无线AP_MTK
2021/20210310/集客无线AP_MTK/JIKEAP_AX1800S_MT7621_MT7915DN_WIFI6_6.4_2021031103.bin.rar,JIKEAP_AX1800S_MT7621_MT7915DN_WIFI6_6.4_2021031103.bin.rar,7428438,13af97950448c768f9b52117299ae82d,2021,20210310,集客无线AP_MTK
2021/20210310/集客无线AP_MTK/JIKEAP_AX2020_MT7621_EPORT_6.4_2021031103.bin.rar,JIKEAP_AX2020_MT7621_EPORT_6.4_2021031103.bin.rar,7427616,e4a2f4b2d2d8c9e0edbe4aba72052075,2021,20210310,集客无线AP_MTK
2021/20210310/集客无线AP_MTK/release_notes.txt,release_notes.txt,4219,10a0cc5b60470fe3a89b78c25cb3d4c0,2021,20210310,集客无线AP_MTK
2021/20210310/集客无线AP_QCA_IPQ/JIKEAP_AC58U_IPQ40XX_1000M_IPQ4018_FREE_6.4_2021031000.bin.rar,JIKEAP_AC58U_IPQ40XX_1000M_IPQ4018_FREE_6.4_2021031000.bin.rar,10662602,bd9332a1fe9d8a98502fe1dd7ed49286,2021,20210310,集客无线AP_QCA_IPQ
2021/20210310/集客无线AP_QCA_IPQ/JIKEAP_AC58U_IPQ40XX_6.4_2021031000_opboot.bin.rar,JIKEAP_AC58U_IPQ40XX_6.4_2021031000_opboot.bin.rar,10662739,81fd0c6c7eac4206284e6a712d2477f0,2021,20210310,集客无线AP_QCA_IPQ
2021/20210310/集客无线AP_QCA_IPQ/JIKEAP_ACRH17_IPQ40XX_1000M_QCA9984_HT160_FREE_6.4_2021031000.bin.rar,JIKEAP_ACRH17_IPQ40XX_1000M_QCA9984_HT160_FREE_6.4_2021031000.bin.rar,12657231,1c1bb20d57368a501785308d5456464d,2021,20210310,集客无线AP_QCA_IPQ
2021/20210310/集客无线AP_QCA_IPQ/JIKEAP_ACRH17_IPQ40XX_6.4_2021031000_opboot.bin.rar,JIKEAP_ACRH17_IPQ40XX_6.4_2021031000_opboot.bin.rar,12656895,18f6ddc260cab5ab0bd1846bc59d9512,2021,20210310,集客无线AP_QCA_IPQ
2021/20210310/集客无线AP_QCA_IPQ/JIKEAP_AP118L_IPQ40XX_1000M_EPORT_6.4_2021031000.bin.rar,JIKEAP_AP118L_IPQ40XX_1000M_EPORT_6.4_2021031000.bin.rar,13374989,3b7f11dc423ae871f6e6c37d380caaec,2021,20210310,集客无线AP_QCA_IPQ
2021/20210310/集客无线AP_QCA_IPQ/JIKEAP_AP269X-HG_IPQ40XX_1000M_6.4_2021031000.bin.rar,JIKEAP_AP269X-HG_IPQ40XX_1000M_6.4_2021031000.bin.rar,13374728,f873a7f1cb75042bb3e93bc7eea5fb1d,2021,20210310,集客无线AP_QCA_IPQ
2021/20210310/集客无线AP_QCA_IPQ/JIKEAP_AP285F-H_IPQ40XX_1000M_6.4_2021031000.bin.rar,JIKEAP_AP285F-H_IPQ40XX_1000M_6.4_2021031000.bin.rar,13375126,95e24e5e09990c1476baa53ebf84a913,2021,20210310,集客无线AP_QCA_IPQ
2021/20210310/集客无线AP_QCA_IPQ/JIKEAP_AP320F-H_IPQ40XX_1000M_3RADIO_6.4_2021031000.bin.rar,JIKEAP_AP320F-H_IPQ40XX_1000M_3RADIO_6.4_2021031000.bin.rar,13342882,9ec12df0e4c22ef8d8f7eaefdaf58f9b,2021,20210310,集客无线AP_QCA_IPQ
2021/20210310/集客无线AP_QCA_IPQ/JIKEAP_AP320Y-H_IPQ40XX_1000M_3RADIO_6.4_2021031000.bin.rar,JIKEAP_AP320Y-H_IPQ40XX_1000M_3RADIO_6.4_2021031000.bin.rar,13375731,8a06573cd9ebf088c54b9314af645dbb,2021,20210310,集客无线AP_QCA_IPQ
2021/20210310/集客无线AP_QCA_IPQ/JIKEAP_AP330F-H_IPQ40XX_1000M_3RADIO_HT160_6.4_2021031000.bin.rar,JIKEAP_AP330F-H_IPQ40XX_1000M_3RADIO_HT160_6.4_2021031000.bin.rar,13342739,bce136fc992e8d69ea692b99fa83f106,2021,20210310,集客无线AP_QCA_IPQ
2021/20210310/集客无线AP_QCA_IPQ/JIKEAP_AP386X_IPQ40XX_1000M_3RADIO_6.4_2021031000.bin.rar,JIKEAP_AP386X_IPQ40XX_1000M_3RADIO_6.4_2021031000.bin.rar,13375431,5d3b3b66a42f5e09e2f000635aeeaad3,2021,20210310,集客无线AP_QCA_IPQ
2021/20210310/集客无线AP_QCA_IPQ/JIKEAP_AX1800F_IPQ60XX_1000M_WIFI6_6.4_2021031000.bin.rar,JIKEAP_AX1800F_IPQ60XX_1000M_WIFI6_6.4_2021031000.bin.rar,13158279,76546e4037c11d80a812e9a9585974b2,2021,20210310,集客无线AP_QCA_IPQ
2021/20210310/集客无线AP_QCA_IPQ/JIKEAP_AX1800MI_IPQ60XX_1000M_WIFI6_FREE_6.4_2021031000.bin.rar,JIKEAP_AX1800MI_IPQ60XX_1000M_WIFI6_FREE_6.4_2021031000.bin.rar,12406027,25c2fdf3a90ef318e5c4fdf8d68acedb,2021,20210310,集客无线AP_QCA_IPQ
2021/20210310/集客无线AP_QCA_IPQ/JIKEAP_AX1800Y_IPQ60XX_6.4_2021031000.bin.rar,JIKEAP_AX1800Y_IPQ60XX_6.4_2021031000.bin.rar,13284699,88a20efa35c04d548039ef2b8577dc37,2021,20210310,集客无线AP_QCA_IPQ
2021/20210310/集客无线AP_QCA_IPQ/JIKEAP_AX2180_IPQ60XX_1000M_WIFI6_6.4_2021031000.bin.rar,JIKEAP_AX2180_IPQ60XX_1000M_WIFI6_6.4_2021031000.bin.rar,13267883,2992ee41558da1ec9962b7f76f30471f,2021,20210310,集客无线AP_QCA_IPQ
2021/20210310/集客无线AP_QCA_IPQ/JIKEAP_AX5RM_IPQ60XX_1000M_WIFI6_FREE_6.4_2021031000.bin.rar,JIKEAP_AX5RM_IPQ60XX_1000M_WIFI6_FREE_6.4_2021031000.bin.rar,12405556,427adff7aa31a26cae4717a795bbd611,2021,20210310,集客无线AP_QCA_IPQ
2021/20210310/集客无线AP_QCA_IPQ/JIKEAP_AX8180X_IPQ60XX_6.4_2021031000.bin.rar,JIKEAP_AX8180X_IPQ60XX_6.4_2021031000.bin.rar,13152752,6ea1a0d4ca138cc9e0008f90988b9dfd,2021,20210310,集客无线AP_QCA_IPQ
2021/20210310/集客无线AP_QCA_IPQ/JIKEAP_AX8180Y_IPQ60XX_6.4_2021031000.bin.rar,JIKEAP_AX8180Y_IPQ60XX_6.4_2021031000.bin.rar,13290328,3755d66508eef1d09e6567a70a0636a0,2021,20210310,集客无线AP_QCA_IPQ
2021/20210310/集客无线AP_QCA_IPQ/JIKEAP_AXR3100_IPQ40XX_1000M_QCA9984_HT160_FREE_6.4_2021031000.bin.rar,JIKEAP_AXR3100_IPQ40XX_1000M_QCA9984_HT160_FREE_6.4_2021031000.bin.rar,13307266,4c39aeab793c00b5474bd124d7f08941,2021,20210310,集客无线AP_QCA_IPQ
2021/20210310/集客无线AP_QCA_IPQ/JIKEAP_CM520_IPQ40XX_1000M_NAND_FREE_6.4_2021031000.bin.rar,JIKEAP_CM520_IPQ40XX_1000M_NAND_FREE_6.4_2021031000.bin.rar,12677078,2665b34177f1ec89e9bc6f70b1e9c3a4,2021,20210310,集客无线AP_QCA_IPQ
2021/20210310/集客无线AP_QCA_IPQ/JIKEAP_HM1800_IPQ60XX_1000M_WIFI6_6.4_2021031000.bin.rar,JIKEAP_HM1800_IPQ60XX_1000M_WIFI6_6.4_2021031000.bin.rar,13265279,66f5552e945fbc5e00447dd831c5d455,2021,20210310,集客无线AP_QCA_IPQ
2021/20210310/集客无线AP_QCA_IPQ/release_notes.txt,release_notes.txt,3936,bc989bbd8bff9c8f321057981df6e849,2021,20210310,集客无线AP_QCA_IPQ
2021/20210310/集客无线AP_QCA_IPQ/ubi-JIKEAP_AX1800MI.img.rar,ubi-JIKEAP_AX1800MI.img.rar,12405298,5f530b1dfc15a253b52b764389ecd94b,2021,20210310,集客无线AP_QCA_IPQ
2021/20210310/集客无线AP_QCA_IPQ/ubi-JIKEAP_AX5RM.img.rar,ubi-JIKEAP_AX5RM.img.rar,12404546,dcbf8b1e3f9c3c9ab681eaa0e2165ee3,2021,20210310,集客无线AP_QCA_IPQ
2021/20210310/集客无线AP_QCA_IPQ/ubi-JIKEAP_CM520.img.rar,ubi-JIKEAP_CM520.img.rar,12676273,e576ae8e0f34e54230e6bb5eb7124a4e,2021,20210310,集客无线AP_QCA_IPQ
2021/20210310/集客无线AP_QCA_MIPS/JIKEAP_AP0141_QCA934X_1000M_FREE_6.4_2021031000.bin.rar,JIKEAP_AP0141_QCA934X_1000M_FREE_6.4_2021031000.bin.rar,6945555,b24940020a87713bff2cb9e6ef95464a,2021,20210310,集客无线AP_QCA_MIPS
2021/20210310/集客无线AP_QCA_MIPS/JIKEAP_AP110T_QCA933X_100M_EPORT_FREE_6.4_2021031000.bin.rar,JIKEAP_AP110T_QCA933X_100M_EPORT_FREE_6.4_2021031000.bin.rar,6552537,5925dfddaf574d7f75353475d475d939,2021,20210310,集客无线AP_QCA_MIPS
2021/20210310/集客无线AP_QCA_MIPS/JIKEAP_AP112F_QCA953X_100M_16M_EPORT_6.4_2021031000.bin.rar,JIKEAP_AP112F_QCA953X_100M_16M_EPORT_6.4_2021031000.bin.rar,6554430,183f09015c38372f07f416dea3708317,2021,20210310,集客无线AP_QCA_MIPS
2021/20210310/集客无线AP_QCA_MIPS/JIKEAP_AP112Fv2_QCA953X_100M_8M_EPORT_6.4_2021031000.bin.rar,JIKEAP_AP112Fv2_QCA953X_100M_8M_EPORT_6.4_2021031000.bin.rar,6553155,4290bb7813832ec3719a7ab11b828618,2021,20210310,集客无线AP_QCA_MIPS
2021/20210310/集客无线AP_QCA_MIPS/JIKEAP_AP112J_QCA953X_100M_EPORT_6.4_2021031000.bin.rar,JIKEAP_AP112J_QCA953X_100M_EPORT_6.4_2021031000.bin.rar,6554498,d4e68de2bd4264e098db3a56b76fcacc,2021,20210310,集客无线AP_QCA_MIPS
2021/20210310/集客无线AP_QCA_MIPS/JIKEAP_AP112Q_QCA934X_100M_EPORT_FREE_6.4_2021031000.bin.rar,JIKEAP_AP112Q_QCA934X_100M_EPORT_FREE_6.4_2021031000.bin.rar,6553377,a637740285a5a4d6bcae1ec179e0cb93,2021,20210310,集客无线AP_QCA_MIPS
2021/20210310/集客无线AP_QCA_MIPS/JIKEAP_AP112T_QCA953X_100M_EPORT_6.4_2021031000.bin.rar,JIKEAP_AP112T_QCA953X_100M_EPORT_6.4_2021031000.bin.rar,6553028,4fe9cee87e63f7e6fac121cd3687cc14,2021,20210310,集客无线AP_QCA_MIPS
2021/20210310/集客无线AP_QCA_MIPS/JIKEAP_AP112Y_QCA953X_100M_EPORT_6.4_2021031000.bin.rar,JIKEAP_AP112Y_QCA953X_100M_EPORT_6.4_2021031000.bin.rar,6554453,579614f50c2b70449110347d3930c918,2021,20210310,集客无线AP_QCA_MIPS
2021/20210310/集客无线AP_QCA_MIPS/JIKEAP_AP116F_QCA953X_100M_QCA9887_EPORT_6.4_2021031000.bin.rar,JIKEAP_AP116F_QCA953X_100M_QCA9887_EPORT_6.4_2021031000.bin.rar,6912360,5ba6dfb66189466683406565896b5913,2021,20210310,集客无线AP_QCA_MIPS
2021/20210310/集客无线AP_QCA_MIPS/JIKEAP_AP116Q_QCA953X_100M_QCA9887_EPORT_6.4_2021031000.bin.rar,JIKEAP_AP116Q_QCA953X_100M_QCA9887_EPORT_6.4_2021031000.bin.rar,6912393,1ac02135ba87553d61a8f9ad7900d251,2021,20210310,集客无线AP_QCA_MIPS
2021/20210310/集客无线AP_QCA_MIPS/JIKEAP_AP117D_QCA955X_1000M_QCA9880_EPORT_6.4_2021031000.bin.rar,JIKEAP_AP117D_QCA955X_1000M_QCA9880_EPORT_6.4_2021031000.bin.rar,7730739,b3e1b41a0d44769ed4c93f45d2a55a20,2021,20210310,集客无线AP_QCA_MIPS
2021/20210310/集客无线AP_QCA_MIPS/JIKEAP_AP117Q_QCA956X_1000M_QCA9882_EPORT_6.4_2021031000.bin.rar,JIKEAP_AP117Q_QCA956X_1000M_QCA9882_EPORT_6.4_2021031000.bin.rar,7730632,082bc86065b1ec1f04c5d2ce3b33b6ac,2021,20210310,集客无线AP_QCA_MIPS
2021/20210310/集客无线AP_QCA_MIPS/JIKEAP_AP120_QCA934X_1000M_FREE_6.4_2021031000.bin.rar,JIKEAP_AP120_QCA934X_1000M_FREE_6.4_2021031000.bin.rar,6946560,c0535fea8f4e670a005368c5399704ec,2021,20210310,集客无线AP_QCA_MIPS
2021/20210310/集客无线AP_QCA_MIPS/JIKEAP_AP126F_QCA953X_100M_8M_6.4_2021031000.bin.rar,JIKEAP_AP126F_QCA953X_100M_8M_6.4_2021031000.bin.rar,6553103,d09474248d48cc4700a92b48f671e11c,2021,20210310,集客无线AP_QCA_MIPS
2021/20210310/集客无线AP_QCA_MIPS/JIKEAP_AP130F-H_QCA953X_100M_6.4_2021031000.bin.rar,JIKEAP_AP130F-H_QCA953X_100M_6.4_2021031000.bin.rar,6554306,26ce85bc2481b3fef00118dc6245b3c1,2021,20210310,集客无线AP_QCA_MIPS
2021/20210310/集客无线AP_QCA_MIPS/JIKEAP_AP130T_QCA934X_100M_AR9341_FREE_6.4_2021031000.bin.rar,JIKEAP_AP130T_QCA934X_100M_AR9341_FREE_6.4_2021031000.bin.rar,6552691,734e6746d74e138275e380159a2d4964,2021,20210310,集客无线AP_QCA_MIPS
2021/20210310/集客无线AP_QCA_MIPS/JIKEAP_AP135T-H_QCA953X_100M_AR9341_6.4_2021031000.bin.rar,JIKEAP_AP135T-H_QCA953X_100M_AR9341_6.4_2021031000.bin.rar,6553009,9a8f6df60c7c9fd87f96d3d32026d85e,2021,20210310,集客无线AP_QCA_MIPS
2021/20210310/集客无线AP_QCA_MIPS/JIKEAP_AP136Y-H_QCA953X_100M_6.4_2021031000.bin.rar,JIKEAP_AP136Y-H_QCA953X_100M_6.4_2021031000.bin.rar,6554268,0209eab1297c7d0bdeea164574bac566,2021,20210310,集客无线AP_QCA_MIPS
2021/20210310/集客无线AP_QCA_MIPS/JIKEAP_AP147_QCA953X_100M_QCA9887_FREE_6.4_2021031000.bin.rar,JIKEAP_AP147_QCA953X_100M_QCA9887_FREE_6.4_2021031000.bin.rar,7691338,5e1d2cf0ee2b20023420c8d4fccb4427,2021,20210310,集客无线AP_QCA_MIPS
2021/20210310/集客无线AP_QCA_MIPS/JIKEAP_AP153Y-H_QCA953X_6.4_2021031000.bin.rar,JIKEAP_AP153Y-H_QCA953X_6.4_2021031000.bin.rar,6554310,b5f389b32dd7fc0fd5a4a6705d3abdc9,2021,20210310,集客无线AP_QCA_MIPS
2021/20210310/集客无线AP_QCA_MIPS/JIKEAP_AP185W_QCA934X_6.4_2021031000.bin.rar,JIKEAP_AP185W_QCA934X_6.4_2021031000.bin.rar,6553100,2b925db96fb45187bb4f93557e5a1a89,2021,20210310,集客无线AP_QCA_MIPS
2021/20210310/集客无线AP_QCA_MIPS/JIKEAP_AP220G_QCA956X_1000M_QCA9886_EPORT_6.4_2021031000.bin.rar,JIKEAP_AP220G_QCA956X_1000M_QCA9886_EPORT_6.4_2021031000.bin.rar,7817493,2864638840035881629a4a0c20d0e659,2021,20210310,集客无线AP_QCA_MIPS
2021/20210310/集客无线AP_QCA_MIPS/JIKEAP_AP223G_QCA956X_1000M_QCA9886_EPORT_6.4_2021031000.bin.rar,JIKEAP_AP223G_QCA956X_1000M_QCA9886_EPORT_6.4_2021031000.bin.rar,7794993,9cbe7249b2663584c8ff1f10ceaabf52,2021,20210310,集客无线AP_QCA_MIPS
2021/20210310/集客无线AP_QCA_MIPS/JIKEAP_AP260F-H_QCA953X_100M_QCA9887_6.4_2021031000.bin.rar,JIKEAP_AP260F-H_QCA953X_100M_QCA9887_6.4_2021031000.bin.rar,6912277,6aae3fa2bab977a7ba8ad85ba970196f,2021,20210310,集客无线AP_QCA_MIPS
2021/20210310/集客无线AP_QCA_MIPS/JIKEAP_AP260T-H_QCA953X_100M_AR9X82_6.4_2021031000.bin.rar,JIKEAP_AP260T-H_QCA953X_100M_AR9X82_6.4_2021031000.bin.rar,6554380,30ce4285c0124987139eacf8c119047e,2021,20210310,集客无线AP_QCA_MIPS
2021/20210310/集客无线AP_QCA_MIPS/JIKEAP_AP261Y-H_QCA953X_100M_QCA9887_6.4_2021031000.bin.rar,JIKEAP_AP261Y-H_QCA953X_100M_QCA9887_6.4_2021031000.bin.rar,6912150,075e874793cedf7db8a4f2ad0f436241,2021,20210310,集客无线AP_QCA_MIPS
2021/20210310/集客无线AP_QCA_MIPS/JIKEAP_AP262Y-H_QCA956X_1000M_QCA9882_6.4_2021031000.bin.rar,JIKEAP_AP262Y-H_QCA956X_1000M_QCA9882_6.4_2021031000.bin.rar,7730380,330304b5c70d96877665db7af60c305e,2021,20210310,集客无线AP_QCA_MIPS
2021/20210310/集客无线AP_QCA_MIPS/JIKEAP_AP263YS_QCA956X_1000M_QCA9880_6.4_2021031000.bin.rar,JIKEAP_AP263YS_QCA956X_1000M_QCA9880_6.4_2021031000.bin.rar,8082550,06319dec1fe9fe1bb2fd08a49c31186a,2021,20210310,集客无线AP_QCA_MIPS
2021/20210310/集客无线AP_QCA_MIPS/JIKEAP_AP266G-H_QCA955X_1000M_QCA9880_6.4_2021031000.bin.rar,JIKEAP_AP266G-H_QCA955X_1000M_QCA9880_6.4_2021031000.bin.rar,7729140,797cf7fc3c4426fb9b886e6ed0f753f1,2021,20210310,集客无线AP_QCA_MIPS
2021/20210310/集客无线AP_QCA_MIPS/JIKEAP_AP267F-H_QCA956X_1000M_QCA9886_6.4_2021031000.bin.rar,JIKEAP_AP267F-H_QCA956X_1000M_QCA9886_6.4_2021031000.bin.rar,7817030,c89ea414b1e55ac7f2d79bf37b5fd17e,2021,20210310,集客无线AP_QCA_MIPS
2021/20210310/集客无线AP_QCA_MIPS/JIKEAP_AP267F-Hv2_QCA956X_1000M_QCA9886_6.4_2021031000.bin.rar,JIKEAP_AP267F-Hv2_QCA956X_1000M_QCA9886_6.4_2021031000.bin.rar,7817026,eee3b6b09f41b3c57f04293b6e982994,2021,20210310,集客无线AP_QCA_MIPS
2021/20210310/集客无线AP_QCA_MIPS/JIKEAP_AP280F-H_QCA953X_100M_QCA9887_6.4_2021031000.bin.rar,JIKEAP_AP280F-H_QCA953X_100M_QCA9887_6.4_2021031000.bin.rar,6912315,578e005dfb06235cc433a120fff62685,2021,20210310,集客无线AP_QCA_MIPS
2021/20210310/集客无线AP_QCA_MIPS/JIKEAP_AP281Y-H_QCA956X_6.4_2021031000.bin.rar,JIKEAP_AP281Y-H_QCA956X_6.4_2021031000.bin.rar,7817364,19a9d0d1ec7f199ba6417a55bcebce0c,2021,20210310,集客无线AP_QCA_MIPS
2021/20210310/集客无线AP_QCA_MIPS/JIKEAP_AP282T-H_QCA956X_1000M_QCA9882_6.4_2021031000.bin.rar,JIKEAP_AP282T-H_QCA956X_1000M_QCA9882_6.4_2021031000.bin.rar,7730369,3ab6e8d5f9825213cafd7a9dcc21465d,2021,20210310,集客无线AP_QCA_MIPS
2021/20210310/集客无线AP_QCA_MIPS/JIKEAP_AP283Y-H_QCA956X_6.4_2021031000.bin.rar,JIKEAP_AP283Y-H_QCA956X_6.4_2021031000.bin.rar,7730192,6b68d1d9bac594f5dbe4930326f15617,2021,20210310,集客无线AP_QCA_MIPS
2021/20210310/集客无线AP_QCA_MIPS/JIKEAP_AP284Y-H_QCA956X_6.4_2021031000.bin.rar,JIKEAP_AP284Y-H_QCA956X_6.4_2021031000.bin.rar,7817442,c3ad5d868ee4944afdc7b308cc7f18d2,2021,20210310,集客无线AP_QCA_MIPS
2021/20210310/集客无线AP_QCA_MIPS/JIKEAP_AP3513NA_QCA934X_6.4_2021031000.bin.rar,JIKEAP_AP3513NA_QCA934X_6.4_2021031000.bin.rar,6553222,1f6fa607f6d556e51637d2f67545b82a,2021,20210310,集客无线AP_QCA_MIPS
2021/20210310/集客无线AP_QCA_MIPS/JIKEAP_AP49_QCA953X_6.4_2021031000.bin.rar,JIKEAP_AP49_QCA953X_6.4_2021031000.bin.rar,6931459,3869bdf04b434e1f6c46296acdc51225,2021,20210310,集客无线AP_QCA_MIPS
2021/20210310/集客无线AP_QCA_MIPS/JIKEAP_AP630_QCA953X_100M_EPORT_6.4_2021031000.bin.rar,JIKEAP_AP630_QCA953X_100M_EPORT_6.4_2021031000.bin.rar,6554372,50c5f0f681080c565f7525997b4a4100,2021,20210310,集客无线AP_QCA_MIPS
2021/20210310/集客无线AP_QCA_MIPS/JIKEAP_AP630v2_QCA953X_100M_EPORT_6.4_2021031000.bin.rar,JIKEAP_AP630v2_QCA953X_100M_EPORT_6.4_2021031000.bin.rar,6553084,cee2831e7ad654f0365f7f150815cf73,2021,20210310,集客无线AP_QCA_MIPS
2021/20210310/集客无线AP_QCA_MIPS/JIKEAP_AP675_QCA953X_100M_EPORT_6.4_2021031000.bin.rar,JIKEAP_AP675_QCA953X_100M_EPORT_6.4_2021031000.bin.rar,6912335,8830eef7de823cf10f703ffbbb77cce8,2021,20210310,集客无线AP_QCA_MIPS
2021/20210310/集客无线AP_QCA_MIPS/JIKEAP_AP830H_QCA953X_100M_6.4_2021031000.bin.rar,JIKEAP_AP830H_QCA953X_100M_6.4_2021031000.bin.rar,6554415,dce6f9d98481a7d861556e5ec27d1477,2021,20210310,集客无线AP_QCA_MIPS
2021/20210310/集客无线AP_QCA_MIPS/JIKEAP_AP875H_QCA953X_100M_QCA9887_6.4_2021031000.bin.rar,JIKEAP_AP875H_QCA953X_100M_QCA9887_6.4_2021031000.bin.rar,6912279,12cbdfb09d97edfc893ac5dceccc6057,2021,20210310,集客无线AP_QCA_MIPS
2021/20210310/集客无线AP_QCA_MIPS/JIKEAP_AP9344_35P0_QCA934X_1000M_FREE_6.4_2021031000.bin.rar,JIKEAP_AP9344_35P0_QCA934X_1000M_FREE_6.4_2021031000.bin.rar,6554373,0416c9d3cb8a1a1da1c8b5e5abe062e7,2021,20210310,集客无线AP_QCA_MIPS
2021/20210310/集客无线AP_QCA_MIPS/JIKEAP_AP9344_35P4_QCA934X_1000M_FREE_6.4_2021031000.bin.rar,JIKEAP_AP9344_35P4_QCA934X_1000M_FREE_6.4_2021031000.bin.rar,6554301,1e1f80e84532b742fdb6cf237e6c85d8,2021,20210310,集客无线AP_QCA_MIPS
2021/20210310/集客无线AP_QCA_MIPS/JIKEAP_AP9344_8327_QCA934X_1000M_FREE_6.4_2021031000.bin.rar,JIKEAP_AP9344_8327_QCA934X_1000M_FREE_6.4_2021031000.bin.rar,6945358,77b47287e6ccefda5ddf16cd7be47bd4,2021,20210310,集客无线AP_QCA_MIPS
2021/20210310/集客无线AP_QCA_MIPS/JIKEAP_AP9344_M100_QCA934X_100M_FREE_6.4_2021031000.bin.rar,JIKEAP_AP9344_M100_QCA934X_100M_FREE_6.4_2021031000.bin.rar,6554259,7682c2fc480b8ae2431a6f42e412af95,2021,20210310,集客无线AP_QCA_MIPS
2021/20210310/集客无线AP_QCA_MIPS/JIKEAP_AP9344_RTL_QCA934X_1000M_FREE_6.4_2021031000.bin.rar,JIKEAP_AP9344_RTL_QCA934X_1000M_FREE_6.4_2021031000.bin.rar,6554264,682edefa69fe3e3924a0e514b406d66d,2021,20210310,集客无线AP_QCA_MIPS
2021/20210310/集客无线AP_QCA_MIPS/JIKEAP_AP941_QCA953X_100M_FREE_6.4_2021031000.bin.rar,JIKEAP_AP941_QCA953X_100M_FREE_6.4_2021031000.bin.rar,6552840,d989c8e8d30dbbb0c4be29ccff7cb536,2021,20210310,集客无线AP_QCA_MIPS
2021/20210310/集客无线AP_QCA_MIPS/JIKEAP_AP9558_QCA955X_1000M_QCA9880_FREE_6.4_2021031000.bin.rar,JIKEAP_AP9558_QCA955X_1000M_QCA9880_FREE_6.4_2021031000.bin.rar,7730524,b7d49b58ed5a8988357556c71a4afd2c,2021,20210310,集客无线AP_QCA_MIPS
2021/20210310/集客无线AP_QCA_MIPS/JIKEAP_ARIMA2210_QCA934X_EPORT_6.4_2021031000.bin.rar,JIKEAP_ARIMA2210_QCA934X_EPORT_6.4_2021031000.bin.rar,6552909,3738ee9fcf20440a0a2f25c1483e67a0,2021,20210310,集客无线AP_QCA_MIPS
2021/20210310/集客无线AP_QCA_MIPS/JIKEAP_K2TS_QCA956X_1000M_QCA9886_FREE_6.4_2021031000.bin.rar,JIKEAP_K2TS_QCA956X_1000M_QCA9886_FREE_6.4_2021031000.bin.rar,7121964,4dc7ba33d914664174308fe2f54a17dc,2021,20210310,集客无线AP_QCA_MIPS
2021/20210310/集客无线AP_QCA_MIPS/JIKEAP_K2T_QCA956X_1000M_QCA9886_EPORT_FREE_6.4_2021031000.bin.rar,JIKEAP_K2T_QCA956X_1000M_QCA9886_EPORT_FREE_6.4_2021031000.bin.rar,7122530,6c79ca607c01e164f9dd0b9cfe02fe77,2021,20210310,集客无线AP_QCA_MIPS
2021/20210310/集客无线AP_QCA_MIPS/JIKEAP_MI100_QCA934X_100M_FREE_6.4_2021031000.bin.rar,JIKEAP_MI100_QCA934X_100M_FREE_6.4_2021031000.bin.rar,6552914,f200204fd128fa35dcea3cace6748718,2021,20210310,集客无线AP_QCA_MIPS
2021/20210310/集客无线AP_QCA_MIPS/JIKEAP_WPJ563_QCA956X_1000M_QCA9880_6.4_2021031000.bin.rar,JIKEAP_WPJ563_QCA956X_1000M_QCA9880_6.4_2021031000.bin.rar,8082514,3c169aedfa1cd8616ab78faa86a86e38,2021,20210310,集客无线AP_QCA_MIPS
2021/20210310/集客无线AP_QCA_MIPS/release_notes.txt,release_notes.txt,3936,bc989bbd8bff9c8f321057981df6e849,2021,20210310,集客无线AP_QCA_MIPS
2021/20210312/集客无线AP_MTK/JIKEAP_AP118F_MT7628_EPORT_6.4_2021031200.bin.rar,JIKEAP_AP118F_MT7628_EPORT_6.4_2021031200.bin.rar,6360592,b696ed9b8cfec82988ab3192c948133c,2021,20210312,集客无线AP_MTK
2021/20210312/集客无线AP_MTK/JIKEAP_AP210G_MT7620_EPORT_6.4_2021031200.bin.rar,JIKEAP_AP210G_MT7620_EPORT_6.4_2021031200.bin.rar,4927573,5c0ec081390e8c95a5e03e38db50a640,2021,20210312,集客无线AP_MTK
2021/20210312/集客无线AP_MTK/JIKEAP_AP213G_MT7620_EPORT_6.4_2021031200.bin.rar,JIKEAP_AP213G_MT7620_EPORT_6.4_2021031200.bin.rar,6631195,069f969e5062c704177c4c11c39d64c0,2021,20210312,集客无线AP_MTK
2021/20210312/集客无线AP_MTK/JIKEAP_AP230EP_MT7620_withPA_LLELL_EPORT_FREE_6.4_2021031200.bin.rar,JIKEAP_AP230EP_MT7620_withPA_LLELL_EPORT_FREE_6.4_2021031200.bin.rar,6951606,db2cf06c68f3a448b3ba4b50b271fe88,2021,20210312,集客无线AP_MTK
2021/20210312/集客无线AP_MTK/JIKEAP_AP230G_MT7620_RTL_EPORT_FREE_6.4_2021031200.bin.rar,JIKEAP_AP230G_MT7620_RTL_EPORT_FREE_6.4_2021031200.bin.rar,6948911,27d00b8454e3ac9913c5de876bbfe489,2021,20210312,集客无线AP_MTK
2021/20210312/集客无线AP_MTK/JIKEAP_AP230IP_MT7620_noPA_LLELL_EPORT_FREE_6.4_2021031200.bin.rar,JIKEAP_AP230IP_MT7620_noPA_LLELL_EPORT_FREE_6.4_2021031200.bin.rar,6948494,6284574814c5f50f010bd59daedfe089,2021,20210312,集客无线AP_MTK
2021/20210312/集客无线AP_MTK/JIKEAP_AP238AN_MT7628_LLELL_EPORT_FREE_6.4_2021031200.bin.rar,JIKEAP_AP238AN_MT7628_LLELL_EPORT_FREE_6.4_2021031200.bin.rar,7032461,8a458163761550ec566acb18b35a6b66,2021,20210312,集客无线AP_MTK
2021/20210312/集客无线AP_MTK/JIKEAP_AP238WN_MT7628_LLELL_EPORT_6.4_2021031200.bin.rar,JIKEAP_AP238WN_MT7628_LLELL_EPORT_6.4_2021031200.bin.rar,6362317,c7e531b54e131317cba75f516268f717,2021,20210312,集客无线AP_MTK
2021/20210312/集客无线AP_MTK/JIKEAP_AP240P_MT7621_SWITCH_LLLLL_FREE_6.4_2021031200.bin.rar,JIKEAP_AP240P_MT7621_SWITCH_LLLLL_FREE_6.4_2021031200.bin.rar,4448090,98bb5de370e6fdcd10824fab33faf728,2021,20210312,集客无线AP_MTK
2021/20210312/集客无线AP_MTK/JIKEAP_AP242P_MT7621_LLLLL_64M_EPORT_FREE_6.4_2021031200.bin.rar,JIKEAP_AP242P_MT7621_LLLLL_64M_EPORT_FREE_6.4_2021031200.bin.rar,7003530,ccaed85f28f69dd2b384631471a402e5,2021,20210312,集客无线AP_MTK
2021/20210312/集客无线AP_MTK/JIKEAP_AP245P_MT7621_MT7615DN_LLELL_EPORT_FREE_6.4_2021031200.bin.rar,JIKEAP_AP245P_MT7621_MT7615DN_LLELL_EPORT_FREE_6.4_2021031200.bin.rar,5895261,4cfc1e28452615a19a5a44e022fd421b,2021,20210312,集客无线AP_MTK
2021/20210312/集客无线AP_MTK/JIKEAP_AP246HI_MT7621_1000_FREE_6.4_2021031200.bin.rar,JIKEAP_AP246HI_MT7621_1000_FREE_6.4_2021031200.bin.rar,7027315,766b366f982f500f78af97d2aea5c2ea,2021,20210312,集客无线AP_MTK
2021/20210312/集客无线AP_MTK/JIKEAP_AP246ND_MT7621_MT7603_MT7615N_FREE_6.4_2021031200.bin.rar,JIKEAP_AP246ND_MT7621_MT7603_MT7615N_FREE_6.4_2021031200.bin.rar,6391313,1b1560c3d26f8a2f1fe56e6191b34292,2021,20210312,集客无线AP_MTK
2021/20210312/集客无线AP_MTK/JIKEAP_AP246P_MT7621_MT7603_MT7615N_FREE_6.4_2021031200.bin.rar,JIKEAP_AP246P_MT7621_MT7603_MT7615N_FREE_6.4_2021031200.bin.rar,8078455,12b58b4cb9856cd0664a9398115e30d9,2021,20210312,集客无线AP_MTK
2021/20210312/集客无线AP_MTK/JIKEAP_AP24_MT7621_LLELL_EPORT_FREE_6.4_2021031200.bin.rar,JIKEAP_AP24_MT7621_LLELL_EPORT_FREE_6.4_2021031200.bin.rar,7003657,29edcb84e717dd55d2f5d2a26097a72a,2021,20210312,集客无线AP_MTK
2021/20210312/集客无线AP_MTK/JIKEAP_AP261F-H_MT7621_6.4_2021031200.bin.rar,JIKEAP_AP261F-H_MT7621_6.4_2021031200.bin.rar,5535684,4fa52400b1b1c905216599227fccc651,2021,20210312,集客无线AP_MTK
2021/20210312/集客无线AP_MTK/JIKEAP_AP601_MT7620_LEEEE_EPORT_FREE_6.4_2021031200.bin.rar,JIKEAP_AP601_MT7620_LEEEE_EPORT_FREE_6.4_2021031200.bin.rar,4927024,5f369f82f491b4be2b40013b90ed2edf,2021,20210312,集客无线AP_MTK
2021/20210312/集客无线AP_MTK/JIKEAP_AP602_MT7620_32M_LEEEE_EPORT_FREE_6.4_2021031200.bin.rar,JIKEAP_AP602_MT7620_32M_LEEEE_EPORT_FREE_6.4_2021031200.bin.rar,3333678,85c0574b5fed70d93649825b97bd5060,2021,20210312,集客无线AP_MTK
2021/20210312/集客无线AP_MTK/JIKEAP_AX1800B_MT7621_6.4_2021031200.bin.rar,JIKEAP_AX1800B_MT7621_6.4_2021031200.bin.rar,7428454,5e7e2e2736f542d514536380ed989369,2021,20210312,集客无线AP_MTK
2021/20210312/集客无线AP_MTK/JIKEAP_AX1800H_MT7621_MT7915DN_WIFI6_NAND_6.4_2021031200.bin.rar,JIKEAP_AX1800H_MT7621_MT7915DN_WIFI6_NAND_6.4_2021031200.bin.rar,7428458,d4d357d0f6aaeae7a0e71b14c31be88f,2021,20210312,集客无线AP_MTK
2021/20210312/集客无线AP_MTK/JIKEAP_AX1800S_MT7621_MT7915DN_WIFI6_6.4_2021031200.bin.rar,JIKEAP_AX1800S_MT7621_MT7915DN_WIFI6_6.4_2021031200.bin.rar,7428496,9abb3e067decc1edf3fb57af5c87912c,2021,20210312,集客无线AP_MTK
2021/20210312/集客无线AP_MTK/JIKEAP_AX2020_MT7621_EPORT_6.4_2021031200.bin.rar,JIKEAP_AX2020_MT7621_EPORT_6.4_2021031200.bin.rar,7428447,14aac53283111b392e30ef47f486fda6,2021,20210312,集客无线AP_MTK
2021/20210312/集客无线AP_MTK/release_notes.txt,release_notes.txt,4321,0769c9b7cece5fee218f8d94b6f05cb3,2021,20210312,集客无线AP_MTK
2021/20210312/集客无线AP_QCA_IPQ/JIKEAP_AC58U_IPQ40XX_1000M_IPQ4018_FREE_6.4_2021031200.bin.rar,JIKEAP_AC58U_IPQ40XX_1000M_IPQ4018_FREE_6.4_2021031200.bin.rar,10663996,f844ffacac4a5d767b27026340b364fa,2021,20210312,集客无线AP_QCA_IPQ
2021/20210312/集客无线AP_QCA_IPQ/JIKEAP_AC58U_IPQ40XX_6.4_2021031200_opboot.bin.rar,JIKEAP_AC58U_IPQ40XX_6.4_2021031200_opboot.bin.rar,10664061,168f36f3ce5689d8ab792d108e67fb69,2021,20210312,集客无线AP_QCA_IPQ
2021/20210312/集客无线AP_QCA_IPQ/JIKEAP_ACRH17_IPQ40XX_1000M_QCA9984_HT160_FREE_6.4_2021031200.bin.rar,JIKEAP_ACRH17_IPQ40XX_1000M_QCA9984_HT160_FREE_6.4_2021031200.bin.rar,12658665,5717e1040cb7bb295bb50a814a3369c1,2021,20210312,集客无线AP_QCA_IPQ
2021/20210312/集客无线AP_QCA_IPQ/JIKEAP_ACRH17_IPQ40XX_6.4_2021031200_opboot.bin.rar,JIKEAP_ACRH17_IPQ40XX_6.4_2021031200_opboot.bin.rar,12658045,a7e2cea6608a5dd4f7688c85bb6eb185,2021,20210312,集客无线AP_QCA_IPQ
2021/20210312/集客无线AP_QCA_IPQ/JIKEAP_AP118L_IPQ40XX_1000M_EPORT_6.4_2021031200.bin.rar,JIKEAP_AP118L_IPQ40XX_1000M_EPORT_6.4_2021031200.bin.rar,13376324,d6a5c99da7aa8104334f4d215032dfa0,2021,20210312,集客无线AP_QCA_IPQ
2021/20210312/集客无线AP_QCA_IPQ/JIKEAP_AP269X-HG_IPQ40XX_1000M_6.4_2021031200.bin.rar,JIKEAP_AP269X-HG_IPQ40XX_1000M_6.4_2021031200.bin.rar,13376349,103839b412e2cbea859ddddb083dea95,2021,20210312,集客无线AP_QCA_IPQ
2021/20210312/集客无线AP_QCA_IPQ/JIKEAP_AP285F-H_IPQ40XX_1000M_6.4_2021031200.bin.rar,JIKEAP_AP285F-H_IPQ40XX_1000M_6.4_2021031200.bin.rar,13376598,f53dab441cee93a005451ed67b5aaa5f,2021,20210312,集客无线AP_QCA_IPQ
2021/20210312/集客无线AP_QCA_IPQ/JIKEAP_AP320F-H_IPQ40XX_1000M_3RADIO_6.4_2021031200.bin.rar,JIKEAP_AP320F-H_IPQ40XX_1000M_3RADIO_6.4_2021031200.bin.rar,13344236,3aee515ba585b117c118c6421d2228db,2021,20210312,集客无线AP_QCA_IPQ
2021/20210312/集客无线AP_QCA_IPQ/JIKEAP_AP320Y-H_IPQ40XX_1000M_3RADIO_6.4_2021031200.bin.rar,JIKEAP_AP320Y-H_IPQ40XX_1000M_3RADIO_6.4_2021031200.bin.rar,13377059,46d610e0690130ff86afad347a873182,2021,20210312,集客无线AP_QCA_IPQ
2021/20210312/集客无线AP_QCA_IPQ/JIKEAP_AP330F-H_IPQ40XX_1000M_3RADIO_HT160_6.4_2021031200.bin.rar,JIKEAP_AP330F-H_IPQ40XX_1000M_3RADIO_HT160_6.4_2021031200.bin.rar,13344175,5e8270ca5c10f002f2bba61b9c5f1a2a,2021,20210312,集客无线AP_QCA_IPQ
2021/20210312/集客无线AP_QCA_IPQ/JIKEAP_AP386X_IPQ40XX_1000M_3RADIO_6.4_2021031200.bin.rar,JIKEAP_AP386X_IPQ40XX_1000M_3RADIO_6.4_2021031200.bin.rar,13376719,dcce805173926888d09fdc832b8b2f6e,2021,20210312,集客无线AP_QCA_IPQ
2021/20210312/集客无线AP_QCA_IPQ/JIKEAP_AX1800F_IPQ60XX_1000M_WIFI6_6.4_2021031200.bin.rar,JIKEAP_AX1800F_IPQ60XX_1000M_WIFI6_6.4_2021031200.bin.rar,13158558,d65f81453e5fa95252d8430749a0332b,2021,20210312,集客无线AP_QCA_IPQ
2021/20210312/集客无线AP_QCA_IPQ/JIKEAP_AX1800MI_IPQ60XX_1000M_WIFI6_FREE_6.4_2021031200.bin.rar,JIKEAP_AX1800MI_IPQ60XX_1000M_WIFI6_FREE_6.4_2021031200.bin.rar,12405988,cb4157bd5eed2a5cfefecc6342f5fa46,2021,20210312,集客无线AP_QCA_IPQ
2021/20210312/集客无线AP_QCA_IPQ/JIKEAP_AX1800Y_IPQ60XX_6.4_2021031200.bin.rar,JIKEAP_AX1800Y_IPQ60XX_6.4_2021031200.bin.rar,13284739,b80bcb5c807ffa758271d390f774864f,2021,20210312,集客无线AP_QCA_IPQ
2021/20210312/集客无线AP_QCA_IPQ/JIKEAP_AX2180_IPQ60XX_1000M_WIFI6_6.4_2021031200.bin.rar,JIKEAP_AX2180_IPQ60XX_1000M_WIFI6_6.4_2021031200.bin.rar,13268026,580a544eade61c9e264297c4aaee1c3c,2021,20210312,集客无线AP_QCA_IPQ
2021/20210312/集客无线AP_QCA_IPQ/JIKEAP_AX5RM_IPQ60XX_1000M_WIFI6_FREE_6.4_2021031200.bin.rar,JIKEAP_AX5RM_IPQ60XX_1000M_WIFI6_FREE_6.4_2021031200.bin.rar,12405883,eeb38c2e177a5bfaa3feae0584ff40b7,2021,20210312,集客无线AP_QCA_IPQ
2021/20210312/集客无线AP_QCA_IPQ/JIKEAP_AX8180X_IPQ60XX_6.4_2021031200.bin.rar,JIKEAP_AX8180X_IPQ60XX_6.4_2021031200.bin.rar,13152837,61fbbae9478bafb3b52665f5d97d26a8,2021,20210312,集客无线AP_QCA_IPQ
2021/20210312/集客无线AP_QCA_IPQ/JIKEAP_AX8180Y_IPQ60XX_6.4_2021031200.bin.rar,JIKEAP_AX8180Y_IPQ60XX_6.4_2021031200.bin.rar,13290369,d8663f16a31febe7e4f5583921280d2e,2021,20210312,集客无线AP_QCA_IPQ
2021/20210312/集客无线AP_QCA_IPQ/JIKEAP_AXR3100_IPQ40XX_1000M_QCA9984_HT160_FREE_6.4_2021031200.bin.rar,JIKEAP_AXR3100_IPQ40XX_1000M_QCA9984_HT160_FREE_6.4_2021031200.bin.rar,13308574,e48c55528ad40c8b59ac894a61c0cc67,2021,20210312,集客无线AP_QCA_IPQ
2021/20210312/集客无线AP_QCA_IPQ/JIKEAP_CM520_IPQ40XX_1000M_NAND_FREE_6.4_2021031200.bin.rar,JIKEAP_CM520_IPQ40XX_1000M_NAND_FREE_6.4_2021031200.bin.rar,12678719,54ff1f2828a9cfdb1b41e6833be6ec4c,2021,20210312,集客无线AP_QCA_IPQ
2021/20210312/集客无线AP_QCA_IPQ/JIKEAP_HM1800_IPQ60XX_1000M_WIFI6_6.4_2021031200.bin.rar,JIKEAP_HM1800_IPQ60XX_1000M_WIFI6_6.4_2021031200.bin.rar,13265444,de4d3697638ad957276fa9a1ea635761,2021,20210312,集客无线AP_QCA_IPQ
2021/20210312/集客无线AP_QCA_IPQ/release_notes.txt,release_notes.txt,4038,bfcf83ea70d3a674e95cf1bb4371addf,2021,20210312,集客无线AP_QCA_IPQ
2021/20210312/集客无线AP_QCA_IPQ/ubi-JIKEAP_AX1800MI.img.rar,ubi-JIKEAP_AX1800MI.img.rar,12405305,86b09a3872a4d7635b92a176a2279ee2,2021,20210312,集客无线AP_QCA_IPQ
2021/20210312/集客无线AP_QCA_IPQ/ubi-JIKEAP_AX5RM.img.rar,ubi-JIKEAP_AX5RM.img.rar,12404905,072f06f04a8a0c9a101ce428b9ca4915,2021,20210312,集客无线AP_QCA_IPQ
2021/20210312/集客无线AP_QCA_IPQ/ubi-JIKEAP_CM520.img.rar,ubi-JIKEAP_CM520.img.rar,12677890,cecc7610f6ca9c5579e08c8cf2ae2b27,2021,20210312,集客无线AP_QCA_IPQ
2021/20210312/集客无线AP_QCA_MIPS/JIKEAP_AP0141_QCA934X_1000M_FREE_6.4_2021031200.bin.rar,JIKEAP_AP0141_QCA934X_1000M_FREE_6.4_2021031200.bin.rar,6945690,16018204bbd6797f5dc978fd41fee690,2021,20210312,集客无线AP_QCA_MIPS
2021/20210312/集客无线AP_QCA_MIPS/JIKEAP_AP110T_QCA933X_100M_EPORT_FREE_6.4_2021031200.bin.rar,JIKEAP_AP110T_QCA933X_100M_EPORT_FREE_6.4_2021031200.bin.rar,6552698,76367eb5ac1caa25470f982689f69796,2021,20210312,集客无线AP_QCA_MIPS
2021/20210312/集客无线AP_QCA_MIPS/JIKEAP_AP112F_QCA953X_100M_16M_EPORT_6.4_2021031200.bin.rar,JIKEAP_AP112F_QCA953X_100M_16M_EPORT_6.4_2021031200.bin.rar,6554628,f64c2103a71488063c8b87a9ec2f7e44,2021,20210312,集客无线AP_QCA_MIPS
2021/20210312/集客无线AP_QCA_MIPS/JIKEAP_AP112Fv2_QCA953X_100M_8M_EPORT_6.4_2021031200.bin.rar,JIKEAP_AP112Fv2_QCA953X_100M_8M_EPORT_6.4_2021031200.bin.rar,6553330,f6c8027b92eb21d2405dfb32290035bd,2021,20210312,集客无线AP_QCA_MIPS
2021/20210312/集客无线AP_QCA_MIPS/JIKEAP_AP112J_QCA953X_100M_EPORT_6.4_2021031200.bin.rar,JIKEAP_AP112J_QCA953X_100M_EPORT_6.4_2021031200.bin.rar,6554636,e46c54bf6d151f21bcf7987b92af94a3,2021,20210312,集客无线AP_QCA_MIPS
2021/20210312/集客无线AP_QCA_MIPS/JIKEAP_AP112Q_QCA934X_100M_EPORT_FREE_6.4_2021031200.bin.rar,JIKEAP_AP112Q_QCA934X_100M_EPORT_FREE_6.4_2021031200.bin.rar,6553651,f30e4e52828b5cea3662f72198c39df8,2021,20210312,集客无线AP_QCA_MIPS
2021/20210312/集客无线AP_QCA_MIPS/JIKEAP_AP112T_QCA953X_100M_EPORT_6.4_2021031200.bin.rar,JIKEAP_AP112T_QCA953X_100M_EPORT_6.4_2021031200.bin.rar,6553220,736f7173e1c6c2deb416c9b3cd506eb1,2021,20210312,集客无线AP_QCA_MIPS
2021/20210312/集客无线AP_QCA_MIPS/JIKEAP_AP112Y_QCA953X_100M_EPORT_6.4_2021031200.bin.rar,JIKEAP_AP112Y_QCA953X_100M_EPORT_6.4_2021031200.bin.rar,6554618,ac3fab48e9dbddc1f68c9c295945640e,2021,20210312,集客无线AP_QCA_MIPS
2021/20210312/集客无线AP_QCA_MIPS/JIKEAP_AP116F_QCA953X_100M_QCA9887_EPORT_6.4_2021031200.bin.rar,JIKEAP_AP116F_QCA953X_100M_QCA9887_EPORT_6.4_2021031200.bin.rar,6912539,281d9d01562477c18e5324b5cecd3271,2021,20210312,集客无线AP_QCA_MIPS
2021/20210312/集客无线AP_QCA_MIPS/JIKEAP_AP116Q_QCA953X_100M_QCA9887_EPORT_6.4_2021031200.bin.rar,JIKEAP_AP116Q_QCA953X_100M_QCA9887_EPORT_6.4_2021031200.bin.rar,6912587,5389118938b2121636e3a8b102457ab3,2021,20210312,集客无线AP_QCA_MIPS
2021/20210312/集客无线AP_QCA_MIPS/JIKEAP_AP117D_QCA955X_1000M_QCA9880_EPORT_6.4_2021031200.bin.rar,JIKEAP_AP117D_QCA955X_1000M_QCA9880_EPORT_6.4_2021031200.bin.rar,7730928,f25ba322de4096ce6f289c4b48de6a7e,2021,20210312,集客无线AP_QCA_MIPS
2021/20210312/集客无线AP_QCA_MIPS/JIKEAP_AP117Q_QCA956X_1000M_QCA9882_EPORT_6.4_2021031200.bin.rar,JIKEAP_AP117Q_QCA956X_1000M_QCA9882_EPORT_6.4_2021031200.bin.rar,7730931,bace7cee7b40172eb2d5ca5cc14d3a5f,2021,20210312,集客无线AP_QCA_MIPS
2021/20210312/集客无线AP_QCA_MIPS/JIKEAP_AP120_QCA934X_1000M_FREE_6.4_2021031200.bin.rar,JIKEAP_AP120_QCA934X_1000M_FREE_6.4_2021031200.bin.rar,6946706,2f1882ec36ef5750856b78477f79364c,2021,20210312,集客无线AP_QCA_MIPS
2021/20210312/集客无线AP_QCA_MIPS/JIKEAP_AP126F_QCA953X_100M_8M_6.4_2021031200.bin.rar,JIKEAP_AP126F_QCA953X_100M_8M_6.4_2021031200.bin.rar,6553264,9f05caa415136f7c7bd007429803de8f,2021,20210312,集客无线AP_QCA_MIPS
2021/20210312/集客无线AP_QCA_MIPS/JIKEAP_AP130F-H_QCA953X_100M_6.4_2021031200.bin.rar,JIKEAP_AP130F-H_QCA953X_100M_6.4_2021031200.bin.rar,6554479,f339ec17eca4627c551fdd100a4f616d,2021,20210312,集客无线AP_QCA_MIPS
2021/20210312/集客无线AP_QCA_MIPS/JIKEAP_AP130T_QCA934X_100M_AR9341_FREE_6.4_2021031200.bin.rar,JIKEAP_AP130T_QCA934X_100M_AR9341_FREE_6.4_2021031200.bin.rar,6552910,87169ceb2fc4a8d55462694f7744590d,2021,20210312,集客无线AP_QCA_MIPS
2021/20210312/集客无线AP_QCA_MIPS/JIKEAP_AP135T-H_QCA953X_100M_AR9341_6.4_2021031200.bin.rar,JIKEAP_AP135T-H_QCA953X_100M_AR9341_6.4_2021031200.bin.rar,6553161,e25ff28617840350f6fdf276e3a6b49f,2021,20210312,集客无线AP_QCA_MIPS
2021/20210312/集客无线AP_QCA_MIPS/JIKEAP_AP136Y-H_QCA953X_100M_6.4_2021031200.bin.rar,JIKEAP_AP136Y-H_QCA953X_100M_6.4_2021031200.bin.rar,6554403,4c3c8ce0babdd1ddb6e3609151d6ae69,2021,20210312,集客无线AP_QCA_MIPS
2021/20210312/集客无线AP_QCA_MIPS/JIKEAP_AP147_QCA953X_100M_QCA9887_FREE_6.4_2021031200.bin.rar,JIKEAP_AP147_QCA953X_100M_QCA9887_FREE_6.4_2021031200.bin.rar,7691567,4e3ba5dcedeb55c46545c1a954db7d85,2021,20210312,集客无线AP_QCA_MIPS
2021/20210312/集客无线AP_QCA_MIPS/JIKEAP_AP153Y-H_QCA953X_6.4_2021031200.bin.rar,JIKEAP_AP153Y-H_QCA953X_6.4_2021031200.bin.rar,6554513,06d1649b0e2efe9e68279442d2569d36,2021,20210312,集客无线AP_QCA_MIPS
2021/20210312/集客无线AP_QCA_MIPS/JIKEAP_AP185W_QCA934X_6.4_2021031200.bin.rar,JIKEAP_AP185W_QCA934X_6.4_2021031200.bin.rar,6553253,826201cd3fe3ca879819d3b1a3891549,2021,20210312,集客无线AP_QCA_MIPS
2021/20210312/集客无线AP_QCA_MIPS/JIKEAP_AP220G_QCA956X_1000M_QCA9886_EPORT_6.4_2021031200.bin.rar,JIKEAP_AP220G_QCA956X_1000M_QCA9886_EPORT_6.4_2021031200.bin.rar,7817699,43d576e3bcd7ee9f1dd17f798cebb98e,2021,20210312,集客无线AP_QCA_MIPS
2021/20210312/集客无线AP_QCA_MIPS/JIKEAP_AP223G_QCA956X_1000M_QCA9886_EPORT_6.4_2021031200.bin.rar,JIKEAP_AP223G_QCA956X_1000M_QCA9886_EPORT_6.4_2021031200.bin.rar,7795107,cd7a7b698f0c1a94a8a2448a7334cfe8,2021,20210312,集客无线AP_QCA_MIPS
2021/20210312/集客无线AP_QCA_MIPS/JIKEAP_AP260F-H_QCA953X_100M_QCA9887_6.4_2021031200.bin.rar,JIKEAP_AP260F-H_QCA953X_100M_QCA9887_6.4_2021031200.bin.rar,6912450,16b106b27114b5d8c2ca550d403a809b,2021,20210312,集客无线AP_QCA_MIPS
2021/20210312/集客无线AP_QCA_MIPS/JIKEAP_AP260T-H_QCA953X_100M_AR9X82_6.4_2021031200.bin.rar,JIKEAP_AP260T-H_QCA953X_100M_AR9X82_6.4_2021031200.bin.rar,6554492,37c19413fa5b03cfa612545991e451c8,2021,20210312,集客无线AP_QCA_MIPS
2021/20210312/集客无线AP_QCA_MIPS/JIKEAP_AP261Y-H_QCA953X_100M_QCA9887_6.4_2021031200.bin.rar,JIKEAP_AP261Y-H_QCA953X_100M_QCA9887_6.4_2021031200.bin.rar,6912424,c7ce0de57404151d4eef39c7d14578ee,2021,20210312,集客无线AP_QCA_MIPS
2021/20210312/集客无线AP_QCA_MIPS/JIKEAP_AP263YS_QCA956X_1000M_QCA9880_6.4_2021031200.bin.rar,JIKEAP_AP263YS_QCA956X_1000M_QCA9880_6.4_2021031200.bin.rar,8082721,b8a7f39537b74405dbf7f601fad8d206,2021,20210312,集客无线AP_QCA_MIPS
2021/20210312/集客无线AP_QCA_MIPS/JIKEAP_AP266G-H_QCA955X_1000M_QCA9880_6.4_2021031200.bin.rar,JIKEAP_AP266G-H_QCA955X_1000M_QCA9880_6.4_2021031200.bin.rar,7729249,c458864917413510c3f9e0d4f02271a8,2021,20210312,集客无线AP_QCA_MIPS
2021/20210312/集客无线AP_QCA_MIPS/JIKEAP_AP267F-H_QCA956X_1000M_QCA9886_6.4_2021031200.bin.rar,JIKEAP_AP267F-H_QCA956X_1000M_QCA9886_6.4_2021031200.bin.rar,7817238,cdb044c9a4a23f7f396c582802389d7c,2021,20210312,集客无线AP_QCA_MIPS
2021/20210312/集客无线AP_QCA_MIPS/JIKEAP_AP267F-Hv2_QCA956X_1000M_QCA9886_6.4_2021031200.bin.rar,JIKEAP_AP267F-Hv2_QCA956X_1000M_QCA9886_6.4_2021031200.bin.rar,7817152,1169a989a6324827756ec678b00c98c7,2021,20210312,集客无线AP_QCA_MIPS
2021/20210312/集客无线AP_QCA_MIPS/JIKEAP_AP280F-H_QCA953X_100M_QCA9887_6.4_2021031200.bin.rar,JIKEAP_AP280F-H_QCA953X_100M_QCA9887_6.4_2021031200.bin.rar,6912551,2bf92c8161b30967adab76ab0a8787c1,2021,20210312,集客无线AP_QCA_MIPS
2021/20210312/集客无线AP_QCA_MIPS/JIKEAP_AP281Y-H_QCA956X_6.4_2021031200.bin.rar,JIKEAP_AP281Y-H_QCA956X_6.4_2021031200.bin.rar,7817575,5028e0d7f9a2718e580dbad8e81c8852,2021,20210312,集客无线AP_QCA_MIPS
2021/20210312/集客无线AP_QCA_MIPS/JIKEAP_AP282T-H_QCA956X_1000M_QCA9882_6.4_2021031200.bin.rar,JIKEAP_AP282T-H_QCA956X_1000M_QCA9882_6.4_2021031200.bin.rar,7730565,f048d81b93c8b3368d4d8f3b6f5bcffb,2021,20210312,集客无线AP_QCA_MIPS
2021/20210312/集客无线AP_QCA_MIPS/JIKEAP_AP283Y-H_QCA956X_6.4_2021031200.bin.rar,JIKEAP_AP283Y-H_QCA956X_6.4_2021031200.bin.rar,7730443,5afbe71c8f32cb6527facaf5c0a82349,2021,20210312,集客无线AP_QCA_MIPS
2021/20210312/集客无线AP_QCA_MIPS/JIKEAP_AP284Y-H_QCA956X_6.4_2021031200.bin.rar,JIKEAP_AP284Y-H_QCA956X_6.4_2021031200.bin.rar,7817597,f59eee082cd2f7c9667ef45e2c143648,2021,20210312,集客无线AP_QCA_MIPS
2021/20210312/集客无线AP_QCA_MIPS/JIKEAP_AP3513NA_QCA934X_6.4_2021031200.bin.rar,JIKEAP_AP3513NA_QCA934X_6.4_2021031200.bin.rar,6553424,8ed1a547c4d69fd18401bb1523da1657,2021,20210312,集客无线AP_QCA_MIPS
2021/20210312/集客无线AP_QCA_MIPS/JIKEAP_AP49_QCA953X_6.4_2021031200.bin.rar,JIKEAP_AP49_QCA953X_6.4_2021031200.bin.rar,6931698,fde72fdc933a44d3de2f37b570c94a5b,2021,20210312,集客无线AP_QCA_MIPS
2021/20210312/集客无线AP_QCA_MIPS/JIKEAP_AP630_QCA953X_100M_EPORT_6.4_2021031200.bin.rar,JIKEAP_AP630_QCA953X_100M_EPORT_6.4_2021031200.bin.rar,6554582,4ae11341eac931f99647c89a689aaba8,2021,20210312,集客无线AP_QCA_MIPS
2021/20210312/集客无线AP_QCA_MIPS/JIKEAP_AP630v2_QCA953X_100M_EPORT_6.4_2021031200.bin.rar,JIKEAP_AP630v2_QCA953X_100M_EPORT_6.4_2021031200.bin.rar,6553376,b627438c869784043168272c6af4b372,2021,20210312,集客无线AP_QCA_MIPS
2021/20210312/集客无线AP_QCA_MIPS/JIKEAP_AP675_QCA953X_100M_EPORT_6.4_2021031200.bin.rar,JIKEAP_AP675_QCA953X_100M_EPORT_6.4_2021031200.bin.rar,6912574,03aaf06549a5fcf0ee722d1905debec4,2021,20210312,集客无线AP_QCA_MIPS
2021/20210312/集客无线AP_QCA_MIPS/JIKEAP_AP830H_QCA953X_100M_6.4_2021031200.bin.rar,JIKEAP_AP830H_QCA953X_100M_6.4_2021031200.bin.rar,6554509,3bddc57479bf3c97b5c60482679812f9,2021,20210312,集客无线AP_QCA_MIPS
2021/20210312/集客无线AP_QCA_MIPS/JIKEAP_AP875H_QCA953X_100M_QCA9887_6.4_2021031200.bin.rar,JIKEAP_AP875H_QCA953X_100M_QCA9887_6.4_2021031200.bin.rar,6912515,373303f8ac703a92901a6e1493d9b8d5,2021,20210312,集客无线AP_QCA_MIPS
2021/20210312/集客无线AP_QCA_MIPS/JIKEAP_AP9344_35P0_QCA934X_1000M_FREE_6.4_2021031200.bin.rar,JIKEAP_AP9344_35P0_QCA934X_1000M_FREE_6.4_2021031200.bin.rar,6554521,32b2aba61aab762b55f8e9258028d141,2021,20210312,集客无线AP_QCA_MIPS
2021/20210312/集客无线AP_QCA_MIPS/JIKEAP_AP9344_35P4_QCA934X_1000M_FREE_6.4_2021031200.bin.rar,JIKEAP_AP9344_35P4_QCA934X_1000M_FREE_6.4_2021031200.bin.rar,6554570,8d0d825f12f48d453233c49c935a1838,2021,20210312,集客无线AP_QCA_MIPS
2021/20210312/集客无线AP_QCA_MIPS/JIKEAP_AP9344_8327_QCA934X_1000M_FREE_6.4_2021031200.bin.rar,JIKEAP_AP9344_8327_QCA934X_1000M_FREE_6.4_2021031200.bin.rar,6945586,c6302e50e1bf60e2336339395152c466,2021,20210312,集客无线AP_QCA_MIPS
2021/20210312/集客无线AP_QCA_MIPS/JIKEAP_AP9344_M100_QCA934X_100M_FREE_6.4_2021031200.bin.rar,JIKEAP_AP9344_M100_QCA934X_100M_FREE_6.4_2021031200.bin.rar,6554382,a865293a3208a77eff4e503e391e46c2,2021,20210312,集客无线AP_QCA_MIPS
2021/20210312/集客无线AP_QCA_MIPS/JIKEAP_AP9344_RTL_QCA934X_1000M_FREE_6.4_2021031200.bin.rar,JIKEAP_AP9344_RTL_QCA934X_1000M_FREE_6.4_2021031200.bin.rar,6554408,70888c3749bd19d04a102fa270f32bdb,2021,20210312,集客无线AP_QCA_MIPS
2021/20210312/集客无线AP_QCA_MIPS/JIKEAP_AP941_QCA953X_100M_FREE_6.4_2021031200.bin.rar,JIKEAP_AP941_QCA953X_100M_FREE_6.4_2021031200.bin.rar,6552997,f398b1a3651971bbc374f745ef1224e3,2021,20210312,集客无线AP_QCA_MIPS
2021/20210312/集客无线AP_QCA_MIPS/JIKEAP_AP9558_QCA955X_1000M_QCA9880_FREE_6.4_2021031200.bin.rar,JIKEAP_AP9558_QCA955X_1000M_QCA9880_FREE_6.4_2021031200.bin.rar,7730595,3682a0a3a24ecb7af3a3bf16174426b2,2021,20210312,集客无线AP_QCA_MIPS
2021/20210312/集客无线AP_QCA_MIPS/JIKEAP_ARIMA2210_QCA934X_EPORT_6.4_2021031200.bin.rar,JIKEAP_ARIMA2210_QCA934X_EPORT_6.4_2021031200.bin.rar,6553156,c89fd0fa8ec7e4b093861a4d5c7f7c28,2021,20210312,集客无线AP_QCA_MIPS
2021/20210312/集客无线AP_QCA_MIPS/JIKEAP_K2TS_QCA956X_1000M_QCA9886_FREE_6.4_2021031200.bin.rar,JIKEAP_K2TS_QCA956X_1000M_QCA9886_FREE_6.4_2021031200.bin.rar,7122227,012f63059242e9d47d667f3c12ea3e59,2021,20210312,集客无线AP_QCA_MIPS
2021/20210312/集客无线AP_QCA_MIPS/JIKEAP_K2T_QCA956X_1000M_QCA9886_EPORT_FREE_6.4_2021031200.bin.rar,JIKEAP_K2T_QCA956X_1000M_QCA9886_EPORT_FREE_6.4_2021031200.bin.rar,7122666,dff4acbcf63885a5c17519da3d1bb266,2021,20210312,集客无线AP_QCA_MIPS
2021/20210312/集客无线AP_QCA_MIPS/JIKEAP_MI100_QCA934X_100M_FREE_6.4_2021031200.bin.rar,JIKEAP_MI100_QCA934X_100M_FREE_6.4_2021031200.bin.rar,6553176,92fdc0fff8d908727760db6d6aae8542,2021,20210312,集客无线AP_QCA_MIPS
2021/20210312/集客无线AP_QCA_MIPS/JIKEAP_WPJ563_QCA956X_1000M_QCA9880_6.4_2021031200.bin.rar,JIKEAP_WPJ563_QCA956X_1000M_QCA9880_6.4_2021031200.bin.rar,8082711,7c4df543a66956417172a24efd472641,2021,20210312,集客无线AP_QCA_MIPS
2021/20210312/集客无线AP_QCA_MIPS/release_notes.txt,release_notes.txt,4038,bfcf83ea70d3a674e95cf1bb4371addf,2021,20210312,集客无线AP_QCA_MIPS
2021/20210314/集客无线AP_MTK/JIKEAP_AP118F_MT7628_EPORT_6.4_2021031500.bin.rar,JIKEAP_AP118F_MT7628_EPORT_6.4_2021031500.bin.rar,6360838,c0a612fb4c345c785a2b74fd0f0a9a1c,2021,20210314,集客无线AP_MTK
2021/20210314/集客无线AP_MTK/JIKEAP_AP210G_MT7620_EPORT_6.4_2021031500.bin.rar,JIKEAP_AP210G_MT7620_EPORT_6.4_2021031500.bin.rar,4927520,f133e1aa6de84833b2b390eb1cfbdc3e,2021,20210314,集客无线AP_MTK
2021/20210314/集客无线AP_MTK/JIKEAP_AP213G_MT7620_EPORT_6.4_2021031500.bin.rar,JIKEAP_AP213G_MT7620_EPORT_6.4_2021031500.bin.rar,6631645,66937d7d54ece493b81e3399832a21e7,2021,20210314,集客无线AP_MTK
2021/20210314/集客无线AP_MTK/JIKEAP_AP230EP_MT7620_withPA_LLELL_EPORT_FREE_6.4_2021031500.bin.rar,JIKEAP_AP230EP_MT7620_withPA_LLELL_EPORT_FREE_6.4_2021031500.bin.rar,6950380,6c1241d7ba2ef2b6474d557353ada463,2021,20210314,集客无线AP_MTK
2021/20210314/集客无线AP_MTK/JIKEAP_AP230G_MT7620_RTL_EPORT_FREE_6.4_2021031500.bin.rar,JIKEAP_AP230G_MT7620_RTL_EPORT_FREE_6.4_2021031500.bin.rar,6947767,54de2eea2e07d798118bb699bac0e7e3,2021,20210314,集客无线AP_MTK
2021/20210314/集客无线AP_MTK/JIKEAP_AP230IP_MT7620_noPA_LLELL_EPORT_FREE_6.4_2021031500.bin.rar,JIKEAP_AP230IP_MT7620_noPA_LLELL_EPORT_FREE_6.4_2021031500.bin.rar,6947266,a96574e3b17266a38881af5ac261321f,2021,20210314,集客无线AP_MTK
2021/20210314/集客无线AP_MTK/JIKEAP_AP238AN_MT7628_LLELL_EPORT_FREE_6.4_2021031500.bin.rar,JIKEAP_AP238AN_MT7628_LLELL_EPORT_FREE_6.4_2021031500.bin.rar,7031355,c656a937ac42c07f8bc3c5c9c318880f,2021,20210314,集客无线AP_MTK
2021/20210314/集客无线AP_MTK/JIKEAP_AP238WN_MT7628_LLELL_EPORT_6.4_2021031500.bin.rar,JIKEAP_AP238WN_MT7628_LLELL_EPORT_6.4_2021031500.bin.rar,6361006,281ac5f60a16d3870bcc72816ee5fa9d,2021,20210314,集客无线AP_MTK
2021/20210314/集客无线AP_MTK/JIKEAP_AP240P_MT7621_SWITCH_LLLLL_FREE_6.4_2021031500.bin.rar,JIKEAP_AP240P_MT7621_SWITCH_LLLLL_FREE_6.4_2021031500.bin.rar,4448176,b66ae52ada7ba0879d4d5ad7212e8684,2021,20210314,集客无线AP_MTK
2021/20210314/集客无线AP_MTK/JIKEAP_AP242P_MT7621_LLLLL_64M_EPORT_FREE_6.4_2021031500.bin.rar,JIKEAP_AP242P_MT7621_LLLLL_64M_EPORT_FREE_6.4_2021031500.bin.rar,7003813,9fddecc316068de980dd4593c92811d1,2021,20210314,集客无线AP_MTK
2021/20210314/集客无线AP_MTK/JIKEAP_AP245P_MT7621_MT7615DN_LLELL_EPORT_FREE_6.4_2021031500.bin.rar,JIKEAP_AP245P_MT7621_MT7615DN_LLELL_EPORT_FREE_6.4_2021031500.bin.rar,5895629,5e3a0575ad943d592fdbe6e1b652970e,2021,20210314,集客无线AP_MTK
2021/20210314/集客无线AP_MTK/JIKEAP_AP246HI_MT7621_1000_FREE_6.4_2021031500.bin.rar,JIKEAP_AP246HI_MT7621_1000_FREE_6.4_2021031500.bin.rar,7027546,0567613d647d3a6883420932c4abebf8,2021,20210314,集客无线AP_MTK
2021/20210314/集客无线AP_MTK/JIKEAP_AP246ND_MT7621_MT7603_MT7615N_FREE_6.4_2021031500.bin.rar,JIKEAP_AP246ND_MT7621_MT7603_MT7615N_FREE_6.4_2021031500.bin.rar,6390334,3e8d985e6cd3bd12c99aa81b1fe7ebf4,2021,20210314,集客无线AP_MTK
2021/20210314/集客无线AP_MTK/JIKEAP_AP246P_MT7621_MT7603_MT7615N_FREE_6.4_2021031500.bin.rar,JIKEAP_AP246P_MT7621_MT7603_MT7615N_FREE_6.4_2021031500.bin.rar,8077742,6599a079af766e462d3f691420c6816c,2021,20210314,集客无线AP_MTK
2021/20210314/集客无线AP_MTK/JIKEAP_AP24_MT7621_LLELL_EPORT_FREE_6.4_2021031500.bin.rar,JIKEAP_AP24_MT7621_LLELL_EPORT_FREE_6.4_2021031500.bin.rar,7003917,20909b158a1caa6c611e96be309a143c,2021,20210314,集客无线AP_MTK
2021/20210314/集客无线AP_MTK/JIKEAP_AP261F-H_MT7621_6.4_2021031500.bin.rar,JIKEAP_AP261F-H_MT7621_6.4_2021031500.bin.rar,5535978,9482d2000cdc7ce1f2a83a8f67d0b29c,2021,20210314,集客无线AP_MTK
2021/20210314/集客无线AP_MTK/JIKEAP_AP601_MT7620_LEEEE_EPORT_FREE_6.4_2021031500.bin.rar,JIKEAP_AP601_MT7620_LEEEE_EPORT_FREE_6.4_2021031500.bin.rar,4927075,1be77a38e4b9eb76b6e41ab50b99e20a,2021,20210314,集客无线AP_MTK
2021/20210314/集客无线AP_MTK/JIKEAP_AP602_MT7620_32M_LEEEE_EPORT_FREE_6.4_2021031500.bin.rar,JIKEAP_AP602_MT7620_32M_LEEEE_EPORT_FREE_6.4_2021031500.bin.rar,3333668,68d1cfd19f362552c35b086a032ceb4e,2021,20210314,集客无线AP_MTK
2021/20210314/集客无线AP_MTK/JIKEAP_AX1800B_MT7621_6.4_2021031500.bin.rar,JIKEAP_AX1800B_MT7621_6.4_2021031500.bin.rar,7430173,00fcc35ab1f1a0faa8806c67ff403cec,2021,20210314,集客无线AP_MTK
2021/20210314/集客无线AP_MTK/JIKEAP_AX1800H_MT7621_MT7915DN_WIFI6_NAND_6.4_2021031500.bin.rar,JIKEAP_AX1800H_MT7621_MT7915DN_WIFI6_NAND_6.4_2021031500.bin.rar,7430273,318a4b5a069604280bd87a637dcdd8c2,2021,20210314,集客无线AP_MTK
2021/20210314/集客无线AP_MTK/JIKEAP_AX1800S_MT7621_MT7915DN_WIFI6_6.4_2021031500.bin.rar,JIKEAP_AX1800S_MT7621_MT7915DN_WIFI6_6.4_2021031500.bin.rar,7430257,ce074a97073c11f61d15e296c632f927,2021,20210314,集客无线AP_MTK
2021/20210314/集客无线AP_MTK/JIKEAP_AX2020_MT7621_EPORT_6.4_2021031500.bin.rar,JIKEAP_AX2020_MT7621_EPORT_6.4_2021031500.bin.rar,7430264,ef72c02c0b115cf3ed8e14f931349502,2021,20210314,集客无线AP_MTK
2021/20210314/集客无线AP_MTK/release_notes.txt,release_notes.txt,4434,80922396a717a023ef96a77d4e065585,2021,20210314,集客无线AP_MTK
2021/20210314/集客无线AP_QCA_IPQ/JIKEAP_AC58U_IPQ40XX_1000M_IPQ4018_FREE_6.4_2021031300.bin.rar,JIKEAP_AC58U_IPQ40XX_1000M_IPQ4018_FREE_6.4_2021031300.bin.rar,10664037,1fa1c095a92029303665c34d82d8209e,2021,20210314,集客无线AP_QCA_IPQ
2021/20210314/集客无线AP_QCA_IPQ/JIKEAP_AC58U_IPQ40XX_6.4_2021031300_opboot.bin.rar,JIKEAP_AC58U_IPQ40XX_6.4_2021031300_opboot.bin.rar,10664092,c43d5bf55cb52f7edfb5cd4f23d4023e,2021,20210314,集客无线AP_QCA_IPQ
2021/20210314/集客无线AP_QCA_IPQ/JIKEAP_ACRH17_IPQ40XX_1000M_QCA9984_HT160_FREE_6.4_2021031300.bin.rar,JIKEAP_ACRH17_IPQ40XX_1000M_QCA9984_HT160_FREE_6.4_2021031300.bin.rar,12658803,1f949fe2c2364c03b3e77eccd2bbcfc1,2021,20210314,集客无线AP_QCA_IPQ
2021/20210314/集客无线AP_QCA_IPQ/JIKEAP_ACRH17_IPQ40XX_6.4_2021031300_opboot.bin.rar,JIKEAP_ACRH17_IPQ40XX_6.4_2021031300_opboot.bin.rar,12658152,0e94491fef2da21fa5df7db47229e8f8,2021,20210314,集客无线AP_QCA_IPQ
2021/20210314/集客无线AP_QCA_IPQ/JIKEAP_AP118L_IPQ40XX_1000M_EPORT_6.4_2021031300.bin.rar,JIKEAP_AP118L_IPQ40XX_1000M_EPORT_6.4_2021031300.bin.rar,13376340,c70a563a6a8d2f5d466d6947ba43a3cd,2021,20210314,集客无线AP_QCA_IPQ
2021/20210314/集客无线AP_QCA_IPQ/JIKEAP_AP269X-HG_IPQ40XX_1000M_6.4_2021031300.bin.rar,JIKEAP_AP269X-HG_IPQ40XX_1000M_6.4_2021031300.bin.rar,13376309,68ca28885dbe602f9c24170855ea0dfd,2021,20210314,集客无线AP_QCA_IPQ
2021/20210314/集客无线AP_QCA_IPQ/JIKEAP_AP285F-H_IPQ40XX_1000M_6.4_2021031300.bin.rar,JIKEAP_AP285F-H_IPQ40XX_1000M_6.4_2021031300.bin.rar,13376579,2b08d4d177b78548a5e7582190e5e293,2021,20210314,集客无线AP_QCA_IPQ
2021/20210314/集客无线AP_QCA_IPQ/JIKEAP_AP320Y-H_IPQ40XX_1000M_3RADIO_6.4_2021031300.bin.rar,JIKEAP_AP320Y-H_IPQ40XX_1000M_3RADIO_6.4_2021031300.bin.rar,13377078,60fb1473e0d3f9d09f8db190c43b14fd,2021,20210314,集客无线AP_QCA_IPQ
2021/20210314/集客无线AP_QCA_IPQ/JIKEAP_AP330F-H_IPQ40XX_1000M_3RADIO_HT160_6.4_2021031300.bin.rar,JIKEAP_AP330F-H_IPQ40XX_1000M_3RADIO_HT160_6.4_2021031300.bin.rar,13344208,cb6a7bd19c59c08c2e0b13c6ddb1ae3e,2021,20210314,集客无线AP_QCA_IPQ
2021/20210314/集客无线AP_QCA_IPQ/JIKEAP_AP386X_IPQ40XX_1000M_3RADIO_6.4_2021031300.bin.rar,JIKEAP_AP386X_IPQ40XX_1000M_3RADIO_6.4_2021031300.bin.rar,13376652,bdc32cf830db673a48da81fb0839532e,2021,20210314,集客无线AP_QCA_IPQ
2021/20210314/集客无线AP_QCA_IPQ/JIKEAP_AX1800F_IPQ60XX_1000M_WIFI6_6.4_2021031300.bin.rar,JIKEAP_AX1800F_IPQ60XX_1000M_WIFI6_6.4_2021031300.bin.rar,13158453,2efd479f6588c36e060e515ae0f30e6e,2021,20210314,集客无线AP_QCA_IPQ
2021/20210314/集客无线AP_QCA_IPQ/JIKEAP_AX1800MI_IPQ60XX_1000M_WIFI6_FREE_6.4_2021031300.bin.rar,JIKEAP_AX1800MI_IPQ60XX_1000M_WIFI6_FREE_6.4_2021031300.bin.rar,12406391,a3e2ca113448612be6121e835e6cb497,2021,20210314,集客无线AP_QCA_IPQ
2021/20210314/集客无线AP_QCA_IPQ/JIKEAP_AX1800Y_IPQ60XX_6.4_2021031300.bin.rar,JIKEAP_AX1800Y_IPQ60XX_6.4_2021031300.bin.rar,13284703,9b43122f25b36d5e4424c4e20763b2ed,2021,20210314,集客无线AP_QCA_IPQ
2021/20210314/集客无线AP_QCA_IPQ/JIKEAP_AX2180_IPQ60XX_1000M_WIFI6_6.4_2021031300.bin.rar,JIKEAP_AX2180_IPQ60XX_1000M_WIFI6_6.4_2021031300.bin.rar,13268343,f4cb5a47cc8586d398b87ac8658da35a,2021,20210314,集客无线AP_QCA_IPQ
2021/20210314/集客无线AP_QCA_IPQ/JIKEAP_AX5RM_IPQ60XX_1000M_WIFI6_FREE_6.4_2021031300.bin.rar,JIKEAP_AX5RM_IPQ60XX_1000M_WIFI6_FREE_6.4_2021031300.bin.rar,12405964,1ebb8e5a22070aee0da70529f4f91355,2021,20210314,集客无线AP_QCA_IPQ
2021/20210314/集客无线AP_QCA_IPQ/JIKEAP_AX8180X_IPQ60XX_6.4_2021031300.bin.rar,JIKEAP_AX8180X_IPQ60XX_6.4_2021031300.bin.rar,13153219,29bbb56566975153f802e733660681b0,2021,20210314,集客无线AP_QCA_IPQ
2021/20210314/集客无线AP_QCA_IPQ/JIKEAP_AX8180Y_IPQ60XX_6.4_2021031300.bin.rar,JIKEAP_AX8180Y_IPQ60XX_6.4_2021031300.bin.rar,13290616,c136cc195e30f33c58ed169236a91ed4,2021,20210314,集客无线AP_QCA_IPQ
2021/20210314/集客无线AP_QCA_IPQ/JIKEAP_AXR3100_IPQ40XX_1000M_QCA9984_HT160_FREE_6.4_2021031300.bin.rar,JIKEAP_AXR3100_IPQ40XX_1000M_QCA9984_HT160_FREE_6.4_2021031300.bin.rar,13308674,f99a11705d2a195491e079a8e8fdbcb6,2021,20210314,集客无线AP_QCA_IPQ
2021/20210314/集客无线AP_QCA_IPQ/JIKEAP_CM520_IPQ40XX_1000M_NAND_FREE_6.4_2021031300.bin.rar,JIKEAP_CM520_IPQ40XX_1000M_NAND_FREE_6.4_2021031300.bin.rar,12678752,bd745df739453c280e8921c66f242092,2021,20210314,集客无线AP_QCA_IPQ
2021/20210314/集客无线AP_QCA_IPQ/JIKEAP_HM1800_IPQ60XX_1000M_WIFI6_6.4_2021031300.bin.rar,JIKEAP_HM1800_IPQ60XX_1000M_WIFI6_6.4_2021031300.bin.rar,13265398,a308a5f7bb082de023d46c65cbfe57c2,2021,20210314,集客无线AP_QCA_IPQ
2021/20210314/集客无线AP_QCA_IPQ/release_notes.txt,release_notes.txt,4164,7d0c19873deeff12bdc67d3689f8f8c0,2021,20210314,集客无线AP_QCA_IPQ
2021/20210314/集客无线AP_QCA_IPQ/ubi-JIKEAP_AX1800MI.img.rar,ubi-JIKEAP_AX1800MI.img.rar,12405580,5c7d68c9e6820d6cc1f2a69dd4bb194d,2021,20210314,集客无线AP_QCA_IPQ
2021/20210314/集客无线AP_QCA_IPQ/ubi-JIKEAP_AX5RM.img.rar,ubi-JIKEAP_AX5RM.img.rar,12404843,0a3a4dd8761cc505a4ef2bcd662b7c82,2021,20210314,集客无线AP_QCA_IPQ
2021/20210314/集客无线AP_QCA_IPQ/ubi-JIKEAP_CM520.img.rar,ubi-JIKEAP_CM520.img.rar,12677859,30acc82193210abbb2ceb7931a5b7f10,2021,20210314,集客无线AP_QCA_IPQ
2021/20210314/集客无线AP_QCA_MIPS/JIKEAP_AP0141_QCA934X_1000M_FREE_6.4_2021031300.bin.rar,JIKEAP_AP0141_QCA934X_1000M_FREE_6.4_2021031300.bin.rar,6945710,50260c6380dbf09271c22f9ca134801e,2021,20210314,集客无线AP_QCA_MIPS
2021/20210314/集客无线AP_QCA_MIPS/JIKEAP_AP110T_QCA933X_100M_EPORT_FREE_6.4_2021031300.bin.rar,JIKEAP_AP110T_QCA933X_100M_EPORT_FREE_6.4_2021031300.bin.rar,6552695,1bde4b09bb97c774501ff82a0e5381c5,2021,20210314,集客无线AP_QCA_MIPS
2021/20210314/集客无线AP_QCA_MIPS/JIKEAP_AP112F_QCA953X_100M_16M_EPORT_6.4_2021031300.bin.rar,JIKEAP_AP112F_QCA953X_100M_16M_EPORT_6.4_2021031300.bin.rar,6554535,fd26b386462e7a3099cfbd746b126f53,2021,20210314,集客无线AP_QCA_MIPS
2021/20210314/集客无线AP_QCA_MIPS/JIKEAP_AP112Fv2_QCA953X_100M_8M_EPORT_6.4_2021031300.bin.rar,JIKEAP_AP112Fv2_QCA953X_100M_8M_EPORT_6.4_2021031300.bin.rar,6553311,14b48f3ced0a013fe66452569e6659ea,2021,20210314,集客无线AP_QCA_MIPS
2021/20210314/集客无线AP_QCA_MIPS/JIKEAP_AP112J_QCA953X_100M_EPORT_6.4_2021031300.bin.rar,JIKEAP_AP112J_QCA953X_100M_EPORT_6.4_2021031300.bin.rar,6554604,42ff43b910f81c3a3856282175e55846,2021,20210314,集客无线AP_QCA_MIPS
2021/20210314/集客无线AP_QCA_MIPS/JIKEAP_AP112Q_QCA934X_100M_EPORT_FREE_6.4_2021031300.bin.rar,JIKEAP_AP112Q_QCA934X_100M_EPORT_FREE_6.4_2021031300.bin.rar,6553568,536f710524b3770cefe29792a3eb57be,2021,20210314,集客无线AP_QCA_MIPS
2021/20210314/集客无线AP_QCA_MIPS/JIKEAP_AP112T_QCA953X_100M_EPORT_6.4_2021031300.bin.rar,JIKEAP_AP112T_QCA953X_100M_EPORT_6.4_2021031300.bin.rar,6553195,0ef776b962ecf3a78fb099728a2cc8e3,2021,20210314,集客无线AP_QCA_MIPS
2021/20210314/集客无线AP_QCA_MIPS/JIKEAP_AP112Y_QCA953X_100M_EPORT_6.4_2021031300.bin.rar,JIKEAP_AP112Y_QCA953X_100M_EPORT_6.4_2021031300.bin.rar,6554622,46488db971c0dcbdcd6d94aa3d1a029f,2021,20210314,集客无线AP_QCA_MIPS
2021/20210314/集客无线AP_QCA_MIPS/JIKEAP_AP116F_QCA953X_100M_QCA9887_EPORT_6.4_2021031300.bin.rar,JIKEAP_AP116F_QCA953X_100M_QCA9887_EPORT_6.4_2021031300.bin.rar,6912600,91e2789e852ba23ec236b7bfdd1b1a00,2021,20210314,集客无线AP_QCA_MIPS
2021/20210314/集客无线AP_QCA_MIPS/JIKEAP_AP116Q_QCA953X_100M_QCA9887_EPORT_6.4_2021031300.bin.rar,JIKEAP_AP116Q_QCA953X_100M_QCA9887_EPORT_6.4_2021031300.bin.rar,6912662,0b0d20b6ad4415484de3acd8127f3fbb,2021,20210314,集客无线AP_QCA_MIPS
2021/20210314/集客无线AP_QCA_MIPS/JIKEAP_AP117D_QCA955X_1000M_QCA9880_EPORT_6.4_2021031300.bin.rar,JIKEAP_AP117D_QCA955X_1000M_QCA9880_EPORT_6.4_2021031300.bin.rar,7731007,739b4834c272e766958a98ecef319335,2021,20210314,集客无线AP_QCA_MIPS
2021/20210314/集客无线AP_QCA_MIPS/JIKEAP_AP117Q_QCA956X_1000M_QCA9882_EPORT_6.4_2021031300.bin.rar,JIKEAP_AP117Q_QCA956X_1000M_QCA9882_EPORT_6.4_2021031300.bin.rar,7731003,40c25e5bf13af3c100922e8e2d085bce,2021,20210314,集客无线AP_QCA_MIPS
2021/20210314/集客无线AP_QCA_MIPS/JIKEAP_AP120_QCA934X_1000M_FREE_6.4_2021031300.bin.rar,JIKEAP_AP120_QCA934X_1000M_FREE_6.4_2021031300.bin.rar,6946735,b4ad51ff7a502f2261a06d39f0337182,2021,20210314,集客无线AP_QCA_MIPS
2021/20210314/集客无线AP_QCA_MIPS/JIKEAP_AP126F_QCA953X_100M_8M_6.4_2021031300.bin.rar,JIKEAP_AP126F_QCA953X_100M_8M_6.4_2021031300.bin.rar,6553266,1b4b3c65ce620191cdb53ee10766d6e2,2021,20210314,集客无线AP_QCA_MIPS
2021/20210314/集客无线AP_QCA_MIPS/JIKEAP_AP130F-H_QCA953X_100M_6.4_2021031300.bin.rar,JIKEAP_AP130F-H_QCA953X_100M_6.4_2021031300.bin.rar,6554467,284d29a2d2e2578e0726d3136a374cf6,2021,20210314,集客无线AP_QCA_MIPS
2021/20210314/集客无线AP_QCA_MIPS/JIKEAP_AP130T_QCA934X_100M_AR9341_FREE_6.4_2021031300.bin.rar,JIKEAP_AP130T_QCA934X_100M_AR9341_FREE_6.4_2021031300.bin.rar,6552865,f3b6fa3427c38fab7cd4da7dbd32c37b,2021,20210314,集客无线AP_QCA_MIPS
2021/20210314/集客无线AP_QCA_MIPS/JIKEAP_AP135T-H_QCA953X_100M_AR9341_6.4_2021031300.bin.rar,JIKEAP_AP135T-H_QCA953X_100M_AR9341_6.4_2021031300.bin.rar,6553132,bd05f73d180730dc5279df3be8bc78f7,2021,20210314,集客无线AP_QCA_MIPS
2021/20210314/集客无线AP_QCA_MIPS/JIKEAP_AP136Y-H_QCA953X_100M_6.4_2021031300.bin.rar,JIKEAP_AP136Y-H_QCA953X_100M_6.4_2021031300.bin.rar,6554479,90c6637369b9472cf058381c25a0b2fd,2021,20210314,集客无线AP_QCA_MIPS
2021/20210314/集客无线AP_QCA_MIPS/JIKEAP_AP147_QCA953X_100M_QCA9887_FREE_6.4_2021031300.bin.rar,JIKEAP_AP147_QCA953X_100M_QCA9887_FREE_6.4_2021031300.bin.rar,7691524,528a1fd3c49b92567085e20faf044020,2021,20210314,集客无线AP_QCA_MIPS
2021/20210314/集客无线AP_QCA_MIPS/JIKEAP_AP153Y-H_QCA953X_6.4_2021031300.bin.rar,JIKEAP_AP153Y-H_QCA953X_6.4_2021031300.bin.rar,6554455,8fd7c9eee8cc2a778acce76a4776a328,2021,20210314,集客无线AP_QCA_MIPS
2021/20210314/集客无线AP_QCA_MIPS/JIKEAP_AP185W_QCA934X_6.4_2021031300.bin.rar,JIKEAP_AP185W_QCA934X_6.4_2021031300.bin.rar,6553245,2d9a27ab8072a6e9d2799ecdbb4c520d,2021,20210314,集客无线AP_QCA_MIPS
2021/20210314/集客无线AP_QCA_MIPS/JIKEAP_AP220G_QCA956X_1000M_QCA9886_EPORT_6.4_2021031300.bin.rar,JIKEAP_AP220G_QCA956X_1000M_QCA9886_EPORT_6.4_2021031300.bin.rar,7817762,763e5fda351fde8761a1041c02a45708,2021,20210314,集客无线AP_QCA_MIPS
2021/20210314/集客无线AP_QCA_MIPS/JIKEAP_AP223G_QCA956X_1000M_QCA9886_EPORT_6.4_2021031300.bin.rar,JIKEAP_AP223G_QCA956X_1000M_QCA9886_EPORT_6.4_2021031300.bin.rar,7795348,ab077da875831d97efa5a8269e04ae9c,2021,20210314,集客无线AP_QCA_MIPS
2021/20210314/集客无线AP_QCA_MIPS/JIKEAP_AP260F-H_QCA953X_100M_QCA9887_6.4_2021031300.bin.rar,JIKEAP_AP260F-H_QCA953X_100M_QCA9887_6.4_2021031300.bin.rar,6912524,0b5a4e0223c8b25bdef8dc189b08ae4c,2021,20210314,集客无线AP_QCA_MIPS
2021/20210314/集客无线AP_QCA_MIPS/JIKEAP_AP260T-H_QCA953X_100M_AR9X82_6.4_2021031300.bin.rar,JIKEAP_AP260T-H_QCA953X_100M_AR9X82_6.4_2021031300.bin.rar,6554594,c74b4077dbce2bcc41a4300fd15a252b,2021,20210314,集客无线AP_QCA_MIPS
2021/20210314/集客无线AP_QCA_MIPS/JIKEAP_AP261Y-H_QCA953X_100M_QCA9887_6.4_2021031300.bin.rar,JIKEAP_AP261Y-H_QCA953X_100M_QCA9887_6.4_2021031300.bin.rar,6912415,a5186a8699ee214f2714b60923be3e99,2021,20210314,集客无线AP_QCA_MIPS
2021/20210314/集客无线AP_QCA_MIPS/JIKEAP_AP262Y-H_QCA956X_1000M_QCA9882_6.4_2021031300.bin.rar,JIKEAP_AP262Y-H_QCA956X_1000M_QCA9882_6.4_2021031300.bin.rar,7730492,0f7e377294f3ac7b0c3b752c210e3111,2021,20210314,集客无线AP_QCA_MIPS
2021/20210314/集客无线AP_QCA_MIPS/JIKEAP_AP263YS_QCA956X_1000M_QCA9880_6.4_2021031300.bin.rar,JIKEAP_AP263YS_QCA956X_1000M_QCA9880_6.4_2021031300.bin.rar,8082751,a5654ac1719fbdfada4ba843d31913bd,2021,20210314,集客无线AP_QCA_MIPS
2021/20210314/集客无线AP_QCA_MIPS/JIKEAP_AP266G-H_QCA955X_1000M_QCA9880_6.4_2021031300.bin.rar,JIKEAP_AP266G-H_QCA955X_1000M_QCA9880_6.4_2021031300.bin.rar,7729377,c76af36ae155beecd15fb806db2f99b4,2021,20210314,集客无线AP_QCA_MIPS
2021/20210314/集客无线AP_QCA_MIPS/JIKEAP_AP267F-H_QCA956X_1000M_QCA9886_6.4_2021031300.bin.rar,JIKEAP_AP267F-H_QCA956X_1000M_QCA9886_6.4_2021031300.bin.rar,7817242,da36a2ce4c552cd2fb010f9c5c2afd68,2021,20210314,集客无线AP_QCA_MIPS
2021/20210314/集客无线AP_QCA_MIPS/JIKEAP_AP267F-Hv2_QCA956X_1000M_QCA9886_6.4_2021031300.bin.rar,JIKEAP_AP267F-Hv2_QCA956X_1000M_QCA9886_6.4_2021031300.bin.rar,7817268,97215ef3e1d1b2f5c29b4ebac716928f,2021,20210314,集客无线AP_QCA_MIPS
2021/20210314/集客无线AP_QCA_MIPS/JIKEAP_AP280F-H_QCA953X_100M_QCA9887_6.4_2021031300.bin.rar,JIKEAP_AP280F-H_QCA953X_100M_QCA9887_6.4_2021031300.bin.rar,6912511,107d13c26e2f41a4ecbd02b24e6a6608,2021,20210314,集客无线AP_QCA_MIPS
2021/20210314/集客无线AP_QCA_MIPS/JIKEAP_AP281Y-H_QCA956X_6.4_2021031300.bin.rar,JIKEAP_AP281Y-H_QCA956X_6.4_2021031300.bin.rar,7817607,3589e13d33c63bd421707d56172f4e00,2021,20210314,集客无线AP_QCA_MIPS
2021/20210314/集客无线AP_QCA_MIPS/JIKEAP_AP282T-H_QCA956X_1000M_QCA9882_6.4_2021031300.bin.rar,JIKEAP_AP282T-H_QCA956X_1000M_QCA9882_6.4_2021031300.bin.rar,7730606,1735685df350532054ee0794b85a2be7,2021,20210314,集客无线AP_QCA_MIPS
2021/20210314/集客无线AP_QCA_MIPS/JIKEAP_AP283Y-H_QCA956X_6.4_2021031300.bin.rar,JIKEAP_AP283Y-H_QCA956X_6.4_2021031300.bin.rar,7730537,fc205d0eeb2fde6faf8ef933ef69f819,2021,20210314,集客无线AP_QCA_MIPS
2021/20210314/集客无线AP_QCA_MIPS/JIKEAP_AP284Y-H_QCA956X_6.4_2021031300.bin.rar,JIKEAP_AP284Y-H_QCA956X_6.4_2021031300.bin.rar,7817636,8347eb28e082a53b6d25da872725b6b3,2021,20210314,集客无线AP_QCA_MIPS
2021/20210314/集客无线AP_QCA_MIPS/JIKEAP_AP3513NA_QCA934X_6.4_2021031300.bin.rar,JIKEAP_AP3513NA_QCA934X_6.4_2021031300.bin.rar,6553405,0b2e1cad7ca9cdb29ab4efe780272b42,2021,20210314,集客无线AP_QCA_MIPS
2021/20210314/集客无线AP_QCA_MIPS/JIKEAP_AP49_QCA953X_6.4_2021031300.bin.rar,JIKEAP_AP49_QCA953X_6.4_2021031300.bin.rar,6931758,7e2ca342b8c863a896429290106d1a2a,2021,20210314,集客无线AP_QCA_MIPS
2021/20210314/集客无线AP_QCA_MIPS/JIKEAP_AP630_QCA953X_100M_EPORT_6.4_2021031300.bin.rar,JIKEAP_AP630_QCA953X_100M_EPORT_6.4_2021031300.bin.rar,6554635,f92ba556e7de5e27c71189731253aee0,2021,20210314,集客无线AP_QCA_MIPS
2021/20210314/集客无线AP_QCA_MIPS/JIKEAP_AP630v2_QCA953X_100M_EPORT_6.4_2021031300.bin.rar,JIKEAP_AP630v2_QCA953X_100M_EPORT_6.4_2021031300.bin.rar,6553369,d877885f92c194965b49f688e7887c80,2021,20210314,集客无线AP_QCA_MIPS
2021/20210314/集客无线AP_QCA_MIPS/JIKEAP_AP675_QCA953X_100M_EPORT_6.4_2021031300.bin.rar,JIKEAP_AP675_QCA953X_100M_EPORT_6.4_2021031300.bin.rar,6912619,1e18f83e835c062b221fe66da3f8da4b,2021,20210314,集客无线AP_QCA_MIPS
2021/20210314/集客无线AP_QCA_MIPS/JIKEAP_AP830H_QCA953X_100M_6.4_2021031300.bin.rar,JIKEAP_AP830H_QCA953X_100M_6.4_2021031300.bin.rar,6554475,9e3197e672f3579a077127b43294c58b,2021,20210314,集客无线AP_QCA_MIPS
2021/20210314/集客无线AP_QCA_MIPS/JIKEAP_AP875H_QCA953X_100M_QCA9887_6.4_2021031300.bin.rar,JIKEAP_AP875H_QCA953X_100M_QCA9887_6.4_2021031300.bin.rar,6912398,46598e51123065bb5414193e333c41ea,2021,20210314,集客无线AP_QCA_MIPS
2021/20210314/集客无线AP_QCA_MIPS/JIKEAP_AP9344_35P0_QCA934X_1000M_FREE_6.4_2021031300.bin.rar,JIKEAP_AP9344_35P0_QCA934X_1000M_FREE_6.4_2021031300.bin.rar,6554546,16ed01f858c856506c0e9e1efe9d8f92,2021,20210314,集客无线AP_QCA_MIPS
2021/20210314/集客无线AP_QCA_MIPS/JIKEAP_AP9344_35P4_QCA934X_1000M_FREE_6.4_2021031300.bin.rar,JIKEAP_AP9344_35P4_QCA934X_1000M_FREE_6.4_2021031300.bin.rar,6554641,414795f4dad16be7c120022c521db614,2021,20210314,集客无线AP_QCA_MIPS
2021/20210314/集客无线AP_QCA_MIPS/JIKEAP_AP9344_8327_QCA934X_1000M_FREE_6.4_2021031300.bin.rar,JIKEAP_AP9344_8327_QCA934X_1000M_FREE_6.4_2021031300.bin.rar,6945587,ae65c898c11adbbf16c881ee35c98faa,2021,20210314,集客无线AP_QCA_MIPS
2021/20210314/集客无线AP_QCA_MIPS/JIKEAP_AP9344_M100_QCA934X_100M_FREE_6.4_2021031300.bin.rar,JIKEAP_AP9344_M100_QCA934X_100M_FREE_6.4_2021031300.bin.rar,6554439,09b3191630e52574d529b77916a9a78d,2021,20210314,集客无线AP_QCA_MIPS
2021/20210314/集客无线AP_QCA_MIPS/JIKEAP_AP9344_RTL_QCA934X_1000M_FREE_6.4_2021031300.bin.rar,JIKEAP_AP9344_RTL_QCA934X_1000M_FREE_6.4_2021031300.bin.rar,6554428,35bd0363fa16c46bb585c3804bc1b5e3,2021,20210314,集客无线AP_QCA_MIPS
2021/20210314/集客无线AP_QCA_MIPS/JIKEAP_AP941_QCA953X_100M_FREE_6.4_2021031300.bin.rar,JIKEAP_AP941_QCA953X_100M_FREE_6.4_2021031300.bin.rar,6552971,8ecafe14c754d121dad9e37549f8b22a,2021,20210314,集客无线AP_QCA_MIPS
2021/20210314/集客无线AP_QCA_MIPS/JIKEAP_AP9558_QCA955X_1000M_QCA9880_FREE_6.4_2021031300.bin.rar,JIKEAP_AP9558_QCA955X_1000M_QCA9880_FREE_6.4_2021031300.bin.rar,7730713,678746bd447225d85ccbecec0f5fd4f5,2021,20210314,集客无线AP_QCA_MIPS
2021/20210314/集客无线AP_QCA_MIPS/JIKEAP_ARIMA2210_QCA934X_EPORT_6.4_2021031300.bin.rar,JIKEAP_ARIMA2210_QCA934X_EPORT_6.4_2021031300.bin.rar,6553075,4e9d68074b5360e69af1f9c1845ad956,2021,20210314,集客无线AP_QCA_MIPS
2021/20210314/集客无线AP_QCA_MIPS/JIKEAP_K2TS_QCA956X_1000M_QCA9886_FREE_6.4_2021031300.bin.rar,JIKEAP_K2TS_QCA956X_1000M_QCA9886_FREE_6.4_2021031300.bin.rar,7122295,e33b5cc81c11ccbb78ad62cc6da70638,2021,20210314,集客无线AP_QCA_MIPS
2021/20210314/集客无线AP_QCA_MIPS/JIKEAP_K2T_QCA956X_1000M_QCA9886_EPORT_FREE_6.4_2021031300.bin.rar,JIKEAP_K2T_QCA956X_1000M_QCA9886_EPORT_FREE_6.4_2021031300.bin.rar,7122788,0102f01d601a477db9ff4613571211a9,2021,20210314,集客无线AP_QCA_MIPS
2021/20210314/集客无线AP_QCA_MIPS/JIKEAP_MI100_QCA934X_100M_FREE_6.4_2021031300.bin.rar,JIKEAP_MI100_QCA934X_100M_FREE_6.4_2021031300.bin.rar,6553134,3b75a15a1918e438a3ca4a3e1bc01e9a,2021,20210314,集客无线AP_QCA_MIPS
2021/20210314/集客无线AP_QCA_MIPS/JIKEAP_WPJ563_QCA956X_1000M_QCA9880_6.4_2021031300.bin.rar,JIKEAP_WPJ563_QCA956X_1000M_QCA9880_6.4_2021031300.bin.rar,8082779,0924674b97ab4c5766a6046868d8d8f2,2021,20210314,集客无线AP_QCA_MIPS
2021/20210314/集客无线AP_QCA_MIPS/release_notes.txt,release_notes.txt,4164,7d0c19873deeff12bdc67d3689f8f8c0,2021,20210314,集客无线AP_QCA_MIPS
2021/20210320/集客AC控制器/GECOOS_AC7620_MT7620_FREE_0.9_2021032000.bin.rar,GECOOS_AC7620_MT7620_FREE_0.9_2021032000.bin.rar,4169059,5707b3b1db7758751c516caef8933ffc,2021,20210320,集客AC控制器
2021/20210320/集客AC控制器/GECOOS_AC7621_MT7621_FREE_0.9_2021032000.bin.rar,GECOOS_AC7621_MT7621_FREE_0.9_2021032000.bin.rar,4333569,026ba355f4b6046feda43f68a4a8a685,2021,20210320,集客AC控制器
2021/20210320/集客AC控制器/GECOOS_AC7628_MT7628_FREE_0.9_2021032000.bin.rar,GECOOS_AC7628_MT7628_FREE_0.9_2021032000.bin.rar,4267140,b16eb0f1959109403694c4b2f55f7cd8,2021,20210320,集客AC控制器
2021/20210320/集客AC控制器/release_notes.txt,release_notes.txt,475,088d265463ea595d801821c71d84108b,2021,20210320,集客AC控制器
2021/20210403/集客AC控制器/GECOOS_AC7620_MT7620_FREE_0.9_2021040300.bin.rar,GECOOS_AC7620_MT7620_FREE_0.9_2021040300.bin.rar,4171033,6928c3f19643de03cf16e55f566e44d8,2021,20210403,集客AC控制器
2021/20210403/集客AC控制器/GECOOS_AC7621_MT7621_FREE_0.9_2021040300.bin.rar,GECOOS_AC7621_MT7621_FREE_0.9_2021040300.bin.rar,4335591,d22b6b4249b5c603a037d19341635b03,2021,20210403,集客AC控制器
2021/20210403/集客AC控制器/GECOOS_AC7628_MT7628_FREE_0.9_2021040300.bin.rar,GECOOS_AC7628_MT7628_FREE_0.9_2021040300.bin.rar,4269093,a23d210d00c0dec41188cc9f2950cb5b,2021,20210403,集客AC控制器
2021/20210403/集客AC控制器/release_notes.txt,release_notes.txt,579,2983d7640c98611121200abd93b64bb2,2021,20210403,集客AC控制器
2021/20210403/集客无线AP_MTK/JIKEAP_AP118F_MT7628_EPORT_6.4_2021040300.bin.rar,JIKEAP_AP118F_MT7628_EPORT_6.4_2021040300.bin.rar,6408498,5bc345cfa8777215d32b287347c684a7,2021,20210403,集客无线AP_MTK
2021/20210403/集客无线AP_MTK/JIKEAP_AP210G_MT7620_EPORT_6.4_2021040300.bin.rar,JIKEAP_AP210G_MT7620_EPORT_6.4_2021040300.bin.rar,4974844,f34395a2ae6b5aec31ebefdcb4c77962,2021,20210403,集客无线AP_MTK
2021/20210403/集客无线AP_MTK/JIKEAP_AP213G_MT7620_EPORT_6.4_2021040300.bin.rar,JIKEAP_AP213G_MT7620_EPORT_6.4_2021040300.bin.rar,6679144,314e41b94baba83baf1cb26b70e2c9c9,2021,20210403,集客无线AP_MTK
2021/20210403/集客无线AP_MTK/JIKEAP_AP230EP_MT7620_withPA_LEEEL_EPORT_FREE_6.4_2021040300.bin.rar,JIKEAP_AP230EP_MT7620_withPA_LEEEL_EPORT_FREE_6.4_2021040300.bin.rar,6997722,0e4647974ae605597fc832aac72c621c,2021,20210403,集客无线AP_MTK
2021/20210403/集客无线AP_MTK/JIKEAP_AP230G_MT7620_RTL_EPORT_FREE_6.4_2021040300.bin.rar,JIKEAP_AP230G_MT7620_RTL_EPORT_FREE_6.4_2021040300.bin.rar,6994959,68051041944ad7a6693ec0328e8c7e4b,2021,20210403,集客无线AP_MTK
2021/20210403/集客无线AP_MTK/JIKEAP_AP230IP_MT7620_noPA_LEEEL_EPORT_FREE_6.4_2021040300.bin.rar,JIKEAP_AP230IP_MT7620_noPA_LEEEL_EPORT_FREE_6.4_2021040300.bin.rar,6994731,65b49097432f4a3e2ed3ef2c780f8c16,2021,20210403,集客无线AP_MTK
2021/20210403/集客无线AP_MTK/JIKEAP_AP238AN_MT7628_LLEEE_EPORT_FREE_6.4_2021040300.bin.rar,JIKEAP_AP238AN_MT7628_LLEEE_EPORT_FREE_6.4_2021040300.bin.rar,7078217,9384f57d97e9cd7cf33d33f814038d40,2021,20210403,集客无线AP_MTK
2021/20210403/集客无线AP_MTK/JIKEAP_AP238WN_MT7628_LLELL_EPORT_6.4_2021040300.bin.rar,JIKEAP_AP238WN_MT7628_LLELL_EPORT_6.4_2021040300.bin.rar,6408886,9336c51d186623e6e7a4256d81888d6b,2021,20210403,集客无线AP_MTK
2021/20210403/集客无线AP_MTK/JIKEAP_AP240P_MT7621_SWITCH_LEEEE_EPORT_FREE_6.4_2021040300.bin.rar,JIKEAP_AP240P_MT7621_SWITCH_LEEEE_EPORT_FREE_6.4_2021040300.bin.rar,4496224,bfa83f4a8af1512ead1f984aea463db9,2021,20210403,集客无线AP_MTK
2021/20210403/集客无线AP_MTK/JIKEAP_AP242P_MT7621_LLLLL_64M_FREE_6.4_2021040300.bin.rar,JIKEAP_AP242P_MT7621_LLLLL_64M_FREE_6.4_2021040300.bin.rar,7051436,03315c17e4898dbdbbdcfe556489e7e8,2021,20210403,集客无线AP_MTK
2021/20210403/集客无线AP_MTK/JIKEAP_AP245P_MT7621_MT7615DN_LEEEL_EPORT_FREE_6.4_2021040300.bin.rar,JIKEAP_AP245P_MT7621_MT7615DN_LEEEL_EPORT_FREE_6.4_2021040300.bin.rar,5943434,4b254745098056469eb1eb1fcd09969b,2021,20210403,集客无线AP_MTK
2021/20210403/集客无线AP_MTK/JIKEAP_AP246HI_MT7621_1000_FREE_6.4_2021040300.bin.rar,JIKEAP_AP246HI_MT7621_1000_FREE_6.4_2021040300.bin.rar,7075124,9bc633da6556465058eb741a859b41d8,2021,20210403,集客无线AP_MTK
2021/20210403/集客无线AP_MTK/JIKEAP_AP246ND_MT7621_MT7603_MT7615N_LLEEL_EPORT_FREE_6.4_2021040300.bin.rar,JIKEAP_AP246ND_MT7621_MT7603_MT7615N_LLEEL_EPORT_FREE_6.4_2021040300.bin.rar,6437781,a97342bd6f0813e254bcc03dd1b125ee,2021,20210403,集客无线AP_MTK
2021/20210403/集客无线AP_MTK/JIKEAP_AP246NND_MT7621_MT7603_MT7615N_LLEEL_EPORT_FREE_6.4_2021040300.bin.rar,JIKEAP_AP246NND_MT7621_MT7603_MT7615N_LLEEL_EPORT_FREE_6.4_2021040300.bin.rar,6438013,2b3578f5d6ad7557957ffe39cc43fe0e,2021,20210403,集客无线AP_MTK
2021/20210403/集客无线AP_MTK/JIKEAP_AP246P_MT7621_MT7603_MT7615N_FREE_6.4_2021040300.bin.rar,JIKEAP_AP246P_MT7621_MT7603_MT7615N_FREE_6.4_2021040300.bin.rar,8125561,2bf339776c017e07903bc019d338eca8,2021,20210403,集客无线AP_MTK
2021/20210403/集客无线AP_MTK/JIKEAP_AP24_MT7621_LEEEL_EPORT_FREE_6.4_2021040300.bin.rar,JIKEAP_AP24_MT7621_LEEEL_EPORT_FREE_6.4_2021040300.bin.rar,7051613,181c1f7d5ed99cb1e163566195edcb7c,2021,20210403,集客无线AP_MTK
2021/20210403/集客无线AP_MTK/JIKEAP_AP261F-H_MT7621_6.4_2021040300.bin.rar,JIKEAP_AP261F-H_MT7621_6.4_2021040300.bin.rar,5583872,86153997eac3209ca03b4ca92fb73f1f,2021,20210403,集客无线AP_MTK
2021/20210403/集客无线AP_MTK/JIKEAP_AP601_MT7620_LEEEE_EPORT_FREE_6.4_2021040300.bin.rar,JIKEAP_AP601_MT7620_LEEEE_EPORT_FREE_6.4_2021040300.bin.rar,4974173,803517abc70ee10d341bcd04d244ec5e,2021,20210403,集客无线AP_MTK
2021/20210403/集客无线AP_MTK/JIKEAP_AP602_MT7620_32M_LEEEE_EPORT_FREE_6.4_2021040300.bin.rar,JIKEAP_AP602_MT7620_32M_LEEEE_EPORT_FREE_6.4_2021040300.bin.rar,3381275,43284bc1337aadc5b51e5deb403b282f,2021,20210403,集客无线AP_MTK
2021/20210403/集客无线AP_MTK/JIKEAP_AX1800B_MT7621_EPORT_6.4_2021040300.bin.rar,JIKEAP_AX1800B_MT7621_EPORT_6.4_2021040300.bin.rar,7476487,852a0f21b8fdfe5883055365e569e008,2021,20210403,集客无线AP_MTK
2021/20210403/集客无线AP_MTK/JIKEAP_AX1800H_MT7621_MT7915DN_WIFI6_NAND_6.4_2021040300.bin.rar,JIKEAP_AX1800H_MT7621_MT7915DN_WIFI6_NAND_6.4_2021040300.bin.rar,7476429,fb7a9124786e167ac804bb18c2a69834,2021,20210403,集客无线AP_MTK
2021/20210403/集客无线AP_MTK/JIKEAP_AX1800S_MT7621_MT7915DN_WIFI6_6.4_2021040300.bin.rar,JIKEAP_AX1800S_MT7621_MT7915DN_WIFI6_6.4_2021040300.bin.rar,7476430,d2b9cfd7d022bb1751e5d5214daa4295,2021,20210403,集客无线AP_MTK
2021/20210403/集客无线AP_MTK/JIKEAP_AX2020_MT7621_EPORT_6.4_2021040300.bin.rar,JIKEAP_AX2020_MT7621_EPORT_6.4_2021040300.bin.rar,7476426,4c63cfd9c427c5626c8851602a3edff4,2021,20210403,集客无线AP_MTK
2021/20210403/集客无线AP_MTK/release_notes.txt,release_notes.txt,4534,c4df73d57549d8b5ce8fe4003a94d9b0,2021,20210403,集客无线AP_MTK
2021/20210403/集客无线AP_QCA_IPQ/JIKEAP_AC58U_IPQ40XX_1000M_IPQ4018_FREE_6.4_2021040300.bin.rar,JIKEAP_AC58U_IPQ40XX_1000M_IPQ4018_FREE_6.4_2021040300.bin.rar,10707417,d29a6c751a9d466d1eda29ff78b0f52a,2021,20210403,集客无线AP_QCA_IPQ
2021/20210403/集客无线AP_QCA_IPQ/JIKEAP_AC58U_IPQ40XX_6.4_2021040300_opboot.bin.rar,JIKEAP_AC58U_IPQ40XX_6.4_2021040300_opboot.bin.rar,10707194,b94a6a6df384a7ff534ecc9570061035,2021,20210403,集客无线AP_QCA_IPQ
2021/20210403/集客无线AP_QCA_IPQ/JIKEAP_ACRH17_IPQ40XX_1000M_QCA9984_HT160_EPORT_FREE_6.4_2021040300.bin.rar,JIKEAP_ACRH17_IPQ40XX_1000M_QCA9984_HT160_EPORT_FREE_6.4_2021040300.bin.rar,12704330,4d5c06862ebf53d2c183f65541018c0a,2021,20210403,集客无线AP_QCA_IPQ
2021/20210403/集客无线AP_QCA_IPQ/JIKEAP_ACRH17_IPQ40XX_6.4_2021040300_opboot.bin.rar,JIKEAP_ACRH17_IPQ40XX_6.4_2021040300_opboot.bin.rar,12704098,1877bdda928f5b93df794819f1a4ba29,2021,20210403,集客无线AP_QCA_IPQ
2021/20210403/集客无线AP_QCA_IPQ/JIKEAP_AP118L_IPQ40XX_1000M_EPORT_6.4_2021040300.bin.rar,JIKEAP_AP118L_IPQ40XX_1000M_EPORT_6.4_2021040300.bin.rar,13421491,8c65d56e920ecc4c54754d828d4954d3,2021,20210403,集客无线AP_QCA_IPQ
2021/20210403/集客无线AP_QCA_IPQ/JIKEAP_AP269X-HG_IPQ40XX_1000M_6.4_2021040300.bin.rar,JIKEAP_AP269X-HG_IPQ40XX_1000M_6.4_2021040300.bin.rar,13421031,8695e84524ddb8dbeb0bd7d3fbc470c8,2021,20210403,集客无线AP_QCA_IPQ
2021/20210403/集客无线AP_QCA_IPQ/JIKEAP_AP285F-H_IPQ40XX_1000M_6.4_2021040300.bin.rar,JIKEAP_AP285F-H_IPQ40XX_1000M_6.4_2021040300.bin.rar,13421469,93802ec005574b389a316c7de447b29b,2021,20210403,集客无线AP_QCA_IPQ
2021/20210403/集客无线AP_QCA_IPQ/JIKEAP_AP320F-H_IPQ40XX_1000M_3RADIO_6.4_2021040300.bin.rar,JIKEAP_AP320F-H_IPQ40XX_1000M_3RADIO_6.4_2021040300.bin.rar,13389981,40e04b75cdb14d0e78d662f36d577c90,2021,20210403,集客无线AP_QCA_IPQ
2021/20210403/集客无线AP_QCA_IPQ/JIKEAP_AP320Y-H_IPQ40XX_1000M_3RADIO_6.4_2021040300.bin.rar,JIKEAP_AP320Y-H_IPQ40XX_1000M_3RADIO_6.4_2021040300.bin.rar,13422787,cfe482d12b07d5c90b4a0d44ee6665c1,2021,20210403,集客无线AP_QCA_IPQ
2021/20210403/集客无线AP_QCA_IPQ/JIKEAP_AP330F-H_IPQ40XX_1000M_3RADIO_HT160_6.4_2021040300.bin.rar,JIKEAP_AP330F-H_IPQ40XX_1000M_3RADIO_HT160_6.4_2021040300.bin.rar,13389887,dd57d4045728bdc5725de2950a0a9417,2021,20210403,集客无线AP_QCA_IPQ
2021/20210403/集客无线AP_QCA_IPQ/JIKEAP_AP386X_IPQ40XX_1000M_3RADIO_6.4_2021040300.bin.rar,JIKEAP_AP386X_IPQ40XX_1000M_3RADIO_6.4_2021040300.bin.rar,13422323,a0adc7201943052b46ef15682cdbaf99,2021,20210403,集客无线AP_QCA_IPQ
2021/20210403/集客无线AP_QCA_IPQ/JIKEAP_AX1800F_IPQ60XX_1000M_WIFI6_6.4_2021040300.bin.rar,JIKEAP_AX1800F_IPQ60XX_1000M_WIFI6_6.4_2021040300.bin.rar,13201802,4365b052d168101155a0283857e88f71,2021,20210403,集客无线AP_QCA_IPQ
2021/20210403/集客无线AP_QCA_IPQ/JIKEAP_AX1800MI_IPQ60XX_1000M_WIFI6_FREE_6.4_2021040300.bin.rar,JIKEAP_AX1800MI_IPQ60XX_1000M_WIFI6_FREE_6.4_2021040300.bin.rar,12447534,0395ccba4f4559dd740fea7a5738f880,2021,20210403,集客无线AP_QCA_IPQ
2021/20210403/集客无线AP_QCA_IPQ/JIKEAP_AX1800Y_IPQ60XX_6.4_2021040300.bin.rar,JIKEAP_AX1800Y_IPQ60XX_6.4_2021040300.bin.rar,13327323,ada426c90a00edf5160a3be20424f716,2021,20210403,集客无线AP_QCA_IPQ
2021/20210403/集客无线AP_QCA_IPQ/JIKEAP_AX2180_IPQ60XX_1000M_WIFI6_6.4_2021040300.bin.rar,JIKEAP_AX2180_IPQ60XX_1000M_WIFI6_6.4_2021040300.bin.rar,13312321,2c082a659bb8a919253b61f0f5ef6ab3,2021,20210403,集客无线AP_QCA_IPQ
2021/20210403/集客无线AP_QCA_IPQ/JIKEAP_AX5RM_IPQ60XX_1000M_WIFI6_FREE_6.4_2021040300.bin.rar,JIKEAP_AX5RM_IPQ60XX_1000M_WIFI6_FREE_6.4_2021040300.bin.rar,12447017,7c8a9520f3a5bd2346e412ebc6f7ac95,2021,20210403,集客无线AP_QCA_IPQ
2021/20210403/集客无线AP_QCA_IPQ/JIKEAP_AX8180X_IPQ60XX_6.4_2021040300.bin.rar,JIKEAP_AX8180X_IPQ60XX_6.4_2021040300.bin.rar,13195627,1935a54760449b889974ac54d324bca5,2021,20210403,集客无线AP_QCA_IPQ
2021/20210403/集客无线AP_QCA_IPQ/JIKEAP_AX8180Y_IPQ60XX_6.4_2021040300.bin.rar,JIKEAP_AX8180Y_IPQ60XX_6.4_2021040300.bin.rar,13332857,e54b121b887e7ccda7f41656f79ace90,2021,20210403,集客无线AP_QCA_IPQ
2021/20210403/集客无线AP_QCA_IPQ/JIKEAP_AXR3100_IPQ40XX_1000M_QCA9984_HT160_EPORT_FREE_6.4_2021040300.bin.rar,JIKEAP_AXR3100_IPQ40XX_1000M_QCA9984_HT160_EPORT_FREE_6.4_2021040300.bin.rar,13354493,1ba27432d65fbcf8487d1f417e4c4920,2021,20210403,集客无线AP_QCA_IPQ
2021/20210403/集客无线AP_QCA_IPQ/JIKEAP_CM520_IPQ40XX_1000M_NAND_EPORT_FREE_6.4_2021040300.bin.rar,JIKEAP_CM520_IPQ40XX_1000M_NAND_EPORT_FREE_6.4_2021040300.bin.rar,12723698,1fcc750089439994f2f756596e4688b4,2021,20210403,集客无线AP_QCA_IPQ
2021/20210403/集客无线AP_QCA_IPQ/JIKEAP_HM1800_IPQ60XX_1000M_WIFI6_6.4_2021040300.bin.rar,JIKEAP_HM1800_IPQ60XX_1000M_WIFI6_6.4_2021040300.bin.rar,13308849,659da24fe9b4af12a8e7f9b914fb7034,2021,20210403,集客无线AP_QCA_IPQ
2021/20210403/集客无线AP_QCA_IPQ/release_notes.txt,release_notes.txt,4640,c077b7b795086c49f174c20548802f12,2021,20210403,集客无线AP_QCA_IPQ
2021/20210403/集客无线AP_QCA_IPQ/ubi-JIKEAP_AX1800MI.img.rar,ubi-JIKEAP_AX1800MI.img.rar,12446750,c179cdbe54961979c4ecd358bdb29c42,2021,20210403,集客无线AP_QCA_IPQ
2021/20210403/集客无线AP_QCA_IPQ/ubi-JIKEAP_AX5RM.img.rar,ubi-JIKEAP_AX5RM.img.rar,12445771,4b457cc37e13a3bc76d8376df85c05b7,2021,20210403,集客无线AP_QCA_IPQ
2021/20210403/集客无线AP_QCA_IPQ/ubi-JIKEAP_CM520.img.rar,ubi-JIKEAP_CM520.img.rar,12722799,aeb90ce8e57459ee4f95bc894f9aa47b,2021,20210403,集客无线AP_QCA_IPQ
2021/20210403/集客无线AP_QCA_MIPS/JIKEAP_AP0141_QCA934X_1000M_FREE_6.4_2021040300.bin.rar,JIKEAP_AP0141_QCA934X_1000M_FREE_6.4_2021040300.bin.rar,6989770,47d46df2e52f251066cd84a378e57cd3,2021,20210403,集客无线AP_QCA_MIPS
2021/20210403/集客无线AP_QCA_MIPS/JIKEAP_AP110T_QCA933X_100M_EPORT_FREE_6.4_2021040300.bin.rar,JIKEAP_AP110T_QCA933X_100M_EPORT_FREE_6.4_2021040300.bin.rar,6596658,b635a9012b5d23a97794c2e7fec92519,2021,20210403,集客无线AP_QCA_MIPS
2021/20210403/集客无线AP_QCA_MIPS/JIKEAP_AP112F_QCA953X_100M_16M_EPORT_6.4_2021040300.bin.rar,JIKEAP_AP112F_QCA953X_100M_16M_EPORT_6.4_2021040300.bin.rar,6598395,03a04c6a0b10f0aae0ff025775d9190b,2021,20210403,集客无线AP_QCA_MIPS
2021/20210403/集客无线AP_QCA_MIPS/JIKEAP_AP112Fv2_QCA953X_100M_8M_EPORT_6.4_2021040300.bin.rar,JIKEAP_AP112Fv2_QCA953X_100M_8M_EPORT_6.4_2021040300.bin.rar,6597159,cac3639f0053eab9129737487adeaaa2,2021,20210403,集客无线AP_QCA_MIPS
2021/20210403/集客无线AP_QCA_MIPS/JIKEAP_AP112J_QCA953X_100M_EPORT_6.4_2021040300.bin.rar,JIKEAP_AP112J_QCA953X_100M_EPORT_6.4_2021040300.bin.rar,6598546,f7814d6afe421a885f226cbbd290b22c,2021,20210403,集客无线AP_QCA_MIPS
2021/20210403/集客无线AP_QCA_MIPS/JIKEAP_AP112Q_QCA934X_100M_EPORT_FREE_6.4_2021040300.bin.rar,JIKEAP_AP112Q_QCA934X_100M_EPORT_FREE_6.4_2021040300.bin.rar,6597545,f38db4c65a2d8c6b9da1d762d51e0845,2021,20210403,集客无线AP_QCA_MIPS
2021/20210403/集客无线AP_QCA_MIPS/JIKEAP_AP112T_QCA953X_100M_EPORT_6.4_2021040300.bin.rar,JIKEAP_AP112T_QCA953X_100M_EPORT_6.4_2021040300.bin.rar,6597023,c0f9644ac0328ba7d7cb506eb7516253,2021,20210403,集客无线AP_QCA_MIPS
2021/20210403/集客无线AP_QCA_MIPS/JIKEAP_AP112Y_QCA953X_100M_EPORT_6.4_2021040300.bin.rar,JIKEAP_AP112Y_QCA953X_100M_EPORT_6.4_2021040300.bin.rar,6598491,f735e1edcab92c0d3e7c506c2cbb7a18,2021,20210403,集客无线AP_QCA_MIPS
2021/20210403/集客无线AP_QCA_MIPS/JIKEAP_AP116F_QCA953X_100M_QCA9887_EPORT_6.4_2021040300.bin.rar,JIKEAP_AP116F_QCA953X_100M_QCA9887_EPORT_6.4_2021040300.bin.rar,6956777,fb9f0fd515e757a1a301c02fb1dac995,2021,20210403,集客无线AP_QCA_MIPS
2021/20210403/集客无线AP_QCA_MIPS/JIKEAP_AP116Q_QCA953X_100M_QCA9887_EPORT_6.4_2021040300.bin.rar,JIKEAP_AP116Q_QCA953X_100M_QCA9887_EPORT_6.4_2021040300.bin.rar,6956922,5a2c80f00eea83b92d2a932812435e3f,2021,20210403,集客无线AP_QCA_MIPS
2021/20210403/集客无线AP_QCA_MIPS/JIKEAP_AP117D_QCA955X_1000M_QCA9880_6.4_2021040300.bin.rar,JIKEAP_AP117D_QCA955X_1000M_QCA9880_6.4_2021040300.bin.rar,7774450,bc2b0bdd84bd59fb926e29a067cf5513,2021,20210403,集客无线AP_QCA_MIPS
2021/20210403/集客无线AP_QCA_MIPS/JIKEAP_AP117Q_QCA956X_1000M_QCA9882_6.4_2021040300.bin.rar,JIKEAP_AP117Q_QCA956X_1000M_QCA9882_6.4_2021040300.bin.rar,7774472,9aa71880c4c9c88ea62aa95e5ba48dc5,2021,20210403,集客无线AP_QCA_MIPS
2021/20210403/集客无线AP_QCA_MIPS/JIKEAP_AP120_QCA934X_1000M_FREE_6.4_2021040300.bin.rar,JIKEAP_AP120_QCA934X_1000M_FREE_6.4_2021040300.bin.rar,6990705,45731ae93ab5ff25beead12df1d76a8a,2021,20210403,集客无线AP_QCA_MIPS
2021/20210403/集客无线AP_QCA_MIPS/JIKEAP_AP126F_QCA953X_100M_8M_6.4_2021040300.bin.rar,JIKEAP_AP126F_QCA953X_100M_8M_6.4_2021040300.bin.rar,6597271,e5d90ebbbfc46906fc3a1b271d5b5dbd,2021,20210403,集客无线AP_QCA_MIPS
2021/20210403/集客无线AP_QCA_MIPS/JIKEAP_AP130F-H_QCA953X_100M_6.4_2021040300.bin.rar,JIKEAP_AP130F-H_QCA953X_100M_6.4_2021040300.bin.rar,6598501,185023e28ae828ba98c13e34918832b9,2021,20210403,集客无线AP_QCA_MIPS
2021/20210403/集客无线AP_QCA_MIPS/JIKEAP_AP130T_QCA934X_100M_AR9341_FREE_6.4_2021040300.bin.rar,JIKEAP_AP130T_QCA934X_100M_AR9341_FREE_6.4_2021040300.bin.rar,6596783,57c1caa215342aa33b524a9be1a24a64,2021,20210403,集客无线AP_QCA_MIPS
2021/20210403/集客无线AP_QCA_MIPS/JIKEAP_AP135T-H_QCA953X_100M_AR9341_6.4_2021040300.bin.rar,JIKEAP_AP135T-H_QCA953X_100M_AR9341_6.4_2021040300.bin.rar,6596899,dd3229f1ce4e30ca7d3638d0f127bce0,2021,20210403,集客无线AP_QCA_MIPS
2021/20210403/集客无线AP_QCA_MIPS/JIKEAP_AP136Y-H_QCA953X_100M_6.4_2021040300.bin.rar,JIKEAP_AP136Y-H_QCA953X_100M_6.4_2021040300.bin.rar,6598440,5b04761b7c6a30e9a5f3dbd64fd7c177,2021,20210403,集客无线AP_QCA_MIPS
2021/20210403/集客无线AP_QCA_MIPS/JIKEAP_AP147_QCA953X_100M_QCA9887_FREE_6.4_2021040300.bin.rar,JIKEAP_AP147_QCA953X_100M_QCA9887_FREE_6.4_2021040300.bin.rar,7735668,82705e4f854ef9d31e15b187a6ae6bc8,2021,20210403,集客无线AP_QCA_MIPS
2021/20210403/集客无线AP_QCA_MIPS/JIKEAP_AP153Y-H_QCA953X_6.4_2021040300.bin.rar,JIKEAP_AP153Y-H_QCA953X_6.4_2021040300.bin.rar,6598400,0486433e148af57afad271bb17d934c6,2021,20210403,集客无线AP_QCA_MIPS
2021/20210403/集客无线AP_QCA_MIPS/JIKEAP_AP185W_QCA934X_6.4_2021040300.bin.rar,JIKEAP_AP185W_QCA934X_6.4_2021040300.bin.rar,6597138,03e57aa41d1c6339cea7100ebb007603,2021,20210403,集客无线AP_QCA_MIPS
2021/20210403/集客无线AP_QCA_MIPS/JIKEAP_AP220G_QCA956X_1000M_QCA9886_6.4_2021040300.bin.rar,JIKEAP_AP220G_QCA956X_1000M_QCA9886_6.4_2021040300.bin.rar,7861473,f85e0c2270beea53657f988a09ee4543,2021,20210403,集客无线AP_QCA_MIPS
2021/20210403/集客无线AP_QCA_MIPS/JIKEAP_AP223G_QCA956X_1000M_QCA9886_6.4_2021040300.bin.rar,JIKEAP_AP223G_QCA956X_1000M_QCA9886_6.4_2021040300.bin.rar,7838414,bac39c5715d7116f1d6bf08d12ec2861,2021,20210403,集客无线AP_QCA_MIPS
2021/20210403/集客无线AP_QCA_MIPS/JIKEAP_AP260F-H_QCA953X_100M_QCA9887_6.4_2021040300.bin.rar,JIKEAP_AP260F-H_QCA953X_100M_QCA9887_6.4_2021040300.bin.rar,6956889,de84d7cd1d902d07366be68e218886ee,2021,20210403,集客无线AP_QCA_MIPS
2021/20210403/集客无线AP_QCA_MIPS/JIKEAP_AP260T-H_QCA953X_100M_AR9X82_6.4_2021040300.bin.rar,JIKEAP_AP260T-H_QCA953X_100M_AR9X82_6.4_2021040300.bin.rar,6598461,f3546ff58b6e0686b44f85702fe5e450,2021,20210403,集客无线AP_QCA_MIPS
2021/20210403/集客无线AP_QCA_MIPS/JIKEAP_AP261Y-H_QCA953X_100M_QCA9887_6.4_2021040300.bin.rar,JIKEAP_AP261Y-H_QCA953X_100M_QCA9887_6.4_2021040300.bin.rar,6956829,1ddd0ff18146f33f77c10209a82c8ce5,2021,20210403,集客无线AP_QCA_MIPS
2021/20210403/集客无线AP_QCA_MIPS/JIKEAP_AP262Y-H_QCA956X_1000M_QCA9882_6.4_2021040300.bin.rar,JIKEAP_AP262Y-H_QCA956X_1000M_QCA9882_6.4_2021040300.bin.rar,7774347,468f7025890bfbf5df1e42fe4ec01200,2021,20210403,集客无线AP_QCA_MIPS
2021/20210403/集客无线AP_QCA_MIPS/JIKEAP_AP263YS_QCA956X_1000M_QCA9880_6.4_2021040300.bin.rar,JIKEAP_AP263YS_QCA956X_1000M_QCA9880_6.4_2021040300.bin.rar,8126807,102009ba282885d78f8bdb8f4ee6d7c2,2021,20210403,集客无线AP_QCA_MIPS
2021/20210403/集客无线AP_QCA_MIPS/JIKEAP_AP266G-H_QCA955X_1000M_QCA9880_6.4_2021040300.bin.rar,JIKEAP_AP266G-H_QCA955X_1000M_QCA9880_6.4_2021040300.bin.rar,7773268,777c495643c11f8cd621405b3a5f10f3,2021,20210403,集客无线AP_QCA_MIPS
2021/20210403/集客无线AP_QCA_MIPS/JIKEAP_AP267F-H_QCA956X_1000M_QCA9886_6.4_2021040300.bin.rar,JIKEAP_AP267F-H_QCA956X_1000M_QCA9886_6.4_2021040300.bin.rar,7861460,8313455d52796e1aa51a072009dd4c46,2021,20210403,集客无线AP_QCA_MIPS
2021/20210403/集客无线AP_QCA_MIPS/JIKEAP_AP267F-Hv2_QCA956X_1000M_QCA9886_6.4_2021040300.bin.rar,JIKEAP_AP267F-Hv2_QCA956X_1000M_QCA9886_6.4_2021040300.bin.rar,7861459,cc4d14d069d80e4c30090d7fc7c736c9,2021,20210403,集客无线AP_QCA_MIPS
2021/20210403/集客无线AP_QCA_MIPS/JIKEAP_AP280F-H_QCA953X_100M_QCA9887_6.4_2021040300.bin.rar,JIKEAP_AP280F-H_QCA953X_100M_QCA9887_6.4_2021040300.bin.rar,6956889,5c67440086409878479de845c7c0db05,2021,20210403,集客无线AP_QCA_MIPS
2021/20210403/集客无线AP_QCA_MIPS/JIKEAP_AP281Y-H_QCA956X_6.4_2021040300.bin.rar,JIKEAP_AP281Y-H_QCA956X_6.4_2021040300.bin.rar,7861669,4b8fb58ff0a41c4c2f8dd64197cafdbf,2021,20210403,集客无线AP_QCA_MIPS
2021/20210403/集客无线AP_QCA_MIPS/JIKEAP_AP282T-H_QCA956X_1000M_QCA9882_6.4_2021040300.bin.rar,JIKEAP_AP282T-H_QCA956X_1000M_QCA9882_6.4_2021040300.bin.rar,7774604,6eab4774337de537435ebd519f544a6e,2021,20210403,集客无线AP_QCA_MIPS
2021/20210403/集客无线AP_QCA_MIPS/JIKEAP_AP283Y-H_QCA956X_6.4_2021040300.bin.rar,JIKEAP_AP283Y-H_QCA956X_6.4_2021040300.bin.rar,7774399,9660bf0f4a13ee04dbfe8a99d6c630c6,2021,20210403,集客无线AP_QCA_MIPS
2021/20210403/集客无线AP_QCA_MIPS/JIKEAP_AP284Y-H_QCA956X_6.4_2021040300.bin.rar,JIKEAP_AP284Y-H_QCA956X_6.4_2021040300.bin.rar,7861593,d5bb7b7e6bcc46f31b9a00edf0adeb3e,2021,20210403,集客无线AP_QCA_MIPS
2021/20210403/集客无线AP_QCA_MIPS/JIKEAP_AP3513NA_QCA934X_6.4_2021040300.bin.rar,JIKEAP_AP3513NA_QCA934X_6.4_2021040300.bin.rar,6597340,acb0789ddf1f11b8b4b24db8f814daf7,2021,20210403,集客无线AP_QCA_MIPS
2021/20210403/集客无线AP_QCA_MIPS/JIKEAP_AP49_QCA953X_6.4_2021040300.bin.rar,JIKEAP_AP49_QCA953X_6.4_2021040300.bin.rar,6975695,053d09afcd80547b4686760d8cc55929,2021,20210403,集客无线AP_QCA_MIPS
2021/20210403/集客无线AP_QCA_MIPS/JIKEAP_AP630_QCA953X_100M_EPORT_6.4_2021040300.bin.rar,JIKEAP_AP630_QCA953X_100M_EPORT_6.4_2021040300.bin.rar,6598465,4a1bc932d38dd15e14f5183a73543c7e,2021,20210403,集客无线AP_QCA_MIPS
2021/20210403/集客无线AP_QCA_MIPS/JIKEAP_AP630v2_QCA953X_100M_EPORT_6.4_2021040300.bin.rar,JIKEAP_AP630v2_QCA953X_100M_EPORT_6.4_2021040300.bin.rar,6597315,df67e656ed4b56a8e8f95ee419866da7,2021,20210403,集客无线AP_QCA_MIPS
2021/20210403/集客无线AP_QCA_MIPS/JIKEAP_AP675_QCA953X_100M_EPORT_6.4_2021040300.bin.rar,JIKEAP_AP675_QCA953X_100M_EPORT_6.4_2021040300.bin.rar,6956861,68a640393e2c7affc7e1051f3de3ed26,2021,20210403,集客无线AP_QCA_MIPS
2021/20210403/集客无线AP_QCA_MIPS/JIKEAP_AP830H_QCA953X_100M_6.4_2021040300.bin.rar,JIKEAP_AP830H_QCA953X_100M_6.4_2021040300.bin.rar,6598468,74e0460dbf47d1633a0ebca087306390,2021,20210403,集客无线AP_QCA_MIPS
2021/20210403/集客无线AP_QCA_MIPS/JIKEAP_AP875H_QCA953X_100M_QCA9887_6.4_2021040300.bin.rar,JIKEAP_AP875H_QCA953X_100M_QCA9887_6.4_2021040300.bin.rar,6956845,9919a910a54a50890dff9219554bd640,2021,20210403,集客无线AP_QCA_MIPS
2021/20210403/集客无线AP_QCA_MIPS/JIKEAP_AP9344_35P0_QCA934X_1000M_FREE_6.4_2021040300.bin.rar,JIKEAP_AP9344_35P0_QCA934X_1000M_FREE_6.4_2021040300.bin.rar,6598393,71b983b2decfce60019564759638c669,2021,20210403,集客无线AP_QCA_MIPS
2021/20210403/集客无线AP_QCA_MIPS/JIKEAP_AP9344_35P4_QCA934X_1000M_FREE_6.4_2021040300.bin.rar,JIKEAP_AP9344_35P4_QCA934X_1000M_FREE_6.4_2021040300.bin.rar,6598550,2095af191bfd064d9de3dd805938b3db,2021,20210403,集客无线AP_QCA_MIPS
2021/20210403/集客无线AP_QCA_MIPS/JIKEAP_AP9344_8327_QCA934X_1000M_FREE_6.4_2021040300.bin.rar,JIKEAP_AP9344_8327_QCA934X_1000M_FREE_6.4_2021040300.bin.rar,6989564,b9ff6cb886372d3382ebc97a8a9b58df,2021,20210403,集客无线AP_QCA_MIPS
2021/20210403/集客无线AP_QCA_MIPS/JIKEAP_AP9344_M100_QCA934X_100M_FREE_6.4_2021040300.bin.rar,JIKEAP_AP9344_M100_QCA934X_100M_FREE_6.4_2021040300.bin.rar,6598253,512946d606d203a151b368b087e63929,2021,20210403,集客无线AP_QCA_MIPS
2021/20210403/集客无线AP_QCA_MIPS/JIKEAP_AP9344_RTL_QCA934X_1000M_FREE_6.4_2021040300.bin.rar,JIKEAP_AP9344_RTL_QCA934X_1000M_FREE_6.4_2021040300.bin.rar,6598391,10e2847c04b88b9ac4cf21a831e0a40d,2021,20210403,集客无线AP_QCA_MIPS
2021/20210403/集客无线AP_QCA_MIPS/JIKEAP_AP941_QCA953X_100M_FREE_6.4_2021040300.bin.rar,JIKEAP_AP941_QCA953X_100M_FREE_6.4_2021040300.bin.rar,6596856,ce601d404fdda1f0a8d6bb4aeb13d8fd,2021,20210403,集客无线AP_QCA_MIPS
2021/20210403/集客无线AP_QCA_MIPS/JIKEAP_AP9558_QCA955X_1000M_QCA9880_FREE_6.4_2021040300.bin.rar,JIKEAP_AP9558_QCA955X_1000M_QCA9880_FREE_6.4_2021040300.bin.rar,7773993,e0543dec75999120ef1c239ca5c09e11,2021,20210403,集客无线AP_QCA_MIPS
2021/20210403/集客无线AP_QCA_MIPS/JIKEAP_ARIMA2210_QCA934X_EPORT_6.4_2021040300.bin.rar,JIKEAP_ARIMA2210_QCA934X_EPORT_6.4_2021040300.bin.rar,6597267,08f1c795b4c82fd2bfd9035e70141a17,2021,20210403,集客无线AP_QCA_MIPS
2021/20210403/集客无线AP_QCA_MIPS/JIKEAP_K2TS_QCA956X_1000M_QCA9886_FREE_6.4_2021040300.bin.rar,JIKEAP_K2TS_QCA956X_1000M_QCA9886_FREE_6.4_2021040300.bin.rar,7166004,823f1cb3fcb9c9c68e6f36de5e15cb13,2021,20210403,集客无线AP_QCA_MIPS
2021/20210403/集客无线AP_QCA_MIPS/JIKEAP_K2T_QCA956X_1000M_QCA9886_FREE_6.4_2021040300.bin.rar,JIKEAP_K2T_QCA956X_1000M_QCA9886_FREE_6.4_2021040300.bin.rar,7166061,a2a320c8767c91aad61afa478bfcffa5,2021,20210403,集客无线AP_QCA_MIPS
2021/20210403/集客无线AP_QCA_MIPS/JIKEAP_MI100_QCA934X_100M_FREE_6.4_2021040300.bin.rar,JIKEAP_MI100_QCA934X_100M_FREE_6.4_2021040300.bin.rar,6596917,c1a7ded9150c653c70abeae073bd5ae3,2021,20210403,集客无线AP_QCA_MIPS
2021/20210403/集客无线AP_QCA_MIPS/JIKEAP_WPJ563_QCA956X_1000M_QCA9880_6.4_2021040300.bin.rar,JIKEAP_WPJ563_QCA956X_1000M_QCA9880_6.4_2021040300.bin.rar,8126810,8ee47ad0a6e77003d800aeb5809523ab,2021,20210403,集客无线AP_QCA_MIPS
2021/20210403/集客无线AP_QCA_MIPS/release_notes.txt,release_notes.txt,4640,c077b7b795086c49f174c20548802f12,2021,20210403,集客无线AP_QCA_MIPS
2021/20210407/集客AC控制器/GECOOS_AC7620_MT7620_FREE_0.9_2021040705.bin.rar,GECOOS_AC7620_MT7620_FREE_0.9_2021040705.bin.rar,4171244,8eb4452f671d849436cdba21d35e2331,2021,20210407,集客AC控制器
2021/20210407/集客AC控制器/GECOOS_AC7621_MT7621_FREE_0.9_2021040705.bin.rar,GECOOS_AC7621_MT7621_FREE_0.9_2021040705.bin.rar,4335800,029f600c889f5998985b3e0fffff1c05,2021,20210407,集客AC控制器
2021/20210407/集客AC控制器/GECOOS_AC7628_MT7628_FREE_0.9_2021040705.bin.rar,GECOOS_AC7628_MT7628_FREE_0.9_2021040705.bin.rar,4269282,97180382057bbe6b929bf6337a0b15d3,2021,20210407,集客AC控制器
2021/20210407/集客AC控制器/release_notes.txt,release_notes.txt,606,a67ce1aee9fbf63ecedf9492b1a491fa,2021,20210407,集客AC控制器
2021/20210407/集客无线AP_MTK/JIKEAP_AP118F_MT7628_EPORT_6.4_2021040600.bin.rar,JIKEAP_AP118F_MT7628_EPORT_6.4_2021040600.bin.rar,6408439,eefc025006ad51dccdbebb8d05211810,2021,20210407,集客无线AP_MTK
2021/20210407/集客无线AP_MTK/JIKEAP_AP210G_MT7620_EPORT_6.4_2021040600.bin.rar,JIKEAP_AP210G_MT7620_EPORT_6.4_2021040600.bin.rar,4974852,1c49cb643b5978591a63ca4f18b52830,2021,20210407,集客无线AP_MTK
2021/20210407/集客无线AP_MTK/JIKEAP_AP213G_MT7620_EPORT_6.4_2021040600.bin.rar,JIKEAP_AP213G_MT7620_EPORT_6.4_2021040600.bin.rar,6679192,6a3fac7fc80670afe2f545bd54acc7c5,2021,20210407,集客无线AP_MTK
2021/20210407/集客无线AP_MTK/JIKEAP_AP215G_MT7621_MT7615DN_LLELL_EPORT_6.4_2021040600.bin.rar,JIKEAP_AP215G_MT7621_MT7615DN_LLELL_EPORT_6.4_2021040600.bin.rar,5585323,9efd140cbb81f406c6168151e7c76794,2021,20210407,集客无线AP_MTK
2021/20210407/集客无线AP_MTK/JIKEAP_AP230EP_MT7620_withPA_LEEEL_EPORT_FREE_6.4_2021040600.bin.rar,JIKEAP_AP230EP_MT7620_withPA_LEEEL_EPORT_FREE_6.4_2021040600.bin.rar,6997702,e6dd8c05b55637344010c92fe6d2f3f6,2021,20210407,集客无线AP_MTK
2021/20210407/集客无线AP_MTK/JIKEAP_AP230G_MT7620_RTL_EPORT_FREE_6.4_2021040600.bin.rar,JIKEAP_AP230G_MT7620_RTL_EPORT_FREE_6.4_2021040600.bin.rar,6994989,5fef565a05de51fff9916aa678e1dad8,2021,20210407,集客无线AP_MTK
2021/20210407/集客无线AP_MTK/JIKEAP_AP230IP_MT7620_noPA_LEEEL_EPORT_FREE_6.4_2021040600.bin.rar,JIKEAP_AP230IP_MT7620_noPA_LEEEL_EPORT_FREE_6.4_2021040600.bin.rar,6994802,5b626436104114633be933fdf4b0035b,2021,20210407,集客无线AP_MTK
2021/20210407/集客无线AP_MTK/JIKEAP_AP238AN_MT7628_LLEEE_EPORT_FREE_6.4_2021040600.bin.rar,JIKEAP_AP238AN_MT7628_LLEEE_EPORT_FREE_6.4_2021040600.bin.rar,7078217,a51d3bd6694e1965294b342315dddcaf,2021,20210407,集客无线AP_MTK
2021/20210407/集客无线AP_MTK/JIKEAP_AP238WN_MT7628_LLELL_EPORT_6.4_2021040600.bin.rar,JIKEAP_AP238WN_MT7628_LLELL_EPORT_6.4_2021040600.bin.rar,6408738,499ec2c5f07b8f7f4c556a0e3e0ebd06,2021,20210407,集客无线AP_MTK
2021/20210407/集客无线AP_MTK/JIKEAP_AP240P_MT7621_SWITCH_LEEEE_EPORT_FREE_6.4_2021040600.bin.rar,JIKEAP_AP240P_MT7621_SWITCH_LEEEE_EPORT_FREE_6.4_2021040600.bin.rar,4496151,bc9c033c4bdc0cb429cc7e35018cddcc,2021,20210407,集客无线AP_MTK
2021/20210407/集客无线AP_MTK/JIKEAP_AP242P_MT7621_LLLLL_64M_FREE_6.4_2021040600.bin.rar,JIKEAP_AP242P_MT7621_LLLLL_64M_FREE_6.4_2021040600.bin.rar,7051602,7f90e2a1e0d161aed50be998c0824330,2021,20210407,集客无线AP_MTK
2021/20210407/集客无线AP_MTK/JIKEAP_AP245P_MT7621_MT7615DN_LEEEL_EPORT_FREE_6.4_2021040600.bin.rar,JIKEAP_AP245P_MT7621_MT7615DN_LEEEL_EPORT_FREE_6.4_2021040600.bin.rar,5943517,65c9791cc4fe77540440145ada5abe5a,2021,20210407,集客无线AP_MTK
2021/20210407/集客无线AP_MTK/JIKEAP_AP246HI_MT7621_1000_FREE_6.4_2021040600.bin.rar,JIKEAP_AP246HI_MT7621_1000_FREE_6.4_2021040600.bin.rar,7075348,b3d8dd9c805892b4f789aa8bbebd225a,2021,20210407,集客无线AP_MTK
2021/20210407/集客无线AP_MTK/JIKEAP_AP246ND_MT7621_MT7603_MT7615N_LLEEL_EPORT_FREE_6.4_2021040600.bin.rar,JIKEAP_AP246ND_MT7621_MT7603_MT7615N_LLEEL_EPORT_FREE_6.4_2021040600.bin.rar,6438033,da18535eb6c2198e0c1daee296b25989,2021,20210407,集客无线AP_MTK
2021/20210407/集客无线AP_MTK/JIKEAP_AP246NND_MT7621_MT7603_MT7615N_LLEEL_EPORT_FREE_6.4_2021040600.bin.rar,JIKEAP_AP246NND_MT7621_MT7603_MT7615N_LLEEL_EPORT_FREE_6.4_2021040600.bin.rar,6438169,ba8d6a46717c6cb6ce2e2a5cd23cc63b,2021,20210407,集客无线AP_MTK
2021/20210407/集客无线AP_MTK/JIKEAP_AP246NND_upgrade_from_breed.bin.rar,JIKEAP_AP246NND_upgrade_from_breed.bin.rar,6439057,56dc92210dfb18fcfba2fbf5f3742f30,2021,20210407,集客无线AP_MTK
2021/20210407/集客无线AP_MTK/JIKEAP_AP246P_MT7621_MT7603_MT7615N_FREE_6.4_2021040600.bin.rar,JIKEAP_AP246P_MT7621_MT7603_MT7615N_FREE_6.4_2021040600.bin.rar,8125548,94435d8a5c4e3d0071637b30f59af53a,2021,20210407,集客无线AP_MTK
2021/20210407/集客无线AP_MTK/JIKEAP_AP24_MT7621_LEEEL_EPORT_FREE_6.4_2021040600.bin.rar,JIKEAP_AP24_MT7621_LEEEL_EPORT_FREE_6.4_2021040600.bin.rar,7051648,aefed687cfe0b1f81562b1ae8227eb52,2021,20210407,集客无线AP_MTK
2021/20210407/集客无线AP_MTK/JIKEAP_AP261F-H_MT7621_6.4_2021040600.bin.rar,JIKEAP_AP261F-H_MT7621_6.4_2021040600.bin.rar,5583839,37ba2bbbae9d84ff0d6406b2dacc7f94,2021,20210407,集客无线AP_MTK
2021/20210407/集客无线AP_MTK/JIKEAP_AP601_MT7620_LEEEE_EPORT_FREE_6.4_2021040600.bin.rar,JIKEAP_AP601_MT7620_LEEEE_EPORT_FREE_6.4_2021040600.bin.rar,4974199,378425df0a4cf2b1d57d94df92a3a1ce,2021,20210407,集客无线AP_MTK
2021/20210407/集客无线AP_MTK/JIKEAP_AP602_MT7620_32M_LEEEE_EPORT_FREE_6.4_2021040600.bin.rar,JIKEAP_AP602_MT7620_32M_LEEEE_EPORT_FREE_6.4_2021040600.bin.rar,3381609,ea16fd1310be1e993a91fb156ddc654e,2021,20210407,集客无线AP_MTK
2021/20210407/集客无线AP_MTK/JIKEAP_AX1800B_MT7621_EPORT_6.4_2021040600.bin.rar,JIKEAP_AX1800B_MT7621_EPORT_6.4_2021040600.bin.rar,7476671,f54bb126735dee8fd94971e97bf1b209,2021,20210407,集客无线AP_MTK
2021/20210407/集客无线AP_MTK/JIKEAP_AX1800H_MT7621_MT7915DN_WIFI6_NAND_6.4_2021040600.bin.rar,JIKEAP_AX1800H_MT7621_MT7915DN_WIFI6_NAND_6.4_2021040600.bin.rar,7476762,ce97a02cc8311b53d36c2952bca3078e,2021,20210407,集客无线AP_MTK
2021/20210407/集客无线AP_MTK/JIKEAP_AX1800S_MT7621_MT7915DN_WIFI6_6.4_2021040600.bin.rar,JIKEAP_AX1800S_MT7621_MT7915DN_WIFI6_6.4_2021040600.bin.rar,7476768,7c6935339e1c3a11bc4780883e5c4748,2021,20210407,集客无线AP_MTK
2021/20210407/集客无线AP_MTK/JIKEAP_AX2020_MT7621_EPORT_6.4_2021040600.bin.rar,JIKEAP_AX2020_MT7621_EPORT_6.4_2021040600.bin.rar,7476631,9103bbe5136adb0ccf1588bffee66ad0,2021,20210407,集客无线AP_MTK
2021/20210407/集客无线AP_MTK/release_notes.txt,release_notes.txt,4775,ac1089a89f2f5f8796343bf107f0ceae,2021,20210407,集客无线AP_MTK
2021/20210407/集客无线AP_QCA_IPQ/JIKEAP_AC58U_IPQ40XX_1000M_IPQ4018_FREE_6.4_2021040600.bin.rar,JIKEAP_AC58U_IPQ40XX_1000M_IPQ4018_FREE_6.4_2021040600.bin.rar,10707837,c69fb2cebe91b013a4bafa597c6152ff,2021,20210407,集客无线AP_QCA_IPQ
2021/20210407/集客无线AP_QCA_IPQ/JIKEAP_AC58U_IPQ40XX_6.4_2021040600_opboot.bin.rar,JIKEAP_AC58U_IPQ40XX_6.4_2021040600_opboot.bin.rar,10707977,3a6df42636afb3930c224dc17b453da0,2021,20210407,集客无线AP_QCA_IPQ
2021/20210407/集客无线AP_QCA_IPQ/JIKEAP_ACRH17_IPQ40XX_1000M_QCA9984_HT160_EPORT_FREE_6.4_2021040600.bin.rar,JIKEAP_ACRH17_IPQ40XX_1000M_QCA9984_HT160_EPORT_FREE_6.4_2021040600.bin.rar,12705780,edc88a64bc4f919e6a4382d71a3a1352,2021,20210407,集客无线AP_QCA_IPQ
2021/20210407/集客无线AP_QCA_IPQ/JIKEAP_ACRH17_IPQ40XX_6.4_2021040600_opboot.bin.rar,JIKEAP_ACRH17_IPQ40XX_6.4_2021040600_opboot.bin.rar,12705468,e19dd000d293ab5d5679cacb4f35e3e3,2021,20210407,集客无线AP_QCA_IPQ
2021/20210407/集客无线AP_QCA_IPQ/JIKEAP_AP118L_IPQ40XX_1000M_EPORT_6.4_2021040600.bin.rar,JIKEAP_AP118L_IPQ40XX_1000M_EPORT_6.4_2021040600.bin.rar,13422905,b69f7ef0961b561c48fa160e60aadd62,2021,20210407,集客无线AP_QCA_IPQ
2021/20210407/集客无线AP_QCA_IPQ/JIKEAP_AP269X-HG_IPQ40XX_1000M_6.4_2021040600.bin.rar,JIKEAP_AP269X-HG_IPQ40XX_1000M_6.4_2021040600.bin.rar,13422570,cdae972bb85d46c63358aa70a5657a16,2021,20210407,集客无线AP_QCA_IPQ
2021/20210407/集客无线AP_QCA_IPQ/JIKEAP_AP285F-H_IPQ40XX_1000M_6.4_2021040600.bin.rar,JIKEAP_AP285F-H_IPQ40XX_1000M_6.4_2021040600.bin.rar,13422935,1319d4c92aa65dee2adf03c066899b11,2021,20210407,集客无线AP_QCA_IPQ
2021/20210407/集客无线AP_QCA_IPQ/JIKEAP_AP320F-H_IPQ40XX_1000M_3RADIO_6.4_2021040600.bin.rar,JIKEAP_AP320F-H_IPQ40XX_1000M_3RADIO_6.4_2021040600.bin.rar,13391304,2cf916caae56f594929379d7030bc60c,2021,20210407,集客无线AP_QCA_IPQ
2021/20210407/集客无线AP_QCA_IPQ/JIKEAP_AP320Y-H_IPQ40XX_1000M_3RADIO_6.4_2021040600.bin.rar,JIKEAP_AP320Y-H_IPQ40XX_1000M_3RADIO_6.4_2021040600.bin.rar,13424025,a3bac3bb865804779ac22c7c2bff324a,2021,20210407,集客无线AP_QCA_IPQ
2021/20210407/集客无线AP_QCA_IPQ/JIKEAP_AP330F-H_IPQ40XX_1000M_3RADIO_HT160_6.4_2021040600.bin.rar,JIKEAP_AP330F-H_IPQ40XX_1000M_3RADIO_HT160_6.4_2021040600.bin.rar,13391353,4607c7b6ba42a34942cf275afd0825d2,2021,20210407,集客无线AP_QCA_IPQ
2021/20210407/集客无线AP_QCA_IPQ/JIKEAP_AP386X_IPQ40XX_1000M_3RADIO_6.4_2021040600.bin.rar,JIKEAP_AP386X_IPQ40XX_1000M_3RADIO_6.4_2021040600.bin.rar,13423778,109352f3c6a03009130c3821ff904f77,2021,20210407,集客无线AP_QCA_IPQ
2021/20210407/集客无线AP_QCA_IPQ/JIKEAP_AX1800F_IPQ60XX_1000M_WIFI6_6.4_2021040600.bin.rar,JIKEAP_AX1800F_IPQ60XX_1000M_WIFI6_6.4_2021040600.bin.rar,13202530,91cf5dee3ce7966b046a5c701303725c,2021,20210407,集客无线AP_QCA_IPQ
2021/20210407/集客无线AP_QCA_IPQ/JIKEAP_AX1800MI_IPQ60XX_1000M_WIFI6_FREE_6.4_2021040600.bin.rar,JIKEAP_AX1800MI_IPQ60XX_1000M_WIFI6_FREE_6.4_2021040600.bin.rar,12447459,7b5300141ae77836c5d0e3873de993f4,2021,20210407,集客无线AP_QCA_IPQ
2021/20210407/集客无线AP_QCA_IPQ/JIKEAP_AX1800Y_IPQ60XX_6.4_2021040600.bin.rar,JIKEAP_AX1800Y_IPQ60XX_6.4_2021040600.bin.rar,13327563,fcf0d4d01d9b9884d1f2a94a4e6c494b,2021,20210407,集客无线AP_QCA_IPQ
2021/20210407/集客无线AP_QCA_IPQ/JIKEAP_AX2180_IPQ60XX_1000M_WIFI6_6.4_2021040600.bin.rar,JIKEAP_AX2180_IPQ60XX_1000M_WIFI6_6.4_2021040600.bin.rar,13312690,47a3c436ad5e36cabc97d9fc3ec97879,2021,20210407,集客无线AP_QCA_IPQ
2021/20210407/集客无线AP_QCA_IPQ/JIKEAP_AX5RM_IPQ60XX_1000M_WIFI6_FREE_6.4_2021040600.bin.rar,JIKEAP_AX5RM_IPQ60XX_1000M_WIFI6_FREE_6.4_2021040600.bin.rar,12447002,156318276df8bc4c3d2d54657d164cd9,2021,20210407,集客无线AP_QCA_IPQ
2021/20210407/集客无线AP_QCA_IPQ/JIKEAP_AX8180X_IPQ60XX_6.4_2021040600.bin.rar,JIKEAP_AX8180X_IPQ60XX_6.4_2021040600.bin.rar,13195916,f17577135fdde628c9c34a7dda7ae178,2021,20210407,集客无线AP_QCA_IPQ
2021/20210407/集客无线AP_QCA_IPQ/JIKEAP_AX8180Y_IPQ60XX_6.4_2021040600.bin.rar,JIKEAP_AX8180Y_IPQ60XX_6.4_2021040600.bin.rar,13333221,2742b5e6225d4a3fcce4b5c3b9e69b72,2021,20210407,集客无线AP_QCA_IPQ
2021/20210407/集客无线AP_QCA_IPQ/JIKEAP_AXR3100_IPQ40XX_1000M_QCA9984_HT160_EPORT_FREE_6.4_2021040600.bin.rar,JIKEAP_AXR3100_IPQ40XX_1000M_QCA9984_HT160_EPORT_FREE_6.4_2021040600.bin.rar,13355935,4e8d42793a9d1c86281e837385d68f3d,2021,20210407,集客无线AP_QCA_IPQ
2021/20210407/集客无线AP_QCA_IPQ/JIKEAP_CM520_IPQ40XX_1000M_NAND_EPORT_FREE_6.4_2021040600.bin.rar,JIKEAP_CM520_IPQ40XX_1000M_NAND_EPORT_FREE_6.4_2021040600.bin.rar,12725150,55055a5e98aebc79a4f404c513794f1a,2021,20210407,集客无线AP_QCA_IPQ
2021/20210407/集客无线AP_QCA_IPQ/JIKEAP_HM1800_IPQ60XX_1000M_WIFI6_6.4_2021040600.bin.rar,JIKEAP_HM1800_IPQ60XX_1000M_WIFI6_6.4_2021040600.bin.rar,13309231,d1e1cf7a0e7baaaeaf2c2aab367acb01,2021,20210407,集客无线AP_QCA_IPQ
2021/20210407/集客无线AP_QCA_IPQ/release_notes.txt,release_notes.txt,4707,cb57d043a905fdb5909604ab274886a1,2021,20210407,集客无线AP_QCA_IPQ
2021/20210407/集客无线AP_QCA_IPQ/ubi-JIKEAP_AX1800MI.img.rar,ubi-JIKEAP_AX1800MI.img.rar,12446401,213d797cf757f96123727439c33b87a9,2021,20210407,集客无线AP_QCA_IPQ
2021/20210407/集客无线AP_QCA_IPQ/ubi-JIKEAP_AX5RM.img.rar,ubi-JIKEAP_AX5RM.img.rar,12446028,5233aee5a232283c41bdfe5687658ab7,2021,20210407,集客无线AP_QCA_IPQ
2021/20210407/集客无线AP_QCA_IPQ/ubi-JIKEAP_CM520.img.rar,ubi-JIKEAP_CM520.img.rar,12724277,7231618fb66de4b7094c9378530a2a74,2021,20210407,集客无线AP_QCA_IPQ
2021/20210407/集客无线AP_QCA_MIPS/JIKEAP_AP0141_QCA934X_1000M_FREE_6.4_2021040600.bin.rar,JIKEAP_AP0141_QCA934X_1000M_FREE_6.4_2021040600.bin.rar,6990009,91a6dd6bd5df85d143acd5a3043e71fc,2021,20210407,集客无线AP_QCA_MIPS
2021/20210407/集客无线AP_QCA_MIPS/JIKEAP_AP110T_QCA933X_100M_EPORT_FREE_6.4_2021040600.bin.rar,JIKEAP_AP110T_QCA933X_100M_EPORT_FREE_6.4_2021040600.bin.rar,6596984,4e820e3694d9082c534659cd9a0cf8a6,2021,20210407,集客无线AP_QCA_MIPS
2021/20210407/集客无线AP_QCA_MIPS/JIKEAP_AP112F_QCA953X_100M_16M_EPORT_6.4_2021040600.bin.rar,JIKEAP_AP112F_QCA953X_100M_16M_EPORT_6.4_2021040600.bin.rar,6598798,dd1e0c84bf2304917a1e788af46ab3e4,2021,20210407,集客无线AP_QCA_MIPS
2021/20210407/集客无线AP_QCA_MIPS/JIKEAP_AP112Fv2_QCA953X_100M_8M_EPORT_6.4_2021040600.bin.rar,JIKEAP_AP112Fv2_QCA953X_100M_8M_EPORT_6.4_2021040600.bin.rar,6597480,ca44683693fdf79f93d7b4aefb29c1e6,2021,20210407,集客无线AP_QCA_MIPS
2021/20210407/集客无线AP_QCA_MIPS/JIKEAP_AP112J_QCA953X_100M_EPORT_6.4_2021040600.bin.rar,JIKEAP_AP112J_QCA953X_100M_EPORT_6.4_2021040600.bin.rar,6599145,3dda90acfcb423eb19734496e0a56c46,2021,20210407,集客无线AP_QCA_MIPS
2021/20210407/集客无线AP_QCA_MIPS/JIKEAP_AP112Q_QCA934X_100M_EPORT_FREE_6.4_2021040600.bin.rar,JIKEAP_AP112Q_QCA934X_100M_EPORT_FREE_6.4_2021040600.bin.rar,6597779,639f9d4e5a97bfaeae46f60b43205c37,2021,20210407,集客无线AP_QCA_MIPS
2021/20210407/集客无线AP_QCA_MIPS/JIKEAP_AP112T_QCA953X_100M_EPORT_6.4_2021040600.bin.rar,JIKEAP_AP112T_QCA953X_100M_EPORT_6.4_2021040600.bin.rar,6597289,73b63180bd8ae3506900518d9e6e0dcd,2021,20210407,集客无线AP_QCA_MIPS
2021/20210407/集客无线AP_QCA_MIPS/JIKEAP_AP112Y_QCA953X_100M_EPORT_6.4_2021040600.bin.rar,JIKEAP_AP112Y_QCA953X_100M_EPORT_6.4_2021040600.bin.rar,6598724,bcf90b7060d73fc97a9cd9f39be44c7c,2021,20210407,集客无线AP_QCA_MIPS
2021/20210407/集客无线AP_QCA_MIPS/JIKEAP_AP116F_QCA953X_100M_QCA9887_EPORT_6.4_2021040600.bin.rar,JIKEAP_AP116F_QCA953X_100M_QCA9887_EPORT_6.4_2021040600.bin.rar,6957231,8202e453788f4caa0b1c62c063b0878a,2021,20210407,集客无线AP_QCA_MIPS
2021/20210407/集客无线AP_QCA_MIPS/JIKEAP_AP116Q_QCA953X_100M_QCA9887_EPORT_6.4_2021040600.bin.rar,JIKEAP_AP116Q_QCA953X_100M_QCA9887_EPORT_6.4_2021040600.bin.rar,6957272,e226a00b0b8b580cbc0512fad9f6d25b,2021,20210407,集客无线AP_QCA_MIPS
2021/20210407/集客无线AP_QCA_MIPS/JIKEAP_AP117D_QCA955X_1000M_QCA9880_6.4_2021040600.bin.rar,JIKEAP_AP117D_QCA955X_1000M_QCA9880_6.4_2021040600.bin.rar,7774905,25d158c2ff84388ca28317c8fdf4b957,2021,20210407,集客无线AP_QCA_MIPS
2021/20210407/集客无线AP_QCA_MIPS/JIKEAP_AP117Q_QCA956X_1000M_QCA9882_6.4_2021040600.bin.rar,JIKEAP_AP117Q_QCA956X_1000M_QCA9882_6.4_2021040600.bin.rar,7774754,98888bbadf63cde29f7780234cc7ac99,2021,20210407,集客无线AP_QCA_MIPS
2021/20210407/集客无线AP_QCA_MIPS/JIKEAP_AP120_QCA934X_1000M_FREE_6.4_2021040600.bin.rar,JIKEAP_AP120_QCA934X_1000M_FREE_6.4_2021040600.bin.rar,6990966,60660421751a73f2f4943e9db9009a55,2021,20210407,集客无线AP_QCA_MIPS
2021/20210407/集客无线AP_QCA_MIPS/JIKEAP_AP126F_QCA953X_100M_8M_6.4_2021040600.bin.rar,JIKEAP_AP126F_QCA953X_100M_8M_6.4_2021040600.bin.rar,6597508,3a9d11188bc4bf92f386fc258ddee54e,2021,20210407,集客无线AP_QCA_MIPS
2021/20210407/集客无线AP_QCA_MIPS/JIKEAP_AP130F-H_QCA953X_100M_6.4_2021040600.bin.rar,JIKEAP_AP130F-H_QCA953X_100M_6.4_2021040600.bin.rar,6598810,a7e977d07d15f6331f1e2ecb888fdbb0,2021,20210407,集客无线AP_QCA_MIPS
2021/20210407/集客无线AP_QCA_MIPS/JIKEAP_AP130T_QCA934X_100M_AR9341_FREE_6.4_2021040600.bin.rar,JIKEAP_AP130T_QCA934X_100M_AR9341_FREE_6.4_2021040600.bin.rar,6596978,948722969c306a2f53f4e95d1a4e10bb,2021,20210407,集客无线AP_QCA_MIPS
2021/20210407/集客无线AP_QCA_MIPS/JIKEAP_AP135T-H_QCA953X_100M_AR9341_6.4_2021040600.bin.rar,JIKEAP_AP135T-H_QCA953X_100M_AR9341_6.4_2021040600.bin.rar,6597257,e2df43a1c298dc940f6e3f985a5e6911,2021,20210407,集客无线AP_QCA_MIPS
2021/20210407/集客无线AP_QCA_MIPS/JIKEAP_AP136Y-H_QCA953X_100M_6.4_2021040600.bin.rar,JIKEAP_AP136Y-H_QCA953X_100M_6.4_2021040600.bin.rar,6598617,9d700a2880bb8c104db9c84d8e2c2cca,2021,20210407,集客无线AP_QCA_MIPS
2021/20210407/集客无线AP_QCA_MIPS/JIKEAP_AP147_QCA953X_100M_QCA9887_FREE_6.4_2021040600.bin.rar,JIKEAP_AP147_QCA953X_100M_QCA9887_FREE_6.4_2021040600.bin.rar,7735770,7e8cfc0e2a203b2c2624e1cbffc9400f,2021,20210407,集客无线AP_QCA_MIPS
2021/20210407/集客无线AP_QCA_MIPS/JIKEAP_AP153Y-H_QCA953X_6.4_2021040600.bin.rar,JIKEAP_AP153Y-H_QCA953X_6.4_2021040600.bin.rar,6598587,db1863f8be909228876cb37312e423f8,2021,20210407,集客无线AP_QCA_MIPS
2021/20210407/集客无线AP_QCA_MIPS/JIKEAP_AP185W_QCA934X_6.4_2021040600.bin.rar,JIKEAP_AP185W_QCA934X_6.4_2021040600.bin.rar,6597515,7380ec987db58612fd9d50935e04cbf5,2021,20210407,集客无线AP_QCA_MIPS
2021/20210407/集客无线AP_QCA_MIPS/JIKEAP_AP220G_QCA956X_1000M_QCA9886_6.4_2021040600.bin.rar,JIKEAP_AP220G_QCA956X_1000M_QCA9886_6.4_2021040600.bin.rar,7861673,80b5eb31d3793ed3e200d029d6f74ade,2021,20210407,集客无线AP_QCA_MIPS
2021/20210407/集客无线AP_QCA_MIPS/JIKEAP_AP223G_QCA956X_1000M_QCA9886_6.4_2021040600.bin.rar,JIKEAP_AP223G_QCA956X_1000M_QCA9886_6.4_2021040600.bin.rar,7838834,4d3a77ffb982fd83e15bd2a3437a9e86,2021,20210407,集客无线AP_QCA_MIPS
2021/20210407/集客无线AP_QCA_MIPS/JIKEAP_AP260F-H_QCA953X_100M_QCA9887_6.4_2021040600.bin.rar,JIKEAP_AP260F-H_QCA953X_100M_QCA9887_6.4_2021040600.bin.rar,6957135,2123fbac41a7bb17455fcf8d96faa5c5,2021,20210407,集客无线AP_QCA_MIPS
2021/20210407/集客无线AP_QCA_MIPS/JIKEAP_AP260T-H_QCA953X_100M_AR9X82_6.4_2021040600.bin.rar,JIKEAP_AP260T-H_QCA953X_100M_AR9X82_6.4_2021040600.bin.rar,6598738,1ae8b49c04617993ff1c52750557d9b6,2021,20210407,集客无线AP_QCA_MIPS
2021/20210407/集客无线AP_QCA_MIPS/JIKEAP_AP261Y-H_QCA953X_100M_QCA9887_6.4_2021040600.bin.rar,JIKEAP_AP261Y-H_QCA953X_100M_QCA9887_6.4_2021040600.bin.rar,6957050,eb62a797ddbc347df5c505ebfa5e8c2f,2021,20210407,集客无线AP_QCA_MIPS
2021/20210407/集客无线AP_QCA_MIPS/JIKEAP_AP262Y-H_QCA956X_1000M_QCA9882_6.4_2021040600.bin.rar,JIKEAP_AP262Y-H_QCA956X_1000M_QCA9882_6.4_2021040600.bin.rar,7774772,5904758e1de56851e91dcec29e6fa7ea,2021,20210407,集客无线AP_QCA_MIPS
2021/20210407/集客无线AP_QCA_MIPS/JIKEAP_AP263YS_QCA956X_1000M_QCA9880_6.4_2021040600.bin.rar,JIKEAP_AP263YS_QCA956X_1000M_QCA9880_6.4_2021040600.bin.rar,8127212,8900c12177ed0509d026fc598096fda7,2021,20210407,集客无线AP_QCA_MIPS
2021/20210407/集客无线AP_QCA_MIPS/JIKEAP_AP266G-H_QCA955X_1000M_QCA9880_6.4_2021040600.bin.rar,JIKEAP_AP266G-H_QCA955X_1000M_QCA9880_6.4_2021040600.bin.rar,7773445,5f0726e0725e92582300482c021b1230,2021,20210407,集客无线AP_QCA_MIPS
2021/20210407/集客无线AP_QCA_MIPS/JIKEAP_AP267F-H_QCA956X_1000M_QCA9886_6.4_2021040600.bin.rar,JIKEAP_AP267F-H_QCA956X_1000M_QCA9886_6.4_2021040600.bin.rar,7861695,7e62c13d5c99d34562089849d3fc5fed,2021,20210407,集客无线AP_QCA_MIPS
2021/20210407/集客无线AP_QCA_MIPS/JIKEAP_AP267F-Hv2_QCA956X_1000M_QCA9886_6.4_2021040600.bin.rar,JIKEAP_AP267F-Hv2_QCA956X_1000M_QCA9886_6.4_2021040600.bin.rar,7861739,d6489101903fc5cc87c6704df48296ac,2021,20210407,集客无线AP_QCA_MIPS
2021/20210407/集客无线AP_QCA_MIPS/JIKEAP_AP280F-H_QCA953X_100M_QCA9887_6.4_2021040600.bin.rar,JIKEAP_AP280F-H_QCA953X_100M_QCA9887_6.4_2021040600.bin.rar,6957214,64b65204ffbfe2c4a0f8eebd254500ae,2021,20210407,集客无线AP_QCA_MIPS
2021/20210407/集客无线AP_QCA_MIPS/JIKEAP_AP281Y-H_QCA956X_6.4_2021040600.bin.rar,JIKEAP_AP281Y-H_QCA956X_6.4_2021040600.bin.rar,7861989,8ef3ee46251b8214a8c2bc93aceacd98,2021,20210407,集客无线AP_QCA_MIPS
2021/20210407/集客无线AP_QCA_MIPS/JIKEAP_AP282T-H_QCA956X_1000M_QCA9882_6.4_2021040600.bin.rar,JIKEAP_AP282T-H_QCA956X_1000M_QCA9882_6.4_2021040600.bin.rar,7774870,782e65e9029c24d99e16ceb7d256bf69,2021,20210407,集客无线AP_QCA_MIPS
2021/20210407/集客无线AP_QCA_MIPS/JIKEAP_AP283Y-H_QCA956X_6.4_2021040600.bin.rar,JIKEAP_AP283Y-H_QCA956X_6.4_2021040600.bin.rar,7774739,59920d9ad279d368489638aed6a63e0d,2021,20210407,集客无线AP_QCA_MIPS
2021/20210407/集客无线AP_QCA_MIPS/JIKEAP_AP284Y-H_QCA956X_6.4_2021040600.bin.rar,JIKEAP_AP284Y-H_QCA956X_6.4_2021040600.bin.rar,7861962,a8a8e2a6b8b8a21ee2511d7f986a9d5a,2021,20210407,集客无线AP_QCA_MIPS
2021/20210407/集客无线AP_QCA_MIPS/JIKEAP_AP3513NA_QCA934X_6.4_2021040600.bin.rar,JIKEAP_AP3513NA_QCA934X_6.4_2021040600.bin.rar,6597522,e7c471ab6191c24c9d10dbfdd9bb127c,2021,20210407,集客无线AP_QCA_MIPS
2021/20210407/集客无线AP_QCA_MIPS/JIKEAP_AP49_QCA953X_6.4_2021040600.bin.rar,JIKEAP_AP49_QCA953X_6.4_2021040600.bin.rar,6975975,7e07b57c2fecbef9c4cb050b42859130,2021,20210407,集客无线AP_QCA_MIPS
2021/20210407/集客无线AP_QCA_MIPS/JIKEAP_AP630_QCA953X_100M_EPORT_6.4_2021040600.bin.rar,JIKEAP_AP630_QCA953X_100M_EPORT_6.4_2021040600.bin.rar,6598769,319f57ca2e13e6ed6f42237a232bcab6,2021,20210407,集客无线AP_QCA_MIPS
2021/20210407/集客无线AP_QCA_MIPS/JIKEAP_AP630v2_QCA953X_100M_EPORT_6.4_2021040600.bin.rar,JIKEAP_AP630v2_QCA953X_100M_EPORT_6.4_2021040600.bin.rar,6597667,5cfbe5a021a1b7785f39b5e940a3f3f4,2021,20210407,集客无线AP_QCA_MIPS
2021/20210407/集客无线AP_QCA_MIPS/JIKEAP_AP675_QCA953X_100M_EPORT_6.4_2021040600.bin.rar,JIKEAP_AP675_QCA953X_100M_EPORT_6.4_2021040600.bin.rar,6957113,87aa401f007044c01a912f499e280562,2021,20210407,集客无线AP_QCA_MIPS
2021/20210407/集客无线AP_QCA_MIPS/JIKEAP_AP830H_QCA953X_100M_6.4_2021040600.bin.rar,JIKEAP_AP830H_QCA953X_100M_6.4_2021040600.bin.rar,6598716,af260e2b75497b18b86a72ed43583e02,2021,20210407,集客无线AP_QCA_MIPS
2021/20210407/集客无线AP_QCA_MIPS/JIKEAP_AP875H_QCA953X_100M_QCA9887_6.4_2021040600.bin.rar,JIKEAP_AP875H_QCA953X_100M_QCA9887_6.4_2021040600.bin.rar,6957103,8ec6dac42c883318c9f56a25ec015a2e,2021,20210407,集客无线AP_QCA_MIPS
2021/20210407/集客无线AP_QCA_MIPS/JIKEAP_AP9344_35P0_QCA934X_1000M_FREE_6.4_2021040600.bin.rar,JIKEAP_AP9344_35P0_QCA934X_1000M_FREE_6.4_2021040600.bin.rar,6598743,ea68697b0584b7851f309bb99d993192,2021,20210407,集客无线AP_QCA_MIPS
2021/20210407/集客无线AP_QCA_MIPS/JIKEAP_AP9344_35P4_QCA934X_1000M_FREE_6.4_2021040600.bin.rar,JIKEAP_AP9344_35P4_QCA934X_1000M_FREE_6.4_2021040600.bin.rar,6598716,108fc0d6289f3eb7123c5d522d02cdd5,2021,20210407,集客无线AP_QCA_MIPS
2021/20210407/集客无线AP_QCA_MIPS/JIKEAP_AP9344_8327_QCA934X_1000M_FREE_6.4_2021040600.bin.rar,JIKEAP_AP9344_8327_QCA934X_1000M_FREE_6.4_2021040600.bin.rar,6989991,6fe4ce9b09ba35db9534460364d6c18f,2021,20210407,集客无线AP_QCA_MIPS
2021/20210407/集客无线AP_QCA_MIPS/JIKEAP_AP9344_M100_QCA934X_100M_FREE_6.4_2021040600.bin.rar,JIKEAP_AP9344_M100_QCA934X_100M_FREE_6.4_2021040600.bin.rar,6598551,cb89f3e9259db678bb67a1a297d1998a,2021,20210407,集客无线AP_QCA_MIPS
2021/20210407/集客无线AP_QCA_MIPS/JIKEAP_AP9344_RTL_QCA934X_1000M_FREE_6.4_2021040600.bin.rar,JIKEAP_AP9344_RTL_QCA934X_1000M_FREE_6.4_2021040600.bin.rar,6598590,36bec82776c2182bfc0cbdda530d4ee8,2021,20210407,集客无线AP_QCA_MIPS
2021/20210407/集客无线AP_QCA_MIPS/JIKEAP_AP941_QCA953X_100M_FREE_6.4_2021040600.bin.rar,JIKEAP_AP941_QCA953X_100M_FREE_6.4_2021040600.bin.rar,6597113,cabab79c80f1e0ab206401e17515d262,2021,20210407,集客无线AP_QCA_MIPS
2021/20210407/集客无线AP_QCA_MIPS/JIKEAP_AP9558_QCA955X_1000M_QCA9880_FREE_6.4_2021040600.bin.rar,JIKEAP_AP9558_QCA955X_1000M_QCA9880_FREE_6.4_2021040600.bin.rar,7774328,5486dc0c3488a4fea17802d2cb579231,2021,20210407,集客无线AP_QCA_MIPS
2021/20210407/集客无线AP_QCA_MIPS/JIKEAP_ARIMA2210_QCA934X_EPORT_6.4_2021040600.bin.rar,JIKEAP_ARIMA2210_QCA934X_EPORT_6.4_2021040600.bin.rar,6597350,6f745b0cf2300e57fe8416b0d6bfd2c9,2021,20210407,集客无线AP_QCA_MIPS
2021/20210407/集客无线AP_QCA_MIPS/JIKEAP_K2TS_QCA956X_1000M_QCA9886_FREE_6.4_2021040600.bin.rar,JIKEAP_K2TS_QCA956X_1000M_QCA9886_FREE_6.4_2021040600.bin.rar,7166306,a1cd62980b707c20d6d1f7ddcaf09a7f,2021,20210407,集客无线AP_QCA_MIPS
2021/20210407/集客无线AP_QCA_MIPS/JIKEAP_K2T_QCA956X_1000M_QCA9886_FREE_6.4_2021040600.bin.rar,JIKEAP_K2T_QCA956X_1000M_QCA9886_FREE_6.4_2021040600.bin.rar,7166553,a2aa96593eca0e4251b1ef17d15ab21b,2021,20210407,集客无线AP_QCA_MIPS
2021/20210407/集客无线AP_QCA_MIPS/JIKEAP_MI100_QCA934X_100M_FREE_6.4_2021040600.bin.rar,JIKEAP_MI100_QCA934X_100M_FREE_6.4_2021040600.bin.rar,6597156,0780d8c14885ee34be95d6ac08d7215a,2021,20210407,集客无线AP_QCA_MIPS
2021/20210407/集客无线AP_QCA_MIPS/JIKEAP_WPJ563_QCA956X_1000M_QCA9880_6.4_2021040600.bin.rar,JIKEAP_WPJ563_QCA956X_1000M_QCA9880_6.4_2021040600.bin.rar,8127109,1e58ca2831ee60c32d3dc2e09493794f,2021,20210407,集客无线AP_QCA_MIPS
2021/20210407/集客无线AP_QCA_MIPS/release_notes.txt,release_notes.txt,4707,cb57d043a905fdb5909604ab274886a1,2021,20210407,集客无线AP_QCA_MIPS
2021/20211118/集客微路由_MTK/JIKEAP_51_MT7628_2.0_2021111800.bin.rar,JIKEAP_51_MT7628_2.0_2021111800.bin.rar,6363531,2ea1adcdb09836f873fd19210e06bf1a,2021,20211118,集客微路由_MTK
2021/20211118/集客微路由_MTK/JIKEAP_IAP243P_MT7621_MT7603_2.0_2021111800.bin,JIKEAP_IAP243P_MT7621_MT7603_2.0_2021111800.bin,7077962,a5b5b0675c5cac9cd24c154fe4ed31da,2021,20211118,集客微路由_MTK
2022/20210621/集客无线神器_高通/JIKEAP_SHENQI_SQ135_QCA955X_2.1_2021062100.bin.rar,JIKEAP_SHENQI_SQ135_QCA955X_2.1_2021062100.bin.rar,7986345,349a826bcf535416796dc5aebc3bbaf0,2022,20210621,集客无线神器_高通
2022/20210621/集客无线神器_高通/JIKEAP_SHENQI_SQ147-16_QCA953X_2.1_2021062100.bin.rar,JIKEAP_SHENQI_SQ147-16_QCA953X_2.1_2021062100.bin.rar,6335092,51594c7780af86ebd260aa1baa118e7c,2022,20210621,集客无线神器_高通
2022/20210621/集客无线神器_高通/JIKEAP_SHENQI_SQ147-8_QCA953X_2.1_2021062100.bin.rar,JIKEAP_SHENQI_SQ147-8_QCA953X_2.1_2021062100.bin.rar,5841501,48cf26ef14370308d5412dd2cbe43777,2022,20210621,集客无线神器_高通
2022/20210621/集客无线神器_高通/JIKEAP_SHENQI_SQ152_QCA956X_2.1_2021062100.bin.rar,JIKEAP_SHENQI_SQ152_QCA956X_2.1_2021062100.bin.rar,7986375,0b1d0f85ab97f956557284f99e0d3912,2022,20210621,集客无线神器_高通
2022/20210621/集客无线神器_高通/JIKEAP_SHENQI_SQ300_QCA953X_2.1_2021062100.bin.rar,JIKEAP_SHENQI_SQ300_QCA953X_2.1_2021062100.bin.rar,5833011,88c4c18ecb21b0ca656d917426505ad3,2022,20210621,集客无线神器_高通
2022/20210621/集客无线神器_高通/JIKEAP_SHENQI_SQ320D_QCA933X_2.1_2021062100.bin.rar,JIKEAP_SHENQI_SQ320D_QCA933X_2.1_2021062100.bin.rar,5840069,737df46753708123a615b3e4aa2ded89,2022,20210621,集客无线神器_高通
2022/20210621/集客无线神器_高通/JIKEAP_SHENQI_SQ4300_QCA934X_2.1_2021062100.bin.rar,JIKEAP_SHENQI_SQ4300_QCA934X_2.1_2021062100.bin.rar,5833013,bd10af44e824006b4366d609bdb6e0ae,2022,20210621,集客无线神器_高通
2022/20210621/集客无线神器_高通/JIKEAP_SHENQI_SQ49_QCA953X_2.1_2021062100.bin.rar,JIKEAP_SHENQI_SQ49_QCA953X_2.1_2021062100.bin.rar,6354594,21d962d39e0af22ea298aef4b15724c9,2022,20210621,集客无线神器_高通
2022/20210621/集客无线神器_高通/JIKEAP_SHENQI_SQ741V4_QCA933X_2.1_2021062100.bin.rar,JIKEAP_SHENQI_SQ741V4_QCA933X_2.1_2021062100.bin.rar,5833015,c3eabbdc0f40d67bf0d54c050c8ebaf3,2022,20210621,集客无线神器_高通
2022/20210621/集客无线神器_高通/JIKEAP_SHENQI_SQ841V8_QCA934X_2.1_2021062100.bin.rar,JIKEAP_SHENQI_SQ841V8_QCA934X_2.1_2021062100.bin.rar,5833015,df449866d5e48d9dcc5300adcc2e453b,2022,20210621,集客无线神器_高通
2022/20210621/集客无线神器_高通/JIKEAP_SHENQI_SQ841V9_QCA953X_2.1_2021062100.bin.rar,JIKEAP_SHENQI_SQ841V9_QCA953X_2.1_2021062100.bin.rar,5833015,000be4f95399d7ab5af95778f751cc5a,2022,20210621,集客无线神器_高通
2022/20210621/集客无线神器_高通/JIKEAP_SHENQI_SQ9344P0_QCA934X_2.1_2021062100.bin.rar,JIKEAP_SHENQI_SQ9344P0_QCA934X_2.1_2021062100.bin.rar,5842252,50375e89f67d75e1f2b890f795cdb737,2022,20210621,集客无线神器_高通
2022/20210621/集客无线神器_高通/JIKEAP_SHENQI_SQ9344P4_QCA934X_2.1_2021062100.bin.rar,JIKEAP_SHENQI_SQ9344P4_QCA934X_2.1_2021062100.bin.rar,5842452,25fe81aab700b83a883da7da130f3f97,2022,20210621,集客无线神器_高通
2022/20210621/集客无线神器_高通/JIKEAP_SHENQI_SQ9344_RTL_QCA934X_2.1_2021062100.bin.rar,JIKEAP_SHENQI_SQ9344_RTL_QCA934X_2.1_2021062100.bin.rar,5842537,33d5ae49dda71b817f01bea165026d0b,2022,20210621,集客无线神器_高通
2022/20210621/集客无线网桥_高通/JIKEAP_APG521-S_QCA934X_2.0_2021062100.bin.rar,JIKEAP_APG521-S_QCA934X_2.0_2021062100.bin.rar,5364519,9c01652bcf8e0f27b3bc218f9023dec0,2022,20210621,集客无线网桥_高通
2022/20210621/集客无线网桥_高通/JIKEAP_AR9342_QCA934X_2.0_2021062100.bin.rar,JIKEAP_AR9342_QCA934X_2.0_2021062100.bin.rar,5363111,abd0776ca3cd1908b64dbf121278e03d,2022,20210621,集客无线网桥_高通
2022/20210621/集客无线网桥_高通/JIKEAP_BR120_QCA934X_2.0_2021062100.bin.rar,JIKEAP_BR120_QCA934X_2.0_2021062100.bin.rar,5365438,8f168057c5ac7fcd55fd45c55439a4a6,2022,20210621,集客无线网桥_高通
2022/20210621/集客无线网桥_高通/JIKEAP_BR238_QCA953X_2.0_2021062100.bin.rar,JIKEAP_BR238_QCA953X_2.0_2021062100.bin.rar,5363933,73172982095eb9b592895dc5400581b0,2022,20210621,集客无线网桥_高通
2022/20210621/集客无线网桥_高通/JIKEAP_BR240J_QCA953X_2.0_2021062100.bin.rar,JIKEAP_BR240J_QCA953X_2.0_2021062100.bin.rar,5364769,ecdbb0e3450aa3c8ed798f32160ed601,2022,20210621,集客无线网桥_高通
2022/20210621/集客无线网桥_高通/JIKEAP_BR240L_QCA953X_2.0_2021062100.bin.rar,JIKEAP_BR240L_QCA953X_2.0_2021062100.bin.rar,5364440,7c9e8132bfc8b08596a7beb164fe3590,2022,20210621,集客无线网桥_高通
2022/20210621/集客无线网桥_高通/JIKEAP_BR240W_QCA953X_2.0_2021062100.bin.rar,JIKEAP_BR240W_QCA953X_2.0_2021062100.bin.rar,5364503,9d011e73e7b6e24e72962f064f6d5a91,2022,20210621,集客无线网桥_高通
2022/20210621/集客无线网桥_高通/JIKEAP_BR263T_QCA934X_2.0_2021062100.bin.rar,JIKEAP_BR263T_QCA934X_2.0_2021062100.bin.rar,5364772,f7c7fdc7b7c003d3179406d429b8e64d,2022,20210621,集客无线网桥_高通
2022/20210621/集客无线网桥_高通/JIKEAP_BR2T_QCA953X_2.0_2021062100.bin.rar,JIKEAP_BR2T_QCA953X_2.0_2021062100.bin.rar,5384306,d3c34cd22ad3b58e76f3cf0c933b2cdd,2022,20210621,集客无线网桥_高通
2022/20210621/集客无线网桥_高通/JIKEAP_BR2Y_QCA953X_2.0_2021062100.bin.rar,JIKEAP_BR2Y_QCA953X_2.0_2021062100.bin.rar,5365040,c9d8d0f9fbc83e51ac45b559b595e963,2022,20210621,集客无线网桥_高通
2022/20210621/集客无线网桥_高通/JIKEAP_BR4000_QCA934X_2.0_2021062100.bin.rar,JIKEAP_BR4000_QCA934X_2.0_2021062100.bin.rar,5362022,386043cb62dbec8c82dbbfa8fc0f2c25,2022,20210621,集客无线网桥_高通
2022/20210621/集客无线网桥_高通/JIKEAP_BR580AC_QCA956X_2.0_2021062100.bin.rar,JIKEAP_BR580AC_QCA956X_2.0_2021062100.bin.rar,6420868,2218a40e41865b5291beb465053aebeb,2022,20210621,集客无线网桥_高通
2022/20210621/集客无线网桥_高通/JIKEAP_BR580W_QCA934X_2.0_2021062100.bin.rar,JIKEAP_BR580W_QCA934X_2.0_2021062100.bin.rar,5364568,30fd822fe78f796ebc26754601a5b100,2022,20210621,集客无线网桥_高通
2022/20210621/集客无线网桥_高通/JIKEAP_BR9341_QCA934X_2.0_2021062100.bin.rar,JIKEAP_BR9341_QCA934X_2.0_2021062100.bin.rar,5363473,d2d003098a4ab7adbd690bdc0bc5bf45,2022,20210621,集客无线网桥_高通
2022/20210621/集客无线网桥_高通/JIKEAP_CP1500_QCA934X_2.0_2021062100.bin.rar,JIKEAP_CP1500_QCA934X_2.0_2021062100.bin.rar,5364287,91ad5ad7b04036c9f60eae3b40dd51ab,2022,20210621,集客无线网桥_高通
2022/20210621/集客无线网桥_高通/JIKEAP_CP1510_QCA934X_2.0_2021062100.bin.rar,JIKEAP_CP1510_QCA934X_2.0_2021062100.bin.rar,5363704,3ec9271025142f26a427eee21c3fbdb3,2022,20210621,集客无线网桥_高通
2022/20210621/集客无线网桥_高通/JIKEAP_CPE9531_QCA953X_2.0_2021062100.bin.rar,JIKEAP_CPE9531_QCA953X_2.0_2021062100.bin.rar,5365698,9d171c5f2cf907c9fa8a103f1cd510cf,2022,20210621,集客无线网桥_高通
2022/20210621/集客无线网桥_高通/JIKEAP_N595_QCA934X_2.0_2021062100.bin.rar,JIKEAP_N595_QCA934X_2.0_2021062100.bin.rar,5363672,54cb97c82cb20533d17dda27f85c2430,2022,20210621,集客无线网桥_高通
2022/20210621/集客无线网桥_高通/JIKEAP_SQ300_QCA953X_2.0_2021062100.bin.rar,JIKEAP_SQ300_QCA953X_2.0_2021062100.bin.rar,5363344,b0fe5494c301fcb273a35a9d2c66bf4d,2022,20210621,集客无线网桥_高通
2022/20210621/集客无线网桥_高通/JIKEAP_W5000_QCA934X_2.0_2021062100.bin.rar,JIKEAP_W5000_QCA934X_2.0_2021062100.bin.rar,5364303,ebd40ceb30cacd3ff65182fe092a357b,2022,20210621,集客无线网桥_高通
2022/20210621/集客无线网桥_高通/说明_2.txt,说明_2.txt,34,194b496f95433c8664cdee4ea9706762,2022,20210621,集客无线网桥_高通
2022/20211118/集客微路由_MTK/JIKEAP_B128Y_MT7628_2.0_2021111800.bin.rar,JIKEAP_B128Y_MT7628_2.0_2021111800.bin.rar,7024414,f1e701d2aa7f9e2427682c5e8a7cd457,2022,20211118,集客微路由_MTK
2022/20211118/集客微路由_MTK/JIKEAP_B130_MT7628_2.0_2021111800.bin.rar,JIKEAP_B130_MT7628_2.0_2021111800.bin.rar,7023735,6a21488fc5f3d2814b88cb88b1943deb,2022,20211118,集客微路由_MTK
2022/20211118/集客微路由_MTK/JIKEAP_C2000_MT7620_2.0_2021111800.bin,JIKEAP_C2000_MT7620_2.0_2021111800.bin,7077962,2dc1a840ac73df2769bd9513add436a5,2022,20211118,集客微路由_MTK
2022/20211118/集客微路由_MTK/JIKEAP_IAP100_MT7628_2.0_2021111800.bin.rar,JIKEAP_IAP100_MT7628_2.0_2021111800.bin.rar,7023696,d123b546c291c13dcb95ffd8624fe8c5,2022,20211118,集客微路由_MTK
2022/20211118/集客微路由_MTK/JIKEAP_IAP20_MT7628_2.0_2021111800.bin.rar,JIKEAP_IAP20_MT7628_2.0_2021111800.bin.rar,7023681,c9812250ca723ab9320c768979271f22,2022,20211118,集客微路由_MTK
2022/20211118/集客微路由_MTK/JIKEAP_IAP230EP_MT7620_withPA_2.0_2021111800.bin.rar,JIKEAP_IAP230EP_MT7620_withPA_2.0_2021111800.bin.rar,7063852,4920207cbf436bcd70ca3e6137866754,2022,20211118,集客微路由_MTK
2022/20211118/集客微路由_MTK/JIKEAP_IAP230IP_MT7620_noPA_2.0_2021111800.bin.rar,JIKEAP_IAP230IP_MT7620_noPA_2.0_2021111800.bin.rar,7063796,12a81ff8da89720c4134591cadeeb4ca,2022,20211118,集客微路由_MTK
2022/20211118/集客微路由_MTK/JIKEAP_IAP238AN_MT7628_2.0_2021111800.bin.rar,JIKEAP_IAP238AN_MT7628_2.0_2021111800.bin.rar,7023769,b45abebed252c6f4e644012162a67ee3,2022,20211118,集客微路由_MTK
2022/20211118/集客微路由_MTK/JIKEAP_IAP245P_MT7621_MT7615_2.0_2021111800.bin.rar,JIKEAP_IAP245P_MT7621_MT7615_2.0_2021111800.bin.rar,6152725,49b824185199abbe1ca2fc0a5b3a4947,2022,20211118,集客微路由_MTK
2022/20211118/集客微路由_MTK/JIKEAP_IAP24_MT7621_MT7603_2.0_2021111800.bin.rar,JIKEAP_IAP24_MT7621_MT7603_2.0_2021111800.bin.rar,7057443,4c15af0f416820b55747423194532457,2022,20211118,集客微路由_MTK
2022/20211118/集客微路由_MTK/JIKEAP_IAP319_MT7628_2.0_2021111800.bin.rar,JIKEAP_IAP319_MT7628_2.0_2021111800.bin.rar,7049322,71d553363f273f1d863e87224f0abe60,2022,20211118,集客微路由_MTK
2022/20211118/集客微路由_MTK/JIKEAP_VPN51_MT7628_2.0_2021111800.bin,JIKEAP_VPN51_MT7628_2.0_2021111800.bin,6553674,0b040ab5a5d51e1382f1b9cb0bc25f24,2022,20211118,集客微路由_MTK
2022/20211118/集客微路由_MTK/说明_2.txt,说明_2.txt,1653,dadce391c2ba5e6c0e4870e1df058d69,2022,20211118,集客微路由_MTK
2022/20211119/集客网关X86/jikegateway_3.1_2021111900.rar,jikegateway_3.1_2021111900.rar,31980270,db73c8bdfc9e7e533640950a3d7c4c8f,2022,20211119,集客网关X86
2022/20211119/集客网关X86/说明.txt,说明.txt,797,9de30e33b049c1a9c981ee8f5bd2c081,2022,20211119,集客网关X86
2022/20211119/集客网关X86/集客网关U盘启动安装包.rar,集客网关U盘启动安装包.rar,52175053,b1fe2b79d4bf0510cca67c9c9891648a,2022,20211119,集客网关X86
2022/20220222/集客AP_MTK_MIPS/GECOOS_AP245P_K3_mt7621_MT7615DN_LEEEL_EPORT_FREE_7.1_2022022200.bin,GECOOS_AP245P_K3_mt7621_MT7615DN_LEEEL_EPORT_FREE_7.1_2022022200.bin,6029386,6683c30a951ba959e780a8a549042243,2022,20220222,集客AP_MTK_MIPS
2022/20220702/集客AC控制器/release_notes.txt,release_notes.txt,811,3df70b44f7a56c0e1fcd570f06010769,2022,20220702,集客AC控制器
2022/20220702/集客AC控制器/蓝奏云镜像下载地址.txt,蓝奏云镜像下载地址.txt,411,90f97a32a5f92081f0b95ba345fd6b42,2022,20220702,集客AC控制器
2022/20220702/集客无线AP_MTK/JIKEAP_AP107IOT_MT7620_K4_EPORT_7.2_2022070200.bin.rar,JIKEAP_AP107IOT_MT7620_K4_EPORT_7.2_2022070200.bin.rar,5523212,656bf9dce0bd5e0cc01748e43986543a,2022,20220702,集客无线AP_MTK
2022/20220702/集客无线AP_MTK/JIKEAP_AP118F_MT7628_K4_EPORT_7.2_2022070200.bin.rar,JIKEAP_AP118F_MT7628_K4_EPORT_7.2_2022070200.bin.rar,6237944,e8f887d6705a9c97f17b413fc013c474,2022,20220702,集客无线AP_MTK
2022/20220702/集客无线AP_MTK/JIKEAP_AP118Y_MT7628_K4_EPORT_7.2_2022070200.bin.rar,JIKEAP_AP118Y_MT7628_K4_EPORT_7.2_2022070200.bin.rar,6237516,97f80a0b7fe9de17998ab31137c0b31d,2022,20220702,集客无线AP_MTK
2022/20220702/集客无线AP_MTK/JIKEAP_AP210G_MT7620_K4_EPORT_7.2_2022070200.bin.rar,JIKEAP_AP210G_MT7620_K4_EPORT_7.2_2022070200.bin.rar,6289678,9a07e1b735bfd986ca906a14d4789b68,2022,20220702,集客无线AP_MTK
2022/20220702/集客无线AP_MTK/JIKEAP_AP212G_MT7621_K4_EPORT_7.2_2022070200.bin.rar,JIKEAP_AP212G_MT7621_K4_EPORT_7.2_2022070200.bin.rar,5764181,25d1e4d34cb7d6610f20cb88145c16b6,2022,20220702,集客无线AP_MTK
2022/20220702/集客无线AP_MTK/JIKEAP_AP213G_MT7620_K4_EPORT_7.2_2022070200.bin.rar,JIKEAP_AP213G_MT7620_K4_EPORT_7.2_2022070200.bin.rar,5940610,d6723370c48acaacea5ca7696aa18259,2022,20220702,集客无线AP_MTK
2022/20220702/集客无线AP_MTK/JIKEAP_AP216G_MT7621_K4_EPORT_7.2_2022070200.bin.rar,JIKEAP_AP216G_MT7621_K4_EPORT_7.2_2022070200.bin.rar,6731087,f126d96f5704e922d7f69f0f15f373c5,2022,20220702,集客无线AP_MTK
2022/20220702/集客无线AP_MTK/JIKEAP_AP230EP_MT7620_K4_EPORT_FREE_7.2_2022070200.bin.rar,JIKEAP_AP230EP_MT7620_K4_EPORT_FREE_7.2_2022070200.bin.rar,6578230,3f2912d0bf2ba0ae25f3aff4731091cb,2022,20220702,集客无线AP_MTK
2022/20220702/集客无线AP_MTK/JIKEAP_AP230G_MT7620_K4_RTL_EPORT_FREE_7.2_2022070200.bin.rar,JIKEAP_AP230G_MT7620_K4_RTL_EPORT_FREE_7.2_2022070200.bin.rar,6578413,51b05f5da4423d467f430204cd266268,2022,20220702,集客无线AP_MTK
2022/20220702/集客无线AP_MTK/JIKEAP_AP230IP_MT7620_K4_EPORT_FREE_7.2_2022070200.bin.rar,JIKEAP_AP230IP_MT7620_K4_EPORT_FREE_7.2_2022070200.bin.rar,6578174,70b6669d2a81149bfd864560851fc6d4,2022,20220702,集客无线AP_MTK
2022/20220702/集客无线AP_MTK/JIKEAP_AP238AN_MT7628_K4_LEEEL_EPORT_FREE_7.2_2022070200.bin.rar,JIKEAP_AP238AN_MT7628_K4_LEEEL_EPORT_FREE_7.2_2022070200.bin.rar,6874327,e4d468c48e822c451e23fc3fa140754a,2022,20220702,集客无线AP_MTK
2022/20220702/集客无线AP_MTK/JIKEAP_AP240P_MT7621_K4_SWITCH_LEEEE_EPORT_FREE_7.2_2022070200.bin.rar,JIKEAP_AP240P_MT7621_K4_SWITCH_LEEEE_EPORT_FREE_7.2_2022070200.bin.rar,4715947,e34c99521cb7824e578ac4f9edd91da3,2022,20220702,集客无线AP_MTK
2022/20220702/集客无线AP_MTK/JIKEAP_AP242P_MT7621_K4_LLLLL_64M_FREE_7.2_2022070200.bin.rar,JIKEAP_AP242P_MT7621_K4_LLLLL_64M_FREE_7.2_2022070200.bin.rar,7064344,065b68d6934e55676536cc87bf4947d3,2022,20220702,集客无线AP_MTK
2022/20220702/集客无线AP_MTK/JIKEAP_AP245P_MT7621_K4_MT7615DN_LEEEL_EPORT_FREE_7.2_2022070200.bin.rar,JIKEAP_AP245P_MT7621_K4_MT7615DN_LEEEL_EPORT_FREE_7.2_2022070200.bin.rar,6113397,48700e9c295d37cb8758deb9b818766a,2022,20220702,集客无线AP_MTK
2022/20220702/集客无线AP_MTK/JIKEAP_AP246HI_MT7621_K4_1000_FREE_7.2_2022070200.bin.rar,JIKEAP_AP246HI_MT7621_K4_1000_FREE_7.2_2022070200.bin.rar,7299188,f299babe34c188b5d74d151578c38a38,2022,20220702,集客无线AP_MTK
2022/20220702/集客无线AP_MTK/JIKEAP_AP246ND_MT7621_K4_MT7603_MT7615N_LLEEL_EPORT_FREE_7.2_2022070200.bin.rar,JIKEAP_AP246ND_MT7621_K4_MT7603_MT7615N_LLEEL_EPORT_FREE_7.2_2022070200.bin.rar,8337949,2e697dcae6a91dcbe09610046012190f,2022,20220702,集客无线AP_MTK
2022/20220702/集客无线AP_MTK/JIKEAP_AP246NND_MT7621_K4_MT7603_MT7615N_LLEEL_EPORT_FREE_7.2_2022070200.bin.rar,JIKEAP_AP246NND_MT7621_K4_MT7603_MT7615N_LLEEL_EPORT_FREE_7.2_2022070200.bin.rar,8337748,d32569a96e6abcba674c92c965ba2ea5,2022,20220702,集客无线AP_MTK
2022/20220702/集客无线AP_MTK/JIKEAP_AP246P_MT7621_K4_MT7603_MT7615N_FREE_7.2_2022070200.bin.rar,JIKEAP_AP246P_MT7621_K4_MT7603_MT7615N_FREE_7.2_2022070200.bin.rar,8114507,c3aaf993afb2c9f528b3b243d19631f7,2022,20220702,集客无线AP_MTK
2022/20220702/集客无线AP_MTK/JIKEAP_AP24_MT7621_K4_LEEEL_EPORT_FREE_7.2_2022070200.bin.rar,JIKEAP_AP24_MT7621_K4_LEEEL_EPORT_FREE_7.2_2022070200.bin.rar,7078385,9b075a1ba7d933a616df52dfbd99892b,2022,20220702,集客无线AP_MTK
2022/20220702/集客无线AP_MTK/JIKEAP_AP250_MT7981_K5_WIFI6_3000M_FREE_7.2_2022070200.bin.rar,JIKEAP_AP250_MT7981_K5_WIFI6_3000M_FREE_7.2_2022070200.bin.rar,11369675,3483dd1d155db2928a5ec4917f2a7525,2022,20220702,集客无线AP_MTK
2022/20220702/集客无线AP_MTK/JIKEAP_AP261F-H_MT7621_K4_7.2_2022070200.bin.rar,JIKEAP_AP261F-H_MT7621_K4_7.2_2022070200.bin.rar,5763412,e9089b3760881c03c65900a200149337,2022,20220702,集客无线AP_MTK
2022/20220702/集客无线AP_MTK/JIKEAP_AP601_MT7620_K4_LEEEE_EPORT_FREE_7.2_2022070200.bin.rar,JIKEAP_AP601_MT7620_K4_LEEEE_EPORT_FREE_7.2_2022070200.bin.rar,4700593,85155b6dd2546205a129968abde1a667,2022,20220702,集客无线AP_MTK
2022/20220702/集客无线AP_MTK/JIKEAP_AX1800B_MT7621_K4_EPORT_7.2_2022070200.bin.rar,JIKEAP_AX1800B_MT7621_K4_EPORT_7.2_2022070200.bin.rar,6353642,11655be043e8e7bcb2f842195782d405,2022,20220702,集客无线AP_MTK
2022/20220702/集客无线AP_MTK/JIKEAP_AX1800FM_MT7621_K4_7.2_2022070200.bin.rar,JIKEAP_AX1800FM_MT7621_K4_7.2_2022070200.bin.rar,6354027,dfb60cbd4924f75cf1be5a95126ba040,2022,20220702,集客无线AP_MTK
2022/20220702/集客无线AP_MTK/JIKEAP_AX1800H_MT7621_K4_MT7915DN_WIFI6_NAND_FREE_7.2_2022070200.bin.rar,JIKEAP_AX1800H_MT7621_K4_MT7915DN_WIFI6_NAND_FREE_7.2_2022070200.bin.rar,6573023,272b9c4f210b554f8c1f732135ff6445,2022,20220702,集客无线AP_MTK
2022/20220702/集客无线AP_MTK/JIKEAP_AX1800IOT_MT7621_K4_7.2_2022070200.bin.rar,JIKEAP_AX1800IOT_MT7621_K4_7.2_2022070200.bin.rar,7178814,12b5df29316932c913c81ce449c74daa,2022,20220702,集客无线AP_MTK
2022/20220702/集客无线AP_MTK/JIKEAP_AX1800S_MT7621_K4_MT7915DN_WIFI6_7.2_2022070200.bin.rar,JIKEAP_AX1800S_MT7621_K4_MT7915DN_WIFI6_7.2_2022070200.bin.rar,6353648,5eb12f517c30861066f1ad755c97f9b1,2022,20220702,集客无线AP_MTK
2022/20220702/集客无线AP_MTK/JIKEAP_AX2018FTR_MT7621_K4_EPORT_7.2_2022070200.bin.rar,JIKEAP_AX2018FTR_MT7621_K4_EPORT_7.2_2022070200.bin.rar,6354233,26d0d1118e823a190f7300ed8c77093c,2022,20220702,集客无线AP_MTK
2022/20220702/集客无线AP_MTK/JIKEAP_AX2020_MT7621_K4_EPORT_7.2_2022070200.bin.rar,JIKEAP_AX2020_MT7621_K4_EPORT_7.2_2022070200.bin.rar,6353786,d0e5281eee5483f54820162b320149c5,2022,20220702,集客无线AP_MTK
2022/20220702/集客无线AP_MTK/JIKEAP_AX2021_MT7621_K4_EPORT_7.2_2022070200.bin.rar,JIKEAP_AX2021_MT7621_K4_EPORT_7.2_2022070200.bin.rar,6353835,ebba388ed6aed501d505c41223c2b01c,2022,20220702,集客无线AP_MTK
2022/20220702/集客无线AP_MTK/JIKEAP_AX2022_MT7621_K4_EPORT_7.2_2022070200.bin.rar,JIKEAP_AX2022_MT7621_K4_EPORT_7.2_2022070200.bin.rar,7179319,968dfbb2e1eeed65d062fc4d968c2d94,2022,20220702,集客无线AP_MTK
2022/20220702/集客无线AP_MTK/JIKEAP_XB1200G_MT7621_K4_EPORT_7.2_2022070200.bin.rar,JIKEAP_XB1200G_MT7621_K4_EPORT_7.2_2022070200.bin.rar,5763750,4241cf2016797888147bbccfb6b4ef32,2022,20220702,集客无线AP_MTK
2022/20220702/集客无线AP_MTK/JIKEAP_XB790SF_MT7621_K4_EPORT_7.2_2022070200.bin.rar,JIKEAP_XB790SF_MT7621_K4_EPORT_7.2_2022070200.bin.rar,6354102,6ebbdf1a221608d1dc0f3f23088a0492,2022,20220702,集客无线AP_MTK
2022/20220702/集客无线AP_MTK/release_notes.txt,release_notes.txt,5787,4ff63c43e17eae54db44a11b1b49bda7,2022,20220702,集客无线AP_MTK
2022/20220702/集客无线AP_QCA_IPQ/JIKEAP_AC58U_IPQ40XX_1000M_IPQ4018_FREE_7.2_2022070200.bin.rar,JIKEAP_AC58U_IPQ40XX_1000M_IPQ4018_FREE_7.2_2022070200.bin.rar,11432817,447ffd3bf487b0262d7fe59b269c2c3c,2022,20220702,集客无线AP_QCA_IPQ
2022/20220702/集客无线AP_QCA_IPQ/JIKEAP_AC58U_IPQ40XX_7.2_2022070200_opboot.bin.rar,JIKEAP_AC58U_IPQ40XX_7.2_2022070200_opboot.bin.rar,11432501,7a56ae8dfa64d3862bc183a9292b7944,2022,20220702,集客无线AP_QCA_IPQ
2022/20220702/集客无线AP_QCA_IPQ/JIKEAP_ACRH17_IPQ40XX_1000M_QCA9984_HT160_EPORT_FREE_7.2_2022070200.bin.rar,JIKEAP_ACRH17_IPQ40XX_1000M_QCA9984_HT160_EPORT_FREE_7.2_2022070200.bin.rar,13339291,719ef3e71d89ebc084d493d4b1b8a745,2022,20220702,集客无线AP_QCA_IPQ
2022/20220702/集客无线AP_QCA_IPQ/JIKEAP_ACRH17_IPQ40XX_7.2_2022070200_opboot.bin.rar,JIKEAP_ACRH17_IPQ40XX_7.2_2022070200_opboot.bin.rar,13340403,73ea2ef4fde42a392b74a8487111aaba,2022,20220702,集客无线AP_QCA_IPQ
2022/20220702/集客无线AP_QCA_IPQ/JIKEAP_AP118L_IPQ40XX_1000M_EPORT_7.2_2022070200.bin.rar,JIKEAP_AP118L_IPQ40XX_1000M_EPORT_7.2_2022070200.bin.rar,13758568,1b901ef54e2c9923ad40fbae29660109,2022,20220702,集客无线AP_QCA_IPQ
2022/20220702/集客无线AP_QCA_IPQ/JIKEAP_AP268F-H_IPQ40XX_7.2_2022070200.bin.rar,JIKEAP_AP268F-H_IPQ40XX_7.2_2022070200.bin.rar,13912081,5b2c6eb4f84c4f2ec65df126da60ac0a,2022,20220702,集客无线AP_QCA_IPQ
2022/20220702/集客无线AP_QCA_IPQ/JIKEAP_AP268IOT_IPQ40XX_7.2_2022070200.bin.rar,JIKEAP_AP268IOT_IPQ40XX_7.2_2022070200.bin.rar,13742459,088f63ccfac227041d696f45c013fb1e,2022,20220702,集客无线AP_QCA_IPQ
2022/20220702/集客无线AP_QCA_IPQ/JIKEAP_AP269X-HG_IPQ40XX_1000M_7.2_2022070200.bin.rar,JIKEAP_AP269X-HG_IPQ40XX_1000M_7.2_2022070200.bin.rar,13757744,b833a71c50764ed66b41327623915436,2022,20220702,集客无线AP_QCA_IPQ
2022/20220702/集客无线AP_QCA_IPQ/JIKEAP_AP285F-H_IPQ40XX_1000M_7.2_2022070200.bin.rar,JIKEAP_AP285F-H_IPQ40XX_1000M_7.2_2022070200.bin.rar,13759058,2afbbe1c2b34f459532b48626a602ae2,2022,20220702,集客无线AP_QCA_IPQ
2022/20220702/集客无线AP_QCA_IPQ/JIKEAP_AP320F-H_IPQ40XX_1000M_3RADIO_7.2_2022070200.bin.rar,JIKEAP_AP320F-H_IPQ40XX_1000M_3RADIO_7.2_2022070200.bin.rar,13725672,04bc685f5b03212dc9a22f16d3a88223,2022,20220702,集客无线AP_QCA_IPQ
2022/20220702/集客无线AP_QCA_IPQ/JIKEAP_AP320KY-H_IPQ40XX_7.2_2022070200.bin.rar,JIKEAP_AP320KY-H_IPQ40XX_7.2_2022070200.bin.rar,13841704,cc12c8f6dc99db6ad4f9751a70a69017,2022,20220702,集客无线AP_QCA_IPQ
2022/20220702/集客无线AP_QCA_IPQ/JIKEAP_AP320Y-H_IPQ40XX_1000M_3RADIO_7.2_2022070200.bin.rar,JIKEAP_AP320Y-H_IPQ40XX_1000M_3RADIO_7.2_2022070200.bin.rar,13760597,2da26dc71a6f3d78b6fa8221dfe24a41,2022,20220702,集客无线AP_QCA_IPQ
2022/20220702/集客无线AP_QCA_IPQ/JIKEAP_AP330F-H_IPQ40XX_1000M_3RADIO_HT160_7.2_2022070200.bin.rar,JIKEAP_AP330F-H_IPQ40XX_1000M_3RADIO_HT160_7.2_2022070200.bin.rar,13725568,169d6a15cae5d45c8328e171d06bed87,2022,20220702,集客无线AP_QCA_IPQ
2022/20220702/集客无线AP_QCA_IPQ/JIKEAP_AP386X_IPQ40XX_1000M_3RADIO_7.2_2022070200.bin.rar,JIKEAP_AP386X_IPQ40XX_1000M_3RADIO_7.2_2022070200.bin.rar,13758766,f556a6b56308b4f62f1ec112ef4c2293,2022,20220702,集客无线AP_QCA_IPQ
2022/20220702/集客无线AP_QCA_IPQ/JIKEAP_AX1800F_IPQ60XX_1000M_WIFI6_7.2_2022070200.bin.rar,JIKEAP_AX1800F_IPQ60XX_1000M_WIFI6_7.2_2022070200.bin.rar,14772202,5de153d7e0ecc657b6823e0aa88ac08c,2022,20220702,集客无线AP_QCA_IPQ
2022/20220702/集客无线AP_QCA_IPQ/JIKEAP_AX1800MI_IPQ60XX_1000M_WIFI6_FREE_7.2_2022070200.bin.rar,JIKEAP_AX1800MI_IPQ60XX_1000M_WIFI6_FREE_7.2_2022070200.bin.rar,12140942,32e94496dfd883dc5fbe2388e2c45cde,2022,20220702,集客无线AP_QCA_IPQ
2022/20220702/集客无线AP_QCA_IPQ/JIKEAP_AX1800Y_IPQ60XX_7.2_2022070200.bin.rar,JIKEAP_AX1800Y_IPQ60XX_7.2_2022070200.bin.rar,15069704,5c03d63cd4e151311dfd3b2ca8bc79f1,2022,20220702,集客无线AP_QCA_IPQ
2022/20220702/集客无线AP_QCA_IPQ/JIKEAP_AX2180_IPQ60XX_1000M_WIFI6_7.2_2022070200.bin.rar,JIKEAP_AX2180_IPQ60XX_1000M_WIFI6_7.2_2022070200.bin.rar,15069038,a44ebdbc7293a6bf931f7d28532cac31,2022,20220702,集客无线AP_QCA_IPQ
2022/20220702/集客无线AP_QCA_IPQ/JIKEAP_AX3000FQ_IPQ50XX_SFP_7.2_2022070200.bin.rar,JIKEAP_AX3000FQ_IPQ50XX_SFP_7.2_2022070200.bin.rar,14152854,03c9195b04d7a9d51f0d65a8d0d811bd,2022,20220702,集客无线AP_QCA_IPQ
2022/20220702/集客无线AP_QCA_IPQ/JIKEAP_AX3025Y_IPQ807X_2500M_WIFI6_HT160_7.2_2022070200.bin.rar,JIKEAP_AX3025Y_IPQ807X_2500M_WIFI6_HT160_7.2_2022070200.bin.rar,15815256,1231fdae42456a0cdcae8b5bc4138cb5,2022,20220702,集客无线AP_QCA_IPQ
2022/20220702/集客无线AP_QCA_IPQ/JIKEAP_AX3050KY_IPQ807X_5000M_WIFI6_HT160_7.2_2022070200.bin.rar,JIKEAP_AX3050KY_IPQ807X_5000M_WIFI6_HT160_7.2_2022070200.bin.rar,15484824,ef13030d2635c24710b370285cc88f36,2022,20220702,集客无线AP_QCA_IPQ
2022/20220702/集客无线AP_QCA_IPQ/JIKEAP_AX5RM_IPQ60XX_1000M_WIFI6_FREE_7.2_2022070200.bin.rar,JIKEAP_AX5RM_IPQ60XX_1000M_WIFI6_FREE_7.2_2022070200.bin.rar,12139568,a499234d958a41d1aee1ed7c6a5cfe72,2022,20220702,集客无线AP_QCA_IPQ
2022/20220702/集客无线AP_QCA_IPQ/JIKEAP_AX8180X_IPQ60XX_7.2_2022070200.bin.rar,JIKEAP_AX8180X_IPQ60XX_7.2_2022070200.bin.rar,15069139,205a4e6ff6d7f5526a96376cc87e8699,2022,20220702,集客无线AP_QCA_IPQ
2022/20220702/集客无线AP_QCA_IPQ/JIKEAP_AX8180Y_IPQ60XX_7.2_2022070200.bin.rar,JIKEAP_AX8180Y_IPQ60XX_7.2_2022070200.bin.rar,15068524,02b36ff8415110b58c97260d5aa7b9da,2022,20220702,集客无线AP_QCA_IPQ
2022/20220702/集客无线AP_QCA_IPQ/JIKEAP_AXR3100_IPQ40XX_1000M_QCA9984_HT160_EPORT_FREE_7.2_2022070200.bin.rar,JIKEAP_AXR3100_IPQ40XX_1000M_QCA9984_HT160_EPORT_FREE_7.2_2022070200.bin.rar,13988990,36a562e63ad1e671cfe6c77cc339324f,2022,20220702,集客无线AP_QCA_IPQ
2022/20220702/集客无线AP_QCA_IPQ/JIKEAP_CM520_IPQ40XX_1000M_NAND_EPORT_FREE_7.2_2022070200.bin.rar,JIKEAP_CM520_IPQ40XX_1000M_NAND_EPORT_FREE_7.2_2022070200.bin.rar,13361240,44372ae3ba56c1500a6c6f512dc63750,2022,20220702,集客无线AP_QCA_IPQ
2022/20220702/集客无线AP_QCA_IPQ/JIKEAP_CM520_IPQ40XX_7.2_2022070200_opboot.bin.rar,JIKEAP_CM520_IPQ40XX_7.2_2022070200_opboot.bin.rar,13357776,7f2a131f4f399a1710b50acdcee02dad,2022,20220702,集客无线AP_QCA_IPQ
2022/20220702/集客无线AP_QCA_IPQ/JIKEAP_HM1800_IPQ60XX_1000M_WIFI6_7.2_2022070200.bin.rar,JIKEAP_HM1800_IPQ60XX_1000M_WIFI6_7.2_2022070200.bin.rar,14987211,cf4b835f74d4be40d9f0d856ab5d7ab7,2022,20220702,集客无线AP_QCA_IPQ
2022/20220702/集客无线AP_QCA_IPQ/JIKEAP_N3000_IPQ50XX_NAND_FREE_7.2_2022070200.bin.rar,JIKEAP_N3000_IPQ50XX_NAND_FREE_7.2_2022070200.bin.rar,13129685,b16a97a73eeeccec20a3ae61299aa447,2022,20220702,集客无线AP_QCA_IPQ
2022/20220702/集客无线AP_QCA_IPQ/JIKEAP_WIA3600_IPQ50XX_QCA8337_NAND_7.2_2022070200.bin.rar,JIKEAP_WIA3600_IPQ50XX_QCA8337_NAND_7.2_2022070200.bin.rar,12975530,f02a7f4dcd99f0f4af647345750d3b46,2022,20220702,集客无线AP_QCA_IPQ
2022/20220702/集客无线AP_QCA_IPQ/JIKEAP_WP963_IPQ50XX_AR8033_NOR_7.2_2022070200.bin.rar,JIKEAP_WP963_IPQ50XX_AR8033_NOR_7.2_2022070200.bin.rar,12153035,26cfef1f9d470790734cacd3356ba0ad,2022,20220702,集客无线AP_QCA_IPQ
2022/20220702/集客无线AP_QCA_IPQ/release_notes.txt,release_notes.txt,5657,db40562d4ee250aa3515cbc655079a03,2022,20220702,集客无线AP_QCA_IPQ
2022/20220702/集客无线AP_QCA_IPQ/ubi-JIKEAP_AC58U.img,ubi-JIKEAP_AC58U.img,12320768,8b538abb9a81a5605cac11e840ad8947,2022,20220702,集客无线AP_QCA_IPQ
2022/20220702/集客无线AP_QCA_IPQ/ubi-JIKEAP_ACRH17.img,ubi-JIKEAP_ACRH17.img,14155776,d6437ba5cd21ea382997282f1c2bcc88,2022,20220702,集客无线AP_QCA_IPQ
2022/20220702/集客无线AP_QCA_IPQ/ubi-JIKEAP_AX1800MI.img,ubi-JIKEAP_AX1800MI.img,13369344,558adea9018a8a472a248d829cdd044f,2022,20220702,集客无线AP_QCA_IPQ
2022/20220702/集客无线AP_QCA_IPQ/ubi-JIKEAP_AX5RM.img,ubi-JIKEAP_AX5RM.img,13369344,acf63c0210b645cc9fcb5ad6f2cccbf5,2022,20220702,集客无线AP_QCA_IPQ
2022/20220702/集客无线AP_QCA_IPQ/ubi-JIKEAP_AXR3100.img,ubi-JIKEAP_AXR3100.img,14942208,c4a10fd89c50ddff60a22f73c589e2fe,2022,20220702,集客无线AP_QCA_IPQ
2022/20220702/集客无线AP_QCA_IPQ/ubi-JIKEAP_CM520.img,ubi-JIKEAP_CM520.img,14155776,6c9a07d467784c69a5c88746adbae065,2022,20220702,集客无线AP_QCA_IPQ
2022/20220702/集客无线AP_QCA_MIPS/JIKEAP_AP0141_QCA934X_1000M_FREE_7.2_2022070200.bin.rar,JIKEAP_AP0141_QCA934X_1000M_FREE_7.2_2022070200.bin.rar,6747056,dd70a0419a36a8081584a3c3a5251102,2022,20220702,集客无线AP_QCA_MIPS
2022/20220702/集客无线AP_QCA_MIPS/JIKEAP_AP110T_QCA933X_100M_EPORT_FREE_7.2_2022070200.bin.rar,JIKEAP_AP110T_QCA933X_100M_EPORT_FREE_7.2_2022070200.bin.rar,6746749,2e0ca8544254a418becab10391977d28,2022,20220702,集客无线AP_QCA_MIPS
2022/20220702/集客无线AP_QCA_MIPS/JIKEAP_AP112F_QCA953X_100M_16M_EPORT_7.2_2022070200.bin.rar,JIKEAP_AP112F_QCA953X_100M_16M_EPORT_7.2_2022070200.bin.rar,6748490,12cde091761fe23d6c0e9353c09dcd30,2022,20220702,集客无线AP_QCA_MIPS
2022/20220702/集客无线AP_QCA_MIPS/JIKEAP_AP112Fv2_QCA953X_100M_8M_EPORT_7.2_2022070200.bin.rar,JIKEAP_AP112Fv2_QCA953X_100M_8M_EPORT_7.2_2022070200.bin.rar,6747210,6125af68af1696369879b9b751f6e924,2022,20220702,集客无线AP_QCA_MIPS
2022/20220702/集客无线AP_QCA_MIPS/JIKEAP_AP112J_QCA953X_100M_EPORT_7.2_2022070200.bin.rar,JIKEAP_AP112J_QCA953X_100M_EPORT_7.2_2022070200.bin.rar,6748522,c9df02f6ce061b691891fcdde8a34e63,2022,20220702,集客无线AP_QCA_MIPS
2022/20220702/集客无线AP_QCA_MIPS/JIKEAP_AP112Q_QCA934X_100M_EPORT_FREE_7.2_2022070200.bin.rar,JIKEAP_AP112Q_QCA934X_100M_EPORT_FREE_7.2_2022070200.bin.rar,6747824,31f9a9bd22f32ed3c2fa88fcd8e2794d,2022,20220702,集客无线AP_QCA_MIPS
2022/20220702/集客无线AP_QCA_MIPS/JIKEAP_AP112T_QCA953X_100M_EPORT_7.2_2022070200.bin.rar,JIKEAP_AP112T_QCA953X_100M_EPORT_7.2_2022070200.bin.rar,6747031,a93ca40a2c9e2d6b3266c579a24ef356,2022,20220702,集客无线AP_QCA_MIPS
2022/20220702/集客无线AP_QCA_MIPS/JIKEAP_AP112Y_QCA953X_100M_EPORT_7.2_2022070200.bin.rar,JIKEAP_AP112Y_QCA953X_100M_EPORT_7.2_2022070200.bin.rar,6748570,d08dbd45cd4b8142068ddc21c356ad48,2022,20220702,集客无线AP_QCA_MIPS
2022/20220702/集客无线AP_QCA_MIPS/JIKEAP_AP116F_QCA953X_100M_QCA9887_EPORT_7.2_2022070200.bin.rar,JIKEAP_AP116F_QCA953X_100M_QCA9887_EPORT_7.2_2022070200.bin.rar,7107751,9c898bb169c748567920e1c8f2619f79,2022,20220702,集客无线AP_QCA_MIPS
2022/20220702/集客无线AP_QCA_MIPS/JIKEAP_AP116Q_QCA953X_100M_QCA9887_EPORT_7.2_2022070200.bin.rar,JIKEAP_AP116Q_QCA953X_100M_QCA9887_EPORT_7.2_2022070200.bin.rar,7107843,7a781da5ec163794d9a51c457dac819a,2022,20220702,集客无线AP_QCA_MIPS
2022/20220702/集客无线AP_QCA_MIPS/JIKEAP_AP117Q_QCA956X_1000M_QCA9882_7.2_2022070200.bin.rar,JIKEAP_AP117Q_QCA956X_1000M_QCA9882_7.2_2022070200.bin.rar,7916431,5888bf7f20be7f665452023e22c1eab2,2022,20220702,集客无线AP_QCA_MIPS
2022/20220702/集客无线AP_QCA_MIPS/JIKEAP_AP120_QCA934X_1000M_FREE_7.2_2022070200.bin.rar,JIKEAP_AP120_QCA934X_1000M_FREE_7.2_2022070200.bin.rar,7133034,87dfafe6f1d96bd445ed2497588b44ac,2022,20220702,集客无线AP_QCA_MIPS
2022/20220702/集客无线AP_QCA_MIPS/JIKEAP_AP126F_QCA953X_100M_8M_7.2_2022070200.bin.rar,JIKEAP_AP126F_QCA953X_100M_8M_7.2_2022070200.bin.rar,6747038,97af5b4eba5a1296f51b6a41c248502f,2022,20220702,集客无线AP_QCA_MIPS
2022/20220702/集客无线AP_QCA_MIPS/JIKEAP_AP130F-H_QCA953X_100M_7.2_2022070200.bin.rar,JIKEAP_AP130F-H_QCA953X_100M_7.2_2022070200.bin.rar,6750112,56a415afbaf898a2dd5c7c5325e610bc,2022,20220702,集客无线AP_QCA_MIPS
2022/20220702/集客无线AP_QCA_MIPS/JIKEAP_AP130T_QCA934X_100M_AR9341_FREE_7.2_2022070200.bin.rar,JIKEAP_AP130T_QCA934X_100M_AR9341_FREE_7.2_2022070200.bin.rar,6746924,8ca1d17226b822b56fba61e2a8d9c85a,2022,20220702,集客无线AP_QCA_MIPS
2022/20220702/集客无线AP_QCA_MIPS/JIKEAP_AP135T-H_QCA953X_100M_AR9341_7.2_2022070200.bin.rar,JIKEAP_AP135T-H_QCA953X_100M_AR9341_7.2_2022070200.bin.rar,6746887,d6a54afe0c512ca35dd9f1737b1be9d2,2022,20220702,集客无线AP_QCA_MIPS
2022/20220702/集客无线AP_QCA_MIPS/JIKEAP_AP136Y-H_QCA953X_100M_7.2_2022070200.bin.rar,JIKEAP_AP136Y-H_QCA953X_100M_7.2_2022070200.bin.rar,6748559,59ac763537aa77da0d94f0d001e73b98,2022,20220702,集客无线AP_QCA_MIPS
2022/20220702/集客无线AP_QCA_MIPS/JIKEAP_AP147_QCA953X_100M_QCA9887_FREE_7.2_2022070200.bin.rar,JIKEAP_AP147_QCA953X_100M_QCA9887_FREE_7.2_2022070200.bin.rar,7885050,026688e921c104fd16abe1516ff50393,2022,20220702,集客无线AP_QCA_MIPS
2022/20220702/集客无线AP_QCA_MIPS/JIKEAP_AP153Y-H_QCA953X_7.2_2022070200.bin.rar,JIKEAP_AP153Y-H_QCA953X_7.2_2022070200.bin.rar,6748621,2ae535b093e12f58fda9ebb61e23b761,2022,20220702,集客无线AP_QCA_MIPS
2022/20220702/集客无线AP_QCA_MIPS/JIKEAP_AP185W_QCA934X_7.2_2022070200.bin.rar,JIKEAP_AP185W_QCA934X_7.2_2022070200.bin.rar,6747207,fe27722bed181c6408a2d94f4624314f,2022,20220702,集客无线AP_QCA_MIPS
2022/20220702/集客无线AP_QCA_MIPS/JIKEAP_AP220G_QCA956X_1000M_QCA9886_7.2_2022070200.bin.rar,JIKEAP_AP220G_QCA956X_1000M_QCA9886_7.2_2022070200.bin.rar,8005095,df48660a1a1bdf84be1906b87d59cbc5,2022,20220702,集客无线AP_QCA_MIPS
2022/20220702/集客无线AP_QCA_MIPS/JIKEAP_AP222G_QCA956X_7.2_2022070200.bin.rar,JIKEAP_AP222G_QCA956X_7.2_2022070200.bin.rar,8005513,ea5bdbaf0a84128e7835e8680756d126,2022,20220702,集客无线AP_QCA_MIPS
2022/20220702/集客无线AP_QCA_MIPS/JIKEAP_AP223G_QCA956X_1000M_QCA9886_7.2_2022070200.bin.rar,JIKEAP_AP223G_QCA956X_1000M_QCA9886_7.2_2022070200.bin.rar,7982268,fe680011b210f8b5d52be3e029377ed7,2022,20220702,集客无线AP_QCA_MIPS
2022/20220702/集客无线AP_QCA_MIPS/JIKEAP_AP260F-H_QCA953X_100M_QCA9887_7.2_2022070200.bin.rar,JIKEAP_AP260F-H_QCA953X_100M_QCA9887_7.2_2022070200.bin.rar,7109356,3e4effc9b59a1c01d388fe4ceac08354,2022,20220702,集客无线AP_QCA_MIPS
2022/20220702/集客无线AP_QCA_MIPS/JIKEAP_AP260T-H_QCA953X_100M_AR9X82_7.2_2022070200.bin.rar,JIKEAP_AP260T-H_QCA953X_100M_AR9X82_7.2_2022070200.bin.rar,6748580,5c81aff052453a49d7c0a6a2259d2ea9,2022,20220702,集客无线AP_QCA_MIPS
2022/20220702/集客无线AP_QCA_MIPS/JIKEAP_AP261Y-H_QCA953X_100M_QCA9887_7.2_2022070200.bin.rar,JIKEAP_AP261Y-H_QCA953X_100M_QCA9887_7.2_2022070200.bin.rar,7107947,fb63c3ec781342628ffa760d587018f4,2022,20220702,集客无线AP_QCA_MIPS
2022/20220702/集客无线AP_QCA_MIPS/JIKEAP_AP262Y-H_QCA956X_1000M_QCA9882_7.2_2022070200.bin.rar,JIKEAP_AP262Y-H_QCA956X_1000M_QCA9882_7.2_2022070200.bin.rar,7916276,aeba69a8c2af7eb5d63da7cf79267f55,2022,20220702,集客无线AP_QCA_MIPS
2022/20220702/集客无线AP_QCA_MIPS/JIKEAP_AP263YS_QCA956X_1000M_QCA9880_7.2_2022070200.bin.rar,JIKEAP_AP263YS_QCA956X_1000M_QCA9880_7.2_2022070200.bin.rar,8268679,24e8f883dc14ef99410c65597e5896ed,2022,20220702,集客无线AP_QCA_MIPS
2022/20220702/集客无线AP_QCA_MIPS/JIKEAP_AP266G-H_QCA955X_1000M_QCA9880_7.2_2022070200.bin.rar,JIKEAP_AP266G-H_QCA955X_1000M_QCA9880_7.2_2022070200.bin.rar,7915130,22208e7cbc3f7b744352f473ec4690ac,2022,20220702,集客无线AP_QCA_MIPS
2022/20220702/集客无线AP_QCA_MIPS/JIKEAP_AP267F-H_QCA956X_1000M_QCA9886_7.2_2022070200.bin.rar,JIKEAP_AP267F-H_QCA956X_1000M_QCA9886_7.2_2022070200.bin.rar,8005086,23128c724bb6388f3bb4c550c441b94c,2022,20220702,集客无线AP_QCA_MIPS
2022/20220702/集客无线AP_QCA_MIPS/JIKEAP_AP267F-Hv2_QCA956X_1000M_QCA9886_7.2_2022070200.bin.rar,JIKEAP_AP267F-Hv2_QCA956X_1000M_QCA9886_7.2_2022070200.bin.rar,8005077,a11147f427c733daa1a1f8eda4635e53,2022,20220702,集客无线AP_QCA_MIPS
2022/20220702/集客无线AP_QCA_MIPS/JIKEAP_AP267KY-H_QCA956X_1000M_QCA9886_7.2_2022070200.bin.rar,JIKEAP_AP267KY-H_QCA956X_1000M_QCA9886_7.2_2022070200.bin.rar,8005021,98549da724ff2e20bc899c9d5554816a,2022,20220702,集客无线AP_QCA_MIPS
2022/20220702/集客无线AP_QCA_MIPS/JIKEAP_AP280F-H_QCA953X_100M_QCA9887_7.2_2022070200.bin.rar,JIKEAP_AP280F-H_QCA953X_100M_QCA9887_7.2_2022070200.bin.rar,7109425,b2c5c56f5fd21338daca422a27f7d5aa,2022,20220702,集客无线AP_QCA_MIPS
2022/20220702/集客无线AP_QCA_MIPS/JIKEAP_AP280Y-H_QCA953X_7.2_2022070200.bin.rar,JIKEAP_AP280Y-H_QCA953X_7.2_2022070200.bin.rar,7107791,910ecacbb208df3ff68759fde3de3879,2022,20220702,集客无线AP_QCA_MIPS
2022/20220702/集客无线AP_QCA_MIPS/JIKEAP_AP281Y-H_QCA956X_7.2_2022070200.bin.rar,JIKEAP_AP281Y-H_QCA956X_7.2_2022070200.bin.rar,8006774,cadc5773d9a2a9084a8a52bf99181ea8,2022,20220702,集客无线AP_QCA_MIPS
2022/20220702/集客无线AP_QCA_MIPS/JIKEAP_AP281Y-Hv2_QCA956X_7.2_2022070200.bin.rar,JIKEAP_AP281Y-Hv2_QCA956X_7.2_2022070200.bin.rar,8005485,fe55ea531b4d092fedb15adee407780a,2022,20220702,集客无线AP_QCA_MIPS
2022/20220702/集客无线AP_QCA_MIPS/JIKEAP_AP282T-H_QCA956X_7.2_2022070200.bin.rar,JIKEAP_AP282T-H_QCA956X_7.2_2022070200.bin.rar,8789205,73fd5095d092e966bf92c59954272672,2022,20220702,集客无线AP_QCA_MIPS
2022/20220702/集客无线AP_QCA_MIPS/JIKEAP_AP283Y-H_QCA956X_7.2_2022070200.bin.rar,JIKEAP_AP283Y-H_QCA956X_7.2_2022070200.bin.rar,7916347,0e4922a981f433eddcba6758cec32d31,2022,20220702,集客无线AP_QCA_MIPS
2022/20220702/集客无线AP_QCA_MIPS/JIKEAP_AP284Y-H_QCA956X_7.2_2022070200.bin.rar,JIKEAP_AP284Y-H_QCA956X_7.2_2022070200.bin.rar,8005425,2c34000b503b49872073ba944db84ec8,2022,20220702,集客无线AP_QCA_MIPS
2022/20220702/集客无线AP_QCA_MIPS/JIKEAP_AP3513NA_QCA934X_7.2_2022070200.bin.rar,JIKEAP_AP3513NA_QCA934X_7.2_2022070200.bin.rar,6747297,db9f5a1bd094f329203fa44bf9056413,2022,20220702,集客无线AP_QCA_MIPS
2022/20220702/集客无线AP_QCA_MIPS/JIKEAP_AP49_QCA953X_7.2_2022070200.bin.rar,JIKEAP_AP49_QCA953X_7.2_2022070200.bin.rar,7127217,7298a40fd6dcdcc4c721ca7c04ccce7d,2022,20220702,集客无线AP_QCA_MIPS
2022/20220702/集客无线AP_QCA_MIPS/JIKEAP_AP630_QCA953X_100M_EPORT_7.2_2022070200.bin.rar,JIKEAP_AP630_QCA953X_100M_EPORT_7.2_2022070200.bin.rar,6748533,c2fa91a9d440b4d136ba1d06fb839f2b,2022,20220702,集客无线AP_QCA_MIPS
2022/20220702/集客无线AP_QCA_MIPS/JIKEAP_AP630v2_QCA953X_100M_EPORT_7.2_2022070200.bin.rar,JIKEAP_AP630v2_QCA953X_100M_EPORT_7.2_2022070200.bin.rar,6747247,d8533011b04e363f2f546b92db7e522e,2022,20220702,集客无线AP_QCA_MIPS
2022/20220702/集客无线AP_QCA_MIPS/JIKEAP_AP675_QCA953X_100M_EPORT_7.2_2022070200.bin.rar,JIKEAP_AP675_QCA953X_100M_EPORT_7.2_2022070200.bin.rar,7107702,0d325450440f1b22304cdbe47ad73255,2022,20220702,集客无线AP_QCA_MIPS
2022/20220702/集客无线AP_QCA_MIPS/JIKEAP_AP830H_QCA953X_100M_7.2_2022070200.bin.rar,JIKEAP_AP830H_QCA953X_100M_7.2_2022070200.bin.rar,6750058,cd4ea7539986c2fef161df98e2ed65d6,2022,20220702,集客无线AP_QCA_MIPS
2022/20220702/集客无线AP_QCA_MIPS/JIKEAP_AP875H_QCA953X_100M_QCA9887_7.2_2022070200.bin.rar,JIKEAP_AP875H_QCA953X_100M_QCA9887_7.2_2022070200.bin.rar,7109288,533931b1c8c4cd5382cf7767b9c6d7de,2022,20220702,集客无线AP_QCA_MIPS
2022/20220702/集客无线AP_QCA_MIPS/JIKEAP_AP9344_35P0_QCA934X_1000M_FREE_7.2_2022070200.bin.rar,JIKEAP_AP9344_35P0_QCA934X_1000M_FREE_7.2_2022070200.bin.rar,6748434,e1ec61162b22ace74b0a2ccaf0e09e5f,2022,20220702,集客无线AP_QCA_MIPS
2022/20220702/集客无线AP_QCA_MIPS/JIKEAP_AP9344_35P4_QCA934X_1000M_FREE_7.2_2022070200.bin.rar,JIKEAP_AP9344_35P4_QCA934X_1000M_FREE_7.2_2022070200.bin.rar,6748447,8b81a8c5cbea50743ee1b93650e4109f,2022,20220702,集客无线AP_QCA_MIPS
2022/20220702/集客无线AP_QCA_MIPS/JIKEAP_AP9344_8327_QCA934X_1000M_FREE_7.2_2022070200.bin.rar,JIKEAP_AP9344_8327_QCA934X_1000M_FREE_7.2_2022070200.bin.rar,6746801,48684f3955006b5895a6f4ecca5e4d8b,2022,20220702,集客无线AP_QCA_MIPS
2022/20220702/集客无线AP_QCA_MIPS/JIKEAP_AP9344_M100_QCA934X_100M_FREE_7.2_2022070200.bin.rar,JIKEAP_AP9344_M100_QCA934X_100M_FREE_7.2_2022070200.bin.rar,6748246,0940f5e910b6637680869d49a00d57ac,2022,20220702,集客无线AP_QCA_MIPS
2022/20220702/集客无线AP_QCA_MIPS/JIKEAP_AP9344_RTL_QCA934X_1000M_FREE_7.2_2022070200.bin.rar,JIKEAP_AP9344_RTL_QCA934X_1000M_FREE_7.2_2022070200.bin.rar,6748435,ab1b36b6e86195123584add5c66cffc2,2022,20220702,集客无线AP_QCA_MIPS
2022/20220702/集客无线AP_QCA_MIPS/JIKEAP_AP941_QCA953X_100M_FREE_7.2_2022070200.bin.rar,JIKEAP_AP941_QCA953X_100M_FREE_7.2_2022070200.bin.rar,6746854,d2b3deeef955fb0dedbdba413878540b,2022,20220702,集客无线AP_QCA_MIPS
2022/20220702/集客无线AP_QCA_MIPS/JIKEAP_AP9558V_QCA955X_1000M_QCA9880_LEEEL_FREE_7.2_2022070200.bin.rar,JIKEAP_AP9558V_QCA955X_1000M_QCA9880_LEEEL_FREE_7.2_2022070200.bin.rar,7916532,295bc30a12b94909dca168f1cb3ab5de,2022,20220702,集客无线AP_QCA_MIPS
2022/20220702/集客无线AP_QCA_MIPS/JIKEAP_AP9558_QCA955X_1000M_QCA9880_FREE_7.2_2022070200.bin.rar,JIKEAP_AP9558_QCA955X_1000M_QCA9880_FREE_7.2_2022070200.bin.rar,7916554,756195fcc297ed32165d08489dc602a8,2022,20220702,集客无线AP_QCA_MIPS
2022/20220702/集客无线AP_QCA_MIPS/JIKEAP_ARIMA2210_QCA934X_EPORT_7.2_2022070200.bin.rar,JIKEAP_ARIMA2210_QCA934X_EPORT_7.2_2022070200.bin.rar,6747195,0cea446cae239dd57a9aad10145243a2,2022,20220702,集客无线AP_QCA_MIPS
2022/20220702/集客无线AP_QCA_MIPS/JIKEAP_FX-2ac_QCA956X_7.2_2022070200.bin.rar,JIKEAP_FX-2ac_QCA956X_7.2_2022070200.bin.rar,7262155,8a406af3390938ba82ea39fc652cbd5f,2022,20220702,集客无线AP_QCA_MIPS
2022/20220702/集客无线AP_QCA_MIPS/JIKEAP_K2TS_QCA956X_1000M_QCA9886_FREE_7.2_2022070200.bin.rar,JIKEAP_K2TS_QCA956X_1000M_QCA9886_FREE_7.2_2022070200.bin.rar,7307898,c572b51c09ddadd9de2a4a9fdebd6049,2022,20220702,集客无线AP_QCA_MIPS
2022/20220702/集客无线AP_QCA_MIPS/JIKEAP_K2T_QCA956X_1000M_QCA9886_FREE_7.2_2022070200.bin.rar,JIKEAP_K2T_QCA956X_1000M_QCA9886_FREE_7.2_2022070200.bin.rar,7307842,8857c5fa6e9d85b3d4eb8f20c9d15ab9,2022,20220702,集客无线AP_QCA_MIPS
2022/20220702/集客无线AP_QCA_MIPS/JIKEAP_MI100_QCA934X_100M_FREE_7.2_2022070200.bin.rar,JIKEAP_MI100_QCA934X_100M_FREE_7.2_2022070200.bin.rar,6746930,d08071de67c70e2353598f5fee606fc1,2022,20220702,集客无线AP_QCA_MIPS
2022/20220702/集客无线AP_QCA_MIPS/JIKEAP_WPJ563_QCA956X_1000M_QCA9880_7.2_2022070200.bin.rar,JIKEAP_WPJ563_QCA956X_1000M_QCA9880_7.2_2022070200.bin.rar,8268877,3b3f81f100ec5f54b1ca3081a8bdb9db,2022,20220702,集客无线AP_QCA_MIPS
2022/20220702/集客无线AP_QCA_MIPS/JIKEAP_XD102_QCA953X_7.2_2022070200.bin.rar,JIKEAP_XD102_QCA953X_7.2_2022070200.bin.rar,6747236,46013a045b221027965ed50d0cce4d39,2022,20220702,集客无线AP_QCA_MIPS
2022/20220702/集客无线AP_QCA_MIPS/JIKEAP_XD1202G_QCA956X_7.2_2022070200.bin.rar,JIKEAP_XD1202G_QCA956X_7.2_2022070200.bin.rar,8005524,12327dd7463d0b8a198168955da4ca57,2022,20220702,集客无线AP_QCA_MIPS
2022/20220702/集客无线AP_QCA_MIPS/release_notes.txt,release_notes.txt,5657,db40562d4ee250aa3515cbc655079a03,2022,20220702,集客无线AP_QCA_MIPS
2022/20220808/集客无线AP_MTK/JIKEAP_AP107IOT_MT7620_K4_EPORT_7.2_2022080800.bin.rar,JIKEAP_AP107IOT_MT7620_K4_EPORT_7.2_2022080800.bin.rar,5500561,47d312fcc00f5384707d6145a0ffbfee,2022,20220808,集客无线AP_MTK
2022/20220808/集客无线AP_MTK/JIKEAP_AP118F_MT7628_K4_EPORT_7.2_2022080800.bin.rar,JIKEAP_AP118F_MT7628_K4_EPORT_7.2_2022080800.bin.rar,6216584,a83f05c1b775c7331aa95cb6162203a9,2022,20220808,集客无线AP_MTK
2022/20220808/集客无线AP_MTK/JIKEAP_AP118Y_MT7628_K4_EPORT_7.2_2022080800.bin.rar,JIKEAP_AP118Y_MT7628_K4_EPORT_7.2_2022080800.bin.rar,6216057,3d7d054ab608e47d0232f38d546a0b24,2022,20220808,集客无线AP_MTK
2022/20220808/集客无线AP_MTK/JIKEAP_AP210G_MT7620_K4_EPORT_7.2_2022080800.bin.rar,JIKEAP_AP210G_MT7620_K4_EPORT_7.2_2022080800.bin.rar,6267296,8727487fc3342164dca8054398b4cdcc,2022,20220808,集客无线AP_MTK
2022/20220808/集客无线AP_MTK/JIKEAP_AP212G_MT7621_K4_EPORT_7.2_2022080800.bin.rar,JIKEAP_AP212G_MT7621_K4_EPORT_7.2_2022080800.bin.rar,5760587,b3d69a667dbd69476d4bfd5edfb669a1,2022,20220808,集客无线AP_MTK
2022/20220808/集客无线AP_MTK/JIKEAP_AP213G_MT7620_K4_EPORT_7.2_2022080800.bin.rar,JIKEAP_AP213G_MT7620_K4_EPORT_7.2_2022080800.bin.rar,5918799,3ddf0cfa9c2b25ee4b052059292d4a48,2022,20220808,集客无线AP_MTK
2022/20220808/集客无线AP_MTK/JIKEAP_AP216G_MT7621_K4_EPORT_7.2_2022080800.bin.rar,JIKEAP_AP216G_MT7621_K4_EPORT_7.2_2022080800.bin.rar,6728013,ffcbbe17a1eadf301dc215e2771e4933,2022,20220808,集客无线AP_MTK
2022/20220808/集客无线AP_MTK/JIKEAP_AP230EP_MT7620_K4_EPORT_FREE_7.2_2022080800.bin.rar,JIKEAP_AP230EP_MT7620_K4_EPORT_FREE_7.2_2022080800.bin.rar,6554085,883f0a699a4e978e70f76291e29c1710,2022,20220808,集客无线AP_MTK
2022/20220808/集客无线AP_MTK/JIKEAP_AP230G_MT7620_K4_RTL_EPORT_FREE_7.2_2022080800.bin.rar,JIKEAP_AP230G_MT7620_K4_RTL_EPORT_FREE_7.2_2022080800.bin.rar,6554090,9bf6d84572461b72aba35740091b91e0,2022,20220808,集客无线AP_MTK
2022/20220808/集客无线AP_MTK/JIKEAP_AP230IP_MT7620_K4_EPORT_FREE_7.2_2022080800.bin.rar,JIKEAP_AP230IP_MT7620_K4_EPORT_FREE_7.2_2022080800.bin.rar,6554085,fbb96485823a92a542154b77ad12c567,2022,20220808,集客无线AP_MTK
2022/20220808/集客无线AP_MTK/JIKEAP_AP238AN_MT7628_K4_LEEEL_EPORT_FREE_7.2_2022080800.bin.rar,JIKEAP_AP238AN_MT7628_K4_LEEEL_EPORT_FREE_7.2_2022080800.bin.rar,6852267,fb361994e09718edd4824f0e7ab1366e,2022,20220808,集客无线AP_MTK
2022/20220808/集客无线AP_MTK/JIKEAP_AP240P_MT7621_K4_SWITCH_LEEEE_EPORT_FREE_7.2_2022080800.bin.rar,JIKEAP_AP240P_MT7621_K4_SWITCH_LEEEE_EPORT_FREE_7.2_2022080800.bin.rar,4712703,47f12a97b50964369e8425bc754c961e,2022,20220808,集客无线AP_MTK
2022/20220808/集客无线AP_MTK/JIKEAP_AP242P_MT7621_K4_LLLLL_64M_FREE_7.2_2022080800.bin.rar,JIKEAP_AP242P_MT7621_K4_LLLLL_64M_FREE_7.2_2022080800.bin.rar,7069996,2fc1e9ce8154ab040d1b8802f03a7526,2022,20220808,集客无线AP_MTK
2022/20220808/集客无线AP_MTK/JIKEAP_AP245P_MT7621_K4_MT7615DN_LEEEL_EPORT_FREE_7.2_2022080800.bin.rar,JIKEAP_AP245P_MT7621_K4_MT7615DN_LEEEL_EPORT_FREE_7.2_2022080800.bin.rar,6110329,dcd71576f5f3790a7ef3b78db2620057,2022,20220808,集客无线AP_MTK
2022/20220808/集客无线AP_MTK/JIKEAP_AP246HI_MT7621_K4_1000_FREE_7.2_2022080800.bin.rar,JIKEAP_AP246HI_MT7621_K4_1000_FREE_7.2_2022080800.bin.rar,7297922,24ae511a9034ba12640d9ef982b7aa4b,2022,20220808,集客无线AP_MTK
2022/20220808/集客无线AP_MTK/JIKEAP_AP246ND_MT7621_K4_MT7603_MT7615N_LLEEL_EPORT_FREE_7.2_2022080800.bin.rar,JIKEAP_AP246ND_MT7621_K4_MT7603_MT7615N_LLEEL_EPORT_FREE_7.2_2022080800.bin.rar,8323602,44502340b5d9a186a9f467cfa730d8a7,2022,20220808,集客无线AP_MTK
2022/20220808/集客无线AP_MTK/JIKEAP_AP246NND_MT7621_K4_MT7603_MT7615N_LLEEL_EPORT_FREE_7.2_2022080800.bin.rar,JIKEAP_AP246NND_MT7621_K4_MT7603_MT7615N_LLEEL_EPORT_FREE_7.2_2022080800.bin.rar,8323605,df41cc1778d825c5ef783710ee7b2aa3,2022,20220808,集客无线AP_MTK
2022/20220808/集客无线AP_MTK/JIKEAP_AP246P_MT7621_K4_MT7603_MT7615N_FREE_7.2_2022080800.bin.rar,JIKEAP_AP246P_MT7621_K4_MT7603_MT7615N_FREE_7.2_2022080800.bin.rar,8111328,3469ed0771f500ea8448dd0394de9b43,2022,20220808,集客无线AP_MTK
2022/20220808/集客无线AP_MTK/JIKEAP_AP24_MT7621_K4_LEEEL_EPORT_FREE_7.2_2022080800.bin.rar,JIKEAP_AP24_MT7621_K4_LEEEL_EPORT_FREE_7.2_2022080800.bin.rar,7078385,b39b07e0844e965f7217f8fb5a3b2fe6,2022,20220808,集客无线AP_MTK
2022/20220808/集客无线AP_MTK/JIKEAP_AP250_MT7981_K5_WIFI6_3000M_FREE_7.2_2022080800.bin.rar,JIKEAP_AP250_MT7981_K5_WIFI6_3000M_FREE_7.2_2022080800.bin.rar,10788749,79382260e200ddde8f421b19ac99bf05,2022,20220808,集客无线AP_MTK
2022/20220808/集客无线AP_MTK/JIKEAP_AP261F-H_MT7621_K4_7.2_2022080800.bin.rar,JIKEAP_AP261F-H_MT7621_K4_7.2_2022080800.bin.rar,5760348,6b2731eaccd770adf2de70ea754e45bc,2022,20220808,集客无线AP_MTK
2022/20220808/集客无线AP_MTK/JIKEAP_AP601_MT7620_K4_LEEEE_EPORT_FREE_7.2_2022080800.bin.rar,JIKEAP_AP601_MT7620_K4_LEEEE_EPORT_FREE_7.2_2022080800.bin.rar,4678432,24610a783dcbb17e48bdaca3eb1e68f5,2022,20220808,集客无线AP_MTK
2022/20220808/集客无线AP_MTK/JIKEAP_AX1800B_MT7621_K4_EPORT_7.2_2022080800.bin.rar,JIKEAP_AX1800B_MT7621_K4_EPORT_7.2_2022080800.bin.rar,6054821,35c653cd9afd7b974f6b0d339081883a,2022,20220808,集客无线AP_MTK
2022/20220808/集客无线AP_MTK/JIKEAP_AX1800FM_MT7621_K4_7.2_2022080800.bin.rar,JIKEAP_AX1800FM_MT7621_K4_7.2_2022080800.bin.rar,6054281,b5eb39c3f01ff0e43ee9bca1c7e67631,2022,20220808,集客无线AP_MTK
2022/20220808/集客无线AP_MTK/JIKEAP_AX1800H_MT7621_K4_MT7915DN_WIFI6_NAND_FREE_7.2_2022080800.bin.rar,JIKEAP_AX1800H_MT7621_K4_MT7915DN_WIFI6_NAND_FREE_7.2_2022080800.bin.rar,6272588,493d0847fed5ee153f014bcf81f83c5c,2022,20220808,集客无线AP_MTK
2022/20220808/集客无线AP_MTK/JIKEAP_AX1800IOT_MT7621_K4_7.2_2022080800.bin.rar,JIKEAP_AX1800IOT_MT7621_K4_7.2_2022080800.bin.rar,6879678,6c15115579c25a0620007118a11b370c,2022,20220808,集客无线AP_MTK
2022/20220808/集客无线AP_MTK/JIKEAP_AX1800S_MT7621_K4_MT7915DN_WIFI6_7.2_2022080800.bin.rar,JIKEAP_AX1800S_MT7621_K4_MT7915DN_WIFI6_7.2_2022080800.bin.rar,6055045,6d305e3195ef958d8874914475e35a47,2022,20220808,集客无线AP_MTK
2022/20220808/集客无线AP_MTK/JIKEAP_AX2018FTR_MT7621_K4_EPORT_7.2_2022080800.bin.rar,JIKEAP_AX2018FTR_MT7621_K4_EPORT_7.2_2022080800.bin.rar,6054464,bfcca99babaeed325fe74e01aeca7b47,2022,20220808,集客无线AP_MTK
2022/20220808/集客无线AP_MTK/JIKEAP_AX2020_MT7621_K4_EPORT_7.2_2022080800.bin.rar,JIKEAP_AX2020_MT7621_K4_EPORT_7.2_2022080800.bin.rar,6053521,7bc38f609aefefd759b04f5a9c321f99,2022,20220808,集客无线AP_MTK
2022/20220808/集客无线AP_MTK/JIKEAP_AX2021_MT7621_K4_EPORT_7.2_2022080800.bin.rar,JIKEAP_AX2021_MT7621_K4_EPORT_7.2_2022080800.bin.rar,6054617,c464d43bffa21e551c625e360b64dd53,2022,20220808,集客无线AP_MTK
2022/20220808/集客无线AP_MTK/JIKEAP_AX2022_MT7621_K4_EPORT_7.2_2022080800.bin.rar,JIKEAP_AX2022_MT7621_K4_EPORT_7.2_2022080800.bin.rar,6879738,9381ca4f7bbcb1a336e0528ad5c1aed3,2022,20220808,集客无线AP_MTK
2022/20220808/集客无线AP_MTK/JIKEAP_WAP430X_MT7981_K5_WIFI6_3000M_7.2_2022080800.bin.rar,JIKEAP_WAP430X_MT7981_K5_WIFI6_3000M_7.2_2022080800.bin.rar,10788264,aa016a55ac2865ed4ef0391711a1b6fd,2022,20220808,集客无线AP_MTK
2022/20220808/集客无线AP_MTK/JIKEAP_XB1200G_MT7621_K4_EPORT_7.2_2022080800.bin.rar,JIKEAP_XB1200G_MT7621_K4_EPORT_7.2_2022080800.bin.rar,5760495,5c1094080327b885d38218cea268adff,2022,20220808,集客无线AP_MTK
2022/20220808/集客无线AP_MTK/JIKEAP_XB790SF_MT7621_K4_EPORT_7.2_2022080800.bin.rar,JIKEAP_XB790SF_MT7621_K4_EPORT_7.2_2022080800.bin.rar,6054738,311db5414dd63ea87bdad90191dee078,2022,20220808,集客无线AP_MTK
2022/20220808/集客无线AP_MTK/release_notes.txt,release_notes.txt,5787,4ff63c43e17eae54db44a11b1b49bda7,2022,20220808,集客无线AP_MTK
2022/20220808/集客无线AP_QCA_IPQ/JIKEAP_AC58U_IPQ40XX_1000M_IPQ4018_FREE_7.2_2022080800.bin.rar,JIKEAP_AC58U_IPQ40XX_1000M_IPQ4018_FREE_7.2_2022080800.bin.rar,11797301,433361af715847a8fea880f2a7a2dee7,2022,20220808,集客无线AP_QCA_IPQ
2022/20220808/集客无线AP_QCA_IPQ/JIKEAP_AC58U_IPQ40XX_7.2_2022080800_opboot.bin.rar,JIKEAP_AC58U_IPQ40XX_7.2_2022080800_opboot.bin.rar,11796883,b5e31fe46d301a0b34d0ed7455fdaf25,2022,20220808,集客无线AP_QCA_IPQ
2022/20220808/集客无线AP_QCA_IPQ/JIKEAP_ACRH17_IPQ40XX_1000M_QCA9984_HT160_EPORT_FREE_7.2_2022080800.bin.rar,JIKEAP_ACRH17_IPQ40XX_1000M_QCA9984_HT160_EPORT_FREE_7.2_2022080800.bin.rar,13704458,ebbda0327823bf436aa6a46482611bda,2022,20220808,集客无线AP_QCA_IPQ
2022/20220808/集客无线AP_QCA_IPQ/JIKEAP_ACRH17_IPQ40XX_7.2_2022080800_opboot.bin.rar,JIKEAP_ACRH17_IPQ40XX_7.2_2022080800_opboot.bin.rar,13705136,6f137d40c2efc6ab576c0f2c5e45bebf,2022,20220808,集客无线AP_QCA_IPQ
2022/20220808/集客无线AP_QCA_IPQ/JIKEAP_AP268F-H_IPQ40XX_7.2_2022080800.bin.rar,JIKEAP_AP268F-H_IPQ40XX_7.2_2022080800.bin.rar,13610568,819632b045866b46d8f36e8f34585192,2022,20220808,集客无线AP_QCA_IPQ
2022/20220808/集客无线AP_QCA_IPQ/JIKEAP_AP268IOT_IPQ40XX_7.2_2022080800.bin.rar,JIKEAP_AP268IOT_IPQ40XX_7.2_2022080800.bin.rar,13443536,62f0281f2b297b96c663f40e895e0a59,2022,20220808,集客无线AP_QCA_IPQ
2022/20220808/集客无线AP_QCA_IPQ/JIKEAP_AP269X-HG_IPQ40XX_1000M_7.2_2022080800.bin.rar,JIKEAP_AP269X-HG_IPQ40XX_1000M_7.2_2022080800.bin.rar,13454284,ff6a3e3179319ea1193ec1a21fb22741,2022,20220808,集客无线AP_QCA_IPQ
2022/20220808/集客无线AP_QCA_IPQ/JIKEAP_AP285F-H_IPQ40XX_1000M_7.2_2022080800.bin.rar,JIKEAP_AP285F-H_IPQ40XX_1000M_7.2_2022080800.bin.rar,13455845,339c50f2ee051e61c1f32e81c87b6e08,2022,20220808,集客无线AP_QCA_IPQ
2022/20220808/集客无线AP_QCA_IPQ/JIKEAP_AP320F-H_IPQ40XX_1000M_3RADIO_7.2_2022080800.bin.rar,JIKEAP_AP320F-H_IPQ40XX_1000M_3RADIO_7.2_2022080800.bin.rar,13428041,435e19d0c8aadf61298df1d0f2518f0a,2022,20220808,集客无线AP_QCA_IPQ
2022/20220808/集客无线AP_QCA_IPQ/JIKEAP_AP320KY-H_IPQ40XX_7.2_2022080800.bin.rar,JIKEAP_AP320KY-H_IPQ40XX_7.2_2022080800.bin.rar,13544569,2fe7b2eefb3745fb7297e790aab02d5c,2022,20220808,集客无线AP_QCA_IPQ
2022/20220808/集客无线AP_QCA_IPQ/JIKEAP_AP320Y-H_IPQ40XX_1000M_3RADIO_7.2_2022080800.bin.rar,JIKEAP_AP320Y-H_IPQ40XX_1000M_3RADIO_7.2_2022080800.bin.rar,13457636,78f1c293e5d737b95fc3e92e5714f0d6,2022,20220808,集客无线AP_QCA_IPQ
2022/20220808/集客无线AP_QCA_IPQ/JIKEAP_AP330F-H_IPQ40XX_1000M_3RADIO_HT160_7.2_2022080800.bin.rar,JIKEAP_AP330F-H_IPQ40XX_1000M_3RADIO_HT160_7.2_2022080800.bin.rar,13427998,a8d16c2a3852bf7890f5074e1ceb94c6,2022,20220808,集客无线AP_QCA_IPQ
2022/20220808/集客无线AP_QCA_IPQ/JIKEAP_AP386X_IPQ40XX_1000M_3RADIO_7.2_2022080800.bin.rar,JIKEAP_AP386X_IPQ40XX_1000M_3RADIO_7.2_2022080800.bin.rar,13455360,d0794b1785f6d3a233a77922b0ecfead,2022,20220808,集客无线AP_QCA_IPQ
2022/20220808/集客无线AP_QCA_IPQ/JIKEAP_AX1800F_IPQ60XX_1000M_WIFI6_7.2_2022080800.bin.rar,JIKEAP_AX1800F_IPQ60XX_1000M_WIFI6_7.2_2022080800.bin.rar,12384921,c0bff667dff27e4a018e611feb10e091,2022,20220808,集客无线AP_QCA_IPQ
2022/20220808/集客无线AP_QCA_IPQ/JIKEAP_AX1800MI_IPQ60XX_1000M_WIFI6_FREE_7.2_2022080800.bin.rar,JIKEAP_AX1800MI_IPQ60XX_1000M_WIFI6_FREE_7.2_2022080800.bin.rar,12528877,3732a01729f3d8c4418509d0f8d7c836,2022,20220808,集客无线AP_QCA_IPQ
2022/20220808/集客无线AP_QCA_IPQ/JIKEAP_AX1800Y_IPQ60XX_7.2_2022080800.bin.rar,JIKEAP_AX1800Y_IPQ60XX_7.2_2022080800.bin.rar,12818852,d9a20ab0b7e8ebfeeb932cc97204a0e2,2022,20220808,集客无线AP_QCA_IPQ
2022/20220808/集客无线AP_QCA_IPQ/JIKEAP_AX2180_IPQ60XX_1000M_WIFI6_7.2_2022080800.bin.rar,JIKEAP_AX2180_IPQ60XX_1000M_WIFI6_7.2_2022080800.bin.rar,14769012,b8fe11c1b16f70b6638244b6751b6813,2022,20220808,集客无线AP_QCA_IPQ
2022/20220808/集客无线AP_QCA_IPQ/JIKEAP_AX3000FQ_IPQ50XX_SFP_7.2_2022080800.bin.rar,JIKEAP_AX3000FQ_IPQ50XX_SFP_7.2_2022080800.bin.rar,13841861,ecfd44c7ea444a0e18ba4aa8d1437f7f,2022,20220808,集客无线AP_QCA_IPQ
2022/20220808/集客无线AP_QCA_IPQ/JIKEAP_AX3025Y_IPQ807X_2500M_WIFI6_HT160_7.2_2022080800.bin.rar,JIKEAP_AX3025Y_IPQ807X_2500M_WIFI6_HT160_7.2_2022080800.bin.rar,15524205,22acc040ab655df2bb8b068dc32dccf6,2022,20220808,集客无线AP_QCA_IPQ
2022/20220808/集客无线AP_QCA_IPQ/JIKEAP_AX3050KY_IPQ807X_5000M_WIFI6_HT160_7.2_2022080800.bin.rar,JIKEAP_AX3050KY_IPQ807X_5000M_WIFI6_HT160_7.2_2022080800.bin.rar,13204086,91c723c174caf48b67f836ab1c342d53,2022,20220808,集客无线AP_QCA_IPQ
2022/20220808/集客无线AP_QCA_IPQ/JIKEAP_AX5RM_IPQ60XX_1000M_WIFI6_FREE_7.2_2022080800.bin.rar,JIKEAP_AX5RM_IPQ60XX_1000M_WIFI6_FREE_7.2_2022080800.bin.rar,12527078,ea9412cc1b4518364b9614682b3efd42,2022,20220808,集客无线AP_QCA_IPQ
2022/20220808/集客无线AP_QCA_IPQ/JIKEAP_AX8180X_IPQ60XX_7.2_2022080800.bin.rar,JIKEAP_AX8180X_IPQ60XX_7.2_2022080800.bin.rar,12684100,a0f0203a822813b202f8e34ed677e871,2022,20220808,集客无线AP_QCA_IPQ
2022/20220808/集客无线AP_QCA_IPQ/JIKEAP_AX8180Y_IPQ60XX_7.2_2022080800.bin.rar,JIKEAP_AX8180Y_IPQ60XX_7.2_2022080800.bin.rar,12819537,ab77845d30ac35d2f4650cbdbbdea48f,2022,20220808,集客无线AP_QCA_IPQ
2022/20220808/集客无线AP_QCA_IPQ/JIKEAP_AXR3100_IPQ40XX_1000M_QCA9984_HT160_EPORT_FREE_7.2_2022080800.bin.rar,JIKEAP_AXR3100_IPQ40XX_1000M_QCA9984_HT160_EPORT_FREE_7.2_2022080800.bin.rar,13686982,ab056244349b5c98db771f61dc41094e,2022,20220808,集客无线AP_QCA_IPQ
2022/20220808/集客无线AP_QCA_IPQ/JIKEAP_CM520_IPQ40XX_1000M_NAND_EPORT_FREE_7.2_2022080800.bin.rar,JIKEAP_CM520_IPQ40XX_1000M_NAND_EPORT_FREE_7.2_2022080800.bin.rar,13726437,069bdb2c272995ed2a7ee98a733b72c1,2022,20220808,集客无线AP_QCA_IPQ
2022/20220808/集客无线AP_QCA_IPQ/JIKEAP_CM520_IPQ40XX_7.2_2022080800_opboot.bin.rar,JIKEAP_CM520_IPQ40XX_7.2_2022080800_opboot.bin.rar,13722148,570485c6b7703fc42dcc275c2e2b4680,2022,20220808,集客无线AP_QCA_IPQ
2022/20220808/集客无线AP_QCA_IPQ/JIKEAP_HM1800_IPQ60XX_1000M_WIFI6_7.2_2022080800.bin.rar,JIKEAP_HM1800_IPQ60XX_1000M_WIFI6_7.2_2022080800.bin.rar,12719751,4fb560c09af80b05159b5a954bd7c913,2022,20220808,集客无线AP_QCA_IPQ
2022/20220808/集客无线AP_QCA_IPQ/JIKEAP_N3000_IPQ50XX_NAND_FREE_7.2_2022080800.bin.rar,JIKEAP_N3000_IPQ50XX_NAND_FREE_7.2_2022080800.bin.rar,16924863,dce24c2ba48896669454caae8327204e,2022,20220808,集客无线AP_QCA_IPQ
2022/20220808/集客无线AP_QCA_IPQ/JIKEAP_WIA3600_IPQ50XX_QCA8337_NAND_7.2_2022080800.bin.rar,JIKEAP_WIA3600_IPQ50XX_QCA8337_NAND_7.2_2022080800.bin.rar,13343185,8c6787b25ba87db0d790df3cb372144f,2022,20220808,集客无线AP_QCA_IPQ
2022/20220808/集客无线AP_QCA_IPQ/JIKEAP_WP963_IPQ50XX_AR8033_NOR_7.2_2022080800.bin.rar,JIKEAP_WP963_IPQ50XX_AR8033_NOR_7.2_2022080800.bin.rar,12618635,f927215d3c48622774c1c814e4e26df1,2022,20220808,集客无线AP_QCA_IPQ
2022/20220808/集客无线AP_QCA_IPQ/release_notes.txt,release_notes.txt,5657,db40562d4ee250aa3515cbc655079a03,2022,20220808,集客无线AP_QCA_IPQ
2022/20220808/集客无线AP_QCA_IPQ/ubi-JIKEAP_AC58U.img,ubi-JIKEAP_AC58U.img,12582912,7007cde2e0886d8d10accef4d6668d96,2022,20220808,集客无线AP_QCA_IPQ
2022/20220808/集客无线AP_QCA_IPQ/ubi-JIKEAP_ACRH17.img,ubi-JIKEAP_ACRH17.img,14680064,cd9ece5da3ae9bf07b9c8ad3ae92a703,2022,20220808,集客无线AP_QCA_IPQ
2022/20220808/集客无线AP_QCA_IPQ/ubi-JIKEAP_AX1800MI.img,ubi-JIKEAP_AX1800MI.img,13631488,713cc284f552ace453351c2efa63fd77,2022,20220808,集客无线AP_QCA_IPQ
2022/20220808/集客无线AP_QCA_IPQ/ubi-JIKEAP_AX5RM.img,ubi-JIKEAP_AX5RM.img,13631488,678d34db9276985df8dd617c61757312,2022,20220808,集客无线AP_QCA_IPQ
2022/20220808/集客无线AP_QCA_IPQ/ubi-JIKEAP_AXR3100.img,ubi-JIKEAP_AXR3100.img,14680064,477f3d05346e1ef1b96427fca927db4f,2022,20220808,集客无线AP_QCA_IPQ
2022/20220808/集客无线AP_QCA_IPQ/ubi-JIKEAP_CM520.img,ubi-JIKEAP_CM520.img,14680064,a02d6cb6d8d4e55df39584c9f77f58e4,2022,20220808,集客无线AP_QCA_IPQ
2022/20220808/集客无线AP_QCA_MIPS/JIKEAP_AP0141_QCA934X_1000M_FREE_7.2_2022080800.bin.rar,JIKEAP_AP0141_QCA934X_1000M_FREE_7.2_2022080800.bin.rar,6206117,2a589ea660105491105fb7124beaddd2,2022,20220808,集客无线AP_QCA_MIPS
2022/20220808/集客无线AP_QCA_MIPS/JIKEAP_AP110T_QCA933X_100M_EPORT_FREE_7.2_2022080800.bin.rar,JIKEAP_AP110T_QCA933X_100M_EPORT_FREE_7.2_2022080800.bin.rar,6205763,7c23fdbff3d00786d42b33527b6b4ccd,2022,20220808,集客无线AP_QCA_MIPS
2022/20220808/集客无线AP_QCA_MIPS/JIKEAP_AP112F_QCA953X_100M_16M_EPORT_7.2_2022080800.bin.rar,JIKEAP_AP112F_QCA953X_100M_16M_EPORT_7.2_2022080800.bin.rar,6207672,ccafa57aed396a00db71e4a0338b22bf,2022,20220808,集客无线AP_QCA_MIPS
2022/20220808/集客无线AP_QCA_MIPS/JIKEAP_AP112Fv2_QCA953X_100M_8M_EPORT_7.2_2022080800.bin.rar,JIKEAP_AP112Fv2_QCA953X_100M_8M_EPORT_7.2_2022080800.bin.rar,6206501,5c8c2e84f53ffb8a1acdb4ea746bd92a,2022,20220808,集客无线AP_QCA_MIPS
2022/20220808/集客无线AP_QCA_MIPS/JIKEAP_AP112J_QCA953X_100M_EPORT_7.2_2022080800.bin.rar,JIKEAP_AP112J_QCA953X_100M_EPORT_7.2_2022080800.bin.rar,6207840,a7a06168a53ae1b0fd7e89af47c27bba,2022,20220808,集客无线AP_QCA_MIPS
2022/20220808/集客无线AP_QCA_MIPS/JIKEAP_AP112Q_QCA934X_100M_EPORT_FREE_7.2_2022080800.bin.rar,JIKEAP_AP112Q_QCA934X_100M_EPORT_FREE_7.2_2022080800.bin.rar,6207072,de1bc06b05a1a736a3784c425000ee99,2022,20220808,集客无线AP_QCA_MIPS
2022/20220808/集客无线AP_QCA_MIPS/JIKEAP_AP112T_QCA953X_100M_EPORT_7.2_2022080800.bin.rar,JIKEAP_AP112T_QCA953X_100M_EPORT_7.2_2022080800.bin.rar,6206422,10366eeb5e3e6d8cbcdd544b4b38cce2,2022,20220808,集客无线AP_QCA_MIPS
2022/20220808/集客无线AP_QCA_MIPS/JIKEAP_AP112Y_QCA953X_100M_EPORT_7.2_2022080800.bin.rar,JIKEAP_AP112Y_QCA953X_100M_EPORT_7.2_2022080800.bin.rar,6207762,2563f8c64c46b3bb49c65510a24a7683,2022,20220808,集客无线AP_QCA_MIPS
2022/20220808/集客无线AP_QCA_MIPS/JIKEAP_AP116F_QCA953X_100M_QCA9887_EPORT_7.2_2022080800.bin.rar,JIKEAP_AP116F_QCA953X_100M_QCA9887_EPORT_7.2_2022080800.bin.rar,6567007,6b54174279ea2f2fb53ec24a46895bcf,2022,20220808,集客无线AP_QCA_MIPS
2022/20220808/集客无线AP_QCA_MIPS/JIKEAP_AP116Q_QCA953X_100M_QCA9887_EPORT_7.2_2022080800.bin.rar,JIKEAP_AP116Q_QCA953X_100M_QCA9887_EPORT_7.2_2022080800.bin.rar,6567008,c9043f361cf9c733c805dc9fd6bf14c8,2022,20220808,集客无线AP_QCA_MIPS
2022/20220808/集客无线AP_QCA_MIPS/JIKEAP_AP117Q_QCA956X_1000M_QCA9882_7.2_2022080800.bin.rar,JIKEAP_AP117Q_QCA956X_1000M_QCA9882_7.2_2022080800.bin.rar,7375613,153e4c18e58173868aaa54ff85451b1e,2022,20220808,集客无线AP_QCA_MIPS
2022/20220808/集客无线AP_QCA_MIPS/JIKEAP_AP120_QCA934X_1000M_FREE_7.2_2022080800.bin.rar,JIKEAP_AP120_QCA934X_1000M_FREE_7.2_2022080800.bin.rar,6592209,565d97c8415fa7730f7e29c7bd76a468,2022,20220808,集客无线AP_QCA_MIPS
2022/20220808/集客无线AP_QCA_MIPS/JIKEAP_AP126F_QCA953X_100M_8M_7.2_2022080800.bin.rar,JIKEAP_AP126F_QCA953X_100M_8M_7.2_2022080800.bin.rar,6206326,5387292ed85028fd0d9c37c65242cc46,2022,20220808,集客无线AP_QCA_MIPS
2022/20220808/集客无线AP_QCA_MIPS/JIKEAP_AP130F-H_QCA953X_100M_7.2_2022080800.bin.rar,JIKEAP_AP130F-H_QCA953X_100M_7.2_2022080800.bin.rar,6209152,df49036d58b4bb95f5bb2f17c872f323,2022,20220808,集客无线AP_QCA_MIPS
2022/20220808/集客无线AP_QCA_MIPS/JIKEAP_AP130T_QCA934X_100M_AR9341_FREE_7.2_2022080800.bin.rar,JIKEAP_AP130T_QCA934X_100M_AR9341_FREE_7.2_2022080800.bin.rar,6205918,347408a8054618a477d4424e9016825d,2022,20220808,集客无线AP_QCA_MIPS
2022/20220808/集客无线AP_QCA_MIPS/JIKEAP_AP135T-H_QCA953X_100M_AR9341_7.2_2022080800.bin.rar,JIKEAP_AP135T-H_QCA953X_100M_AR9341_7.2_2022080800.bin.rar,6206189,41e6065f81b97baba17581eca1d0cc57,2022,20220808,集客无线AP_QCA_MIPS
2022/20220808/集客无线AP_QCA_MIPS/JIKEAP_AP136Y-H_QCA953X_100M_7.2_2022080800.bin.rar,JIKEAP_AP136Y-H_QCA953X_100M_7.2_2022080800.bin.rar,6207754,1ddecb954f6e58256b4e04276325dea7,2022,20220808,集客无线AP_QCA_MIPS
2022/20220808/集客无线AP_QCA_MIPS/JIKEAP_AP147_QCA953X_100M_QCA9887_FREE_7.2_2022080800.bin.rar,JIKEAP_AP147_QCA953X_100M_QCA9887_FREE_7.2_2022080800.bin.rar,7344332,20e41bc692216492afc241fddd1eec25,2022,20220808,集客无线AP_QCA_MIPS
2022/20220808/集客无线AP_QCA_MIPS/JIKEAP_AP153Y-H_QCA953X_7.2_2022080800.bin.rar,JIKEAP_AP153Y-H_QCA953X_7.2_2022080800.bin.rar,6207761,8679764deb35b42731c2926118f69b6c,2022,20220808,集客无线AP_QCA_MIPS
2022/20220808/集客无线AP_QCA_MIPS/JIKEAP_AP185W_QCA934X_7.2_2022080800.bin.rar,JIKEAP_AP185W_QCA934X_7.2_2022080800.bin.rar,6206510,a980c437429de33d0baec3f10edb167d,2022,20220808,集客无线AP_QCA_MIPS
2022/20220808/集客无线AP_QCA_MIPS/JIKEAP_AP220G_QCA956X_1000M_QCA9886_7.2_2022080800.bin.rar,JIKEAP_AP220G_QCA956X_1000M_QCA9886_7.2_2022080800.bin.rar,7464275,79fc40d14449c8121e640316ca1fa43f,2022,20220808,集客无线AP_QCA_MIPS
2022/20220808/集客无线AP_QCA_MIPS/JIKEAP_AP222G_QCA956X_7.2_2022080800.bin.rar,JIKEAP_AP222G_QCA956X_7.2_2022080800.bin.rar,7464578,6a262a7db1d70b888107aa0d7300baf3,2022,20220808,集客无线AP_QCA_MIPS
2022/20220808/集客无线AP_QCA_MIPS/JIKEAP_AP223G_QCA956X_1000M_QCA9886_7.2_2022080800.bin.rar,JIKEAP_AP223G_QCA956X_1000M_QCA9886_7.2_2022080800.bin.rar,7441745,0ee2009e6fc45352e60e9af2f6e8a283,2022,20220808,集客无线AP_QCA_MIPS
2022/20220808/集客无线AP_QCA_MIPS/JIKEAP_AP260F-H_QCA953X_100M_QCA9887_7.2_2022080800.bin.rar,JIKEAP_AP260F-H_QCA953X_100M_QCA9887_7.2_2022080800.bin.rar,6568546,ca32ced6ec51651fe98d2b0eeede65ac,2022,20220808,集客无线AP_QCA_MIPS
2022/20220808/集客无线AP_QCA_MIPS/JIKEAP_AP260T-H_QCA953X_100M_AR9X82_7.2_2022080800.bin.rar,JIKEAP_AP260T-H_QCA953X_100M_AR9X82_7.2_2022080800.bin.rar,6207784,120cee6f864e0d082ac0e60f2b6b7521,2022,20220808,集客无线AP_QCA_MIPS
2022/20220808/集客无线AP_QCA_MIPS/JIKEAP_AP261Y-H_QCA953X_100M_QCA9887_7.2_2022080800.bin.rar,JIKEAP_AP261Y-H_QCA953X_100M_QCA9887_7.2_2022080800.bin.rar,6567216,838c1a0a698782d2dbbb28e52456ea8c,2022,20220808,集客无线AP_QCA_MIPS
2022/20220808/集客无线AP_QCA_MIPS/JIKEAP_AP262Y-H_QCA956X_1000M_QCA9882_7.2_2022080800.bin.rar,JIKEAP_AP262Y-H_QCA956X_1000M_QCA9882_7.2_2022080800.bin.rar,7375633,27c22b7e6293322a96613dcf611af0a0,2022,20220808,集客无线AP_QCA_MIPS
2022/20220808/集客无线AP_QCA_MIPS/JIKEAP_AP263YS_QCA956X_1000M_QCA9880_7.2_2022080800.bin.rar,JIKEAP_AP263YS_QCA956X_1000M_QCA9880_7.2_2022080800.bin.rar,7730467,ba071a15dceb2550fa4f08e4a8cfe49b,2022,20220808,集客无线AP_QCA_MIPS
2022/20220808/集客无线AP_QCA_MIPS/JIKEAP_AP266G-H_QCA955X_1000M_QCA9880_7.2_2022080800.bin.rar,JIKEAP_AP266G-H_QCA955X_1000M_QCA9880_7.2_2022080800.bin.rar,7374386,bc4e88680388dcd6c79401cacd3e6e8b,2022,20220808,集客无线AP_QCA_MIPS
2022/20220808/集客无线AP_QCA_MIPS/JIKEAP_AP267F-H_QCA956X_1000M_QCA9886_7.2_2022080800.bin.rar,JIKEAP_AP267F-H_QCA956X_1000M_QCA9886_7.2_2022080800.bin.rar,7464173,6c4533ca43d41d5833ba930ef4f07c28,2022,20220808,集客无线AP_QCA_MIPS
2022/20220808/集客无线AP_QCA_MIPS/JIKEAP_AP267F-Hv2_QCA956X_1000M_QCA9886_7.2_2022080800.bin.rar,JIKEAP_AP267F-Hv2_QCA956X_1000M_QCA9886_7.2_2022080800.bin.rar,7464098,4af259bffad54da3b68c400a81837a76,2022,20220808,集客无线AP_QCA_MIPS
2022/20220808/集客无线AP_QCA_MIPS/JIKEAP_AP267KY-H_QCA956X_1000M_QCA9886_7.2_2022080800.bin.rar,JIKEAP_AP267KY-H_QCA956X_1000M_QCA9886_7.2_2022080800.bin.rar,7464114,7f2aa74988ee2070e7a1fb23372fd1e5,2022,20220808,集客无线AP_QCA_MIPS
2022/20220808/集客无线AP_QCA_MIPS/JIKEAP_AP280F-H_QCA953X_100M_QCA9887_7.2_2022080800.bin.rar,JIKEAP_AP280F-H_QCA953X_100M_QCA9887_7.2_2022080800.bin.rar,6568610,7cb5788ece8358cb7f0952ebbf55410b,2022,20220808,集客无线AP_QCA_MIPS
2022/20220808/集客无线AP_QCA_MIPS/JIKEAP_AP280Y-H_QCA953X_7.2_2022080800.bin.rar,JIKEAP_AP280Y-H_QCA953X_7.2_2022080800.bin.rar,6567170,e8b17ddec5df8e6c548704b3245c5337,2022,20220808,集客无线AP_QCA_MIPS
2022/20220808/集客无线AP_QCA_MIPS/JIKEAP_AP281Y-H_QCA956X_7.2_2022080800.bin.rar,JIKEAP_AP281Y-H_QCA956X_7.2_2022080800.bin.rar,7465325,1c39120478db129ebf2e2727b8170feb,2022,20220808,集客无线AP_QCA_MIPS
2022/20220808/集客无线AP_QCA_MIPS/JIKEAP_AP281Y-Hv2_QCA956X_7.2_2022080800.bin.rar,JIKEAP_AP281Y-Hv2_QCA956X_7.2_2022080800.bin.rar,7464526,80bff6c2ef8a3161569d2683c6e76f2a,2022,20220808,集客无线AP_QCA_MIPS
2022/20220808/集客无线AP_QCA_MIPS/JIKEAP_AP282T-H_QCA956X_7.2_2022080800.bin.rar,JIKEAP_AP282T-H_QCA956X_7.2_2022080800.bin.rar,8248157,2bdbb8d61dc661de2245676fcde17de2,2022,20220808,集客无线AP_QCA_MIPS
2022/20220808/集客无线AP_QCA_MIPS/JIKEAP_AP283Y-H_QCA956X_7.2_2022080800.bin.rar,JIKEAP_AP283Y-H_QCA956X_7.2_2022080800.bin.rar,7375590,52aa3da234e5be949b944bd13dd1c423,2022,20220808,集客无线AP_QCA_MIPS
2022/20220808/集客无线AP_QCA_MIPS/JIKEAP_AP284Y-H_QCA956X_7.2_2022080800.bin.rar,JIKEAP_AP284Y-H_QCA956X_7.2_2022080800.bin.rar,7464618,d5556cbd0f983d45b2482b9626814583,2022,20220808,集客无线AP_QCA_MIPS
2022/20220808/集客无线AP_QCA_MIPS/JIKEAP_AP3513NA_QCA934X_7.2_2022080800.bin.rar,JIKEAP_AP3513NA_QCA934X_7.2_2022080800.bin.rar,6206565,236614441abb33872e843571d7aedb9a,2022,20220808,集客无线AP_QCA_MIPS
2022/20220808/集客无线AP_QCA_MIPS/JIKEAP_AP49_QCA953X_7.2_2022080800.bin.rar,JIKEAP_AP49_QCA953X_7.2_2022080800.bin.rar,6586350,ddfa83164bb1fa1047fecc238ed89c58,2022,20220808,集客无线AP_QCA_MIPS
2022/20220808/集客无线AP_QCA_MIPS/JIKEAP_AP630_QCA953X_100M_EPORT_7.2_2022080800.bin.rar,JIKEAP_AP630_QCA953X_100M_EPORT_7.2_2022080800.bin.rar,6207634,ae1e76924c5343b54cae9884d2090481,2022,20220808,集客无线AP_QCA_MIPS
2022/20220808/集客无线AP_QCA_MIPS/JIKEAP_AP630v2_QCA953X_100M_EPORT_7.2_2022080800.bin.rar,JIKEAP_AP630v2_QCA953X_100M_EPORT_7.2_2022080800.bin.rar,6206404,e4382da5fb6255577f4901e467df5eee,2022,20220808,集客无线AP_QCA_MIPS
2022/20220808/集客无线AP_QCA_MIPS/JIKEAP_AP675_QCA953X_100M_EPORT_7.2_2022080800.bin.rar,JIKEAP_AP675_QCA953X_100M_EPORT_7.2_2022080800.bin.rar,6567016,c38c13e6a2c55c38230762f9303ffcb6,2022,20220808,集客无线AP_QCA_MIPS
2022/20220808/集客无线AP_QCA_MIPS/JIKEAP_AP830H_QCA953X_100M_7.2_2022080800.bin.rar,JIKEAP_AP830H_QCA953X_100M_7.2_2022080800.bin.rar,6209242,fe179d28789e9c4d802ce5d0598a2d9e,2022,20220808,集客无线AP_QCA_MIPS
2022/20220808/集客无线AP_QCA_MIPS/JIKEAP_AP875H_QCA953X_100M_QCA9887_7.2_2022080800.bin.rar,JIKEAP_AP875H_QCA953X_100M_QCA9887_7.2_2022080800.bin.rar,6568579,1a5c2d860d5adf8bb131b13afb347a45,2022,20220808,集客无线AP_QCA_MIPS
2022/20220808/集客无线AP_QCA_MIPS/JIKEAP_AP9344_35P0_QCA934X_1000M_FREE_7.2_2022080800.bin.rar,JIKEAP_AP9344_35P0_QCA934X_1000M_FREE_7.2_2022080800.bin.rar,6207546,e26288a31893fb210650382d70d53739,2022,20220808,集客无线AP_QCA_MIPS
2022/20220808/集客无线AP_QCA_MIPS/JIKEAP_AP9344_35P4_QCA934X_1000M_FREE_7.2_2022080800.bin.rar,JIKEAP_AP9344_35P4_QCA934X_1000M_FREE_7.2_2022080800.bin.rar,6207473,c3f6e145d9e128a778f0ea2322608c15,2022,20220808,集客无线AP_QCA_MIPS
2022/20220808/集客无线AP_QCA_MIPS/JIKEAP_AP9344_8327_QCA934X_1000M_FREE_7.2_2022080800.bin.rar,JIKEAP_AP9344_8327_QCA934X_1000M_FREE_7.2_2022080800.bin.rar,6205913,a640590517387f7d3ea1a727cc9cf2f6,2022,20220808,集客无线AP_QCA_MIPS
2022/20220808/集客无线AP_QCA_MIPS/JIKEAP_AP9344_M100_QCA934X_100M_FREE_7.2_2022080800.bin.rar,JIKEAP_AP9344_M100_QCA934X_100M_FREE_7.2_2022080800.bin.rar,6207373,9f85514703fe2a97ed3c15c34183dc89,2022,20220808,集客无线AP_QCA_MIPS
2022/20220808/集客无线AP_QCA_MIPS/JIKEAP_AP9344_RTL_QCA934X_1000M_FREE_7.2_2022080800.bin.rar,JIKEAP_AP9344_RTL_QCA934X_1000M_FREE_7.2_2022080800.bin.rar,6207670,477d92b29e8e8194078636c355b33c3b,2022,20220808,集客无线AP_QCA_MIPS
2022/20220808/集客无线AP_QCA_MIPS/JIKEAP_AP941_QCA953X_100M_FREE_7.2_2022080800.bin.rar,JIKEAP_AP941_QCA953X_100M_FREE_7.2_2022080800.bin.rar,6205968,d8b08bb95c8409674ebff60dc191fb45,2022,20220808,集客无线AP_QCA_MIPS
2022/20220808/集客无线AP_QCA_MIPS/JIKEAP_AP9558V_QCA955X_1000M_QCA9880_LEEEL_FREE_7.2_2022080800.bin.rar,JIKEAP_AP9558V_QCA955X_1000M_QCA9880_LEEEL_FREE_7.2_2022080800.bin.rar,7375710,5809da0006bbc7fbff632083a93f512d,2022,20220808,集客无线AP_QCA_MIPS
2022/20220808/集客无线AP_QCA_MIPS/JIKEAP_AP9558_QCA955X_1000M_QCA9880_FREE_7.2_2022080800.bin.rar,JIKEAP_AP9558_QCA955X_1000M_QCA9880_FREE_7.2_2022080800.bin.rar,7375770,bfad597bee412c25b5c11e3a5807f544,2022,20220808,集客无线AP_QCA_MIPS
2022/20220808/集客无线AP_QCA_MIPS/JIKEAP_ARIMA2210_QCA934X_EPORT_7.2_2022080800.bin.rar,JIKEAP_ARIMA2210_QCA934X_EPORT_7.2_2022080800.bin.rar,6206140,3a9ab43dd9aa7c65bc0282a862d7d3a2,2022,20220808,集客无线AP_QCA_MIPS
2022/20220808/集客无线AP_QCA_MIPS/JIKEAP_FX-2ac_QCA956X_7.2_2022080800.bin.rar,JIKEAP_FX-2ac_QCA956X_7.2_2022080800.bin.rar,7369902,a1a1091bbd928e77be8ecde2ca59c62f,2022,20220808,集客无线AP_QCA_MIPS
2022/20220808/集客无线AP_QCA_MIPS/JIKEAP_K2TS_QCA956X_1000M_QCA9886_FREE_7.2_2022080800.bin.rar,JIKEAP_K2TS_QCA956X_1000M_QCA9886_FREE_7.2_2022080800.bin.rar,7415580,0bc5bd6b04ac53a64f51ce248cb653bf,2022,20220808,集客无线AP_QCA_MIPS
2022/20220808/集客无线AP_QCA_MIPS/JIKEAP_K2T_QCA956X_1000M_QCA9886_FREE_7.2_2022080800.bin.rar,JIKEAP_K2T_QCA956X_1000M_QCA9886_FREE_7.2_2022080800.bin.rar,7415557,36d76d4c68612e5b82d104d9a724948c,2022,20220808,集客无线AP_QCA_MIPS
2022/20220808/集客无线AP_QCA_MIPS/JIKEAP_MI100_QCA934X_100M_FREE_7.2_2022080800.bin.rar,JIKEAP_MI100_QCA934X_100M_FREE_7.2_2022080800.bin.rar,6206185,76970bd0414f3711b22bde1ea03cef73,2022,20220808,集客无线AP_QCA_MIPS
2022/20220808/集客无线AP_QCA_MIPS/JIKEAP_WPJ563_QCA956X_1000M_QCA9880_7.2_2022080800.bin.rar,JIKEAP_WPJ563_QCA956X_1000M_QCA9880_7.2_2022080800.bin.rar,7727889,06083a05dafddeac96aaeb5ae5a84982,2022,20220808,集客无线AP_QCA_MIPS
2022/20220808/集客无线AP_QCA_MIPS/JIKEAP_XD102_QCA953X_7.2_2022080800.bin.rar,JIKEAP_XD102_QCA953X_7.2_2022080800.bin.rar,6206286,2c8072a5f3a11795987704d8cde14223,2022,20220808,集客无线AP_QCA_MIPS
2022/20220808/集客无线AP_QCA_MIPS/JIKEAP_XD1202G_QCA956X_7.2_2022080800.bin.rar,JIKEAP_XD1202G_QCA956X_7.2_2022080800.bin.rar,7464684,ed51360dd786b269455673b42e65d547,2022,20220808,集客无线AP_QCA_MIPS
2022/20220808/集客无线AP_QCA_MIPS/release_notes.txt,release_notes.txt,5657,db40562d4ee250aa3515cbc655079a03,2022,20220808,集客无线AP_QCA_MIPS
2022/20221123/集客AP_MTK_MIPS/JIKEAP_AP107IOT_MT7620_K4_EPORT_7.2_2022112300.bin.rar,JIKEAP_AP107IOT_MT7620_K4_EPORT_7.2_2022112300.bin.rar,5532460,e467d5ab1f3005cba5a658a28b5c71c1,2022,20221123,集客AP_MTK_MIPS
2022/20221123/集客AP_MTK_MIPS/JIKEAP_AP118A_MT7628_K4_EPORT_7.2_2022112300.bin.rar,JIKEAP_AP118A_MT7628_K4_EPORT_7.2_2022112300.bin.rar,6250934,6b0cf02686723494bfbe72a8d50219ae,2022,20221123,集客AP_MTK_MIPS
2022/20221123/集客AP_MTK_MIPS/JIKEAP_AP118F_MT7628_K4_EPORT_7.2_2022112300.bin.rar,JIKEAP_AP118F_MT7628_K4_EPORT_7.2_2022112300.bin.rar,6250799,974375df407ed309b0f06b77f05d466e,2022,20221123,集客AP_MTK_MIPS
2022/20221123/集客AP_MTK_MIPS/JIKEAP_AP118Y_MT7628_K4_EPORT_7.2_2022112300.bin.rar,JIKEAP_AP118Y_MT7628_K4_EPORT_7.2_2022112300.bin.rar,6250350,51456534c94921243219549418c596b4,2022,20221123,集客AP_MTK_MIPS
2022/20221123/集客AP_MTK_MIPS/JIKEAP_AP210G_MT7620_K4_EPORT_7.2_2022112300.bin.rar,JIKEAP_AP210G_MT7620_K4_EPORT_7.2_2022112300.bin.rar,6302492,3d4ad64adcf2905b74179fb6c62e59cc,2022,20221123,集客AP_MTK_MIPS
2022/20221123/集客AP_MTK_MIPS/JIKEAP_AP212G_MT7621_K4_EPORT_7.2_2022112300.bin.rar,JIKEAP_AP212G_MT7621_K4_EPORT_7.2_2022112300.bin.rar,5796243,33d13ebe5a12b0c1be61608fcba3b889,2022,20221123,集客AP_MTK_MIPS
2022/20221123/集客AP_MTK_MIPS/JIKEAP_AP213G_MT7620_K4_EPORT_7.2_2022112300.bin.rar,JIKEAP_AP213G_MT7620_K4_EPORT_7.2_2022112300.bin.rar,5954037,f4a20d665ce2635ed56b6f46b20c8b66,2022,20221123,集客AP_MTK_MIPS
2022/20221123/集客AP_MTK_MIPS/JIKEAP_AP216G_MT7621_K4_EPORT_7.2_2022112300.bin.rar,JIKEAP_AP216G_MT7621_K4_EPORT_7.2_2022112300.bin.rar,6762845,da33f597b995dd05be97d50a31070ac7,2022,20221123,集客AP_MTK_MIPS
2022/20221123/集客AP_MTK_MIPS/JIKEAP_AP230EP_MT7620_K4_EPORT_FREE_7.2_2022112300.bin.rar,JIKEAP_AP230EP_MT7620_K4_EPORT_FREE_7.2_2022112300.bin.rar,6589999,315728b12ec2b5842aeb8e2a769270c9,2022,20221123,集客AP_MTK_MIPS
2022/20221123/集客AP_MTK_MIPS/JIKEAP_AP230G_MT7620_K4_RTL_EPORT_FREE_7.2_2022112300.bin.rar,JIKEAP_AP230G_MT7620_K4_RTL_EPORT_FREE_7.2_2022112300.bin.rar,6590283,a800a990b7908a80f231a6e26a724110,2022,20221123,集客AP_MTK_MIPS
2022/20221123/集客AP_MTK_MIPS/JIKEAP_AP230IP_MT7620_K4_EPORT_FREE_7.2_2022112300.bin.rar,JIKEAP_AP230IP_MT7620_K4_EPORT_FREE_7.2_2022112300.bin.rar,6590084,bbb7e6ee69567fe2a9bfe992ee24f94a,2022,20221123,集客AP_MTK_MIPS
2022/20221123/集客AP_MTK_MIPS/JIKEAP_AP238AN_MT7628_K4_LEEEL_EPORT_FREE_7.2_2022112300.bin.rar,JIKEAP_AP238AN_MT7628_K4_LEEEL_EPORT_FREE_7.2_2022112300.bin.rar,6886494,af3c587cb7ff830dc77c8c218672d246,2022,20221123,集客AP_MTK_MIPS
2022/20221123/集客AP_MTK_MIPS/JIKEAP_AP238IOT_MT7628_K4_LEEEL_EPORT_FREE_7.2_2022112300.bin.rar,JIKEAP_AP238IOT_MT7628_K4_LEEEL_EPORT_FREE_7.2_2022112300.bin.rar,7705733,0b4101b8cc27ebbaed67c41f4bd5bc6f,2022,20221123,集客AP_MTK_MIPS
2022/20221123/集客AP_MTK_MIPS/JIKEAP_AP238MQ_MT7628_K4_LEEEL_EPORT_7.2_2022112300.bin.rar,JIKEAP_AP238MQ_MT7628_K4_LEEEL_EPORT_7.2_2022112300.bin.rar,6975430,59ecc1cd5470b929d38e9f99f1edf6ed,2022,20221123,集客AP_MTK_MIPS
2022/20221123/集客AP_MTK_MIPS/JIKEAP_AP240P_MT7621_K4_SWITCH_LEEEE_EPORT_FREE_7.2_2022112300.bin.rar,JIKEAP_AP240P_MT7621_K4_SWITCH_LEEEE_EPORT_FREE_7.2_2022112300.bin.rar,4747659,275a39f5516bf4db1c94134d809f2bec,2022,20221123,集客AP_MTK_MIPS
2022/20221123/集客AP_MTK_MIPS/JIKEAP_AP240SFP_MT7621_K4_SWITCH_LEEEE_FREE_7.2_2022112300.bin.rar,JIKEAP_AP240SFP_MT7621_K4_SWITCH_LEEEE_FREE_7.2_2022112300.bin.rar,4753046,8d54e507c69aad4ffc9187014ef6637a,2022,20221123,集客AP_MTK_MIPS
2022/20221123/集客AP_MTK_MIPS/JIKEAP_AP242P_MT7621_K4_LLLLL_64M_FREE_7.2_2022112300.bin.rar,JIKEAP_AP242P_MT7621_K4_LLLLL_64M_FREE_7.2_2022112300.bin.rar,7105864,f146a6cd1734263c2fbb1cedb60eca79,2022,20221123,集客AP_MTK_MIPS
2022/20221123/集客AP_MTK_MIPS/JIKEAP_AP246HI_MT7621_K4_1000_FREE_7.2_2022112300.bin.rar,JIKEAP_AP246HI_MT7621_K4_1000_FREE_7.2_2022112300.bin.rar,7335006,0692385fe1f5841e29238acca537c13b,2022,20221123,集客AP_MTK_MIPS
2022/20221123/集客AP_MTK_MIPS/JIKEAP_AP246ND_MT7621_K4_MT7603_MT7615N_LLEEL_EPORT_FREE_7.2_2022112300.bin.rar,JIKEAP_AP246ND_MT7621_K4_MT7603_MT7615N_LLEEL_EPORT_FREE_7.2_2022112300.bin.rar,8370698,ee2945eec2160c4652d35989ca0ff11e,2022,20221123,集客AP_MTK_MIPS
2022/20221123/集客AP_MTK_MIPS/JIKEAP_AP246ND_MT7621_K4_MT7603_MT7615N_LLEEL_EPORT_FREE_7.2_2023012000.bin,JIKEAP_AP246ND_MT7621_K4_MT7603_MT7615N_LLEEL_EPORT_FREE_7.2_2023012000.bin,8388847,189098083846edd2a64e6a839c0a4f8b,2022,20221123,集客AP_MTK_MIPS
2022/20221123/集客AP_MTK_MIPS/JIKEAP_AP246NND_MT7621_K4_MT7603_MT7615N_LLEEL_EPORT_FREE_7.2_2022112300.bin.rar,JIKEAP_AP246NND_MT7621_K4_MT7603_MT7615N_LLEEL_EPORT_FREE_7.2_2022112300.bin.rar,8370252,4aecd2a17697444ea61bf9c078dcbbc5,2022,20221123,集客AP_MTK_MIPS
2022/20221123/集客AP_MTK_MIPS/JIKEAP_AP246P_MT7621_K4_MT7603_MT7615N_FREE_7.2_2022112300.bin.rar,JIKEAP_AP246P_MT7621_K4_MT7603_MT7615N_FREE_7.2_2022112300.bin.rar,8146753,0b7396032b211885acb4f3464462fedb,2022,20221123,集客AP_MTK_MIPS
2022/20221123/集客AP_MTK_MIPS/JIKEAP_AP24_MT7621_K4_LEEEL_EPORT_FREE_7.2_2022112300.bin.rar,JIKEAP_AP24_MT7621_K4_LEEEL_EPORT_FREE_7.2_2022112300.bin.rar,7113696,7a318537e4e47dd647bff6cab9c1984b,2022,20221123,集客AP_MTK_MIPS
2022/20221123/集客AP_MTK_MIPS/JIKEAP_AP250_MT7981_K5_WIFI6_3000M_FREE_7.2_2022112300.bin.rar,JIKEAP_AP250_MT7981_K5_WIFI6_3000M_FREE_7.2_2022112300.bin.rar,11349788,9f25fe363b6447451ed3389cb8ea18b4,2022,20221123,集客AP_MTK_MIPS
2022/20221123/集客AP_MTK_MIPS/JIKEAP_AP261F-H_MT7621_K4_7.2_2022112300.bin.rar,JIKEAP_AP261F-H_MT7621_K4_7.2_2022112300.bin.rar,5795534,aa3ae9cd942599a9b0b074a9d3a07218,2022,20221123,集客AP_MTK_MIPS
2022/20221123/集客AP_MTK_MIPS/JIKEAP_AP601_MT7620_K4_LEEEE_EPORT_FREE_7.2_2022112300.bin.rar,JIKEAP_AP601_MT7620_K4_LEEEE_EPORT_FREE_7.2_2022112300.bin.rar,4712717,048c009635ed422c9429b356bb3b7261,2022,20221123,集客AP_MTK_MIPS
2022/20221123/集客AP_MTK_MIPS/JIKEAP_AX1800B_MT7621_K4_EPORT_7.2_2022112300.bin.rar,JIKEAP_AX1800B_MT7621_K4_EPORT_7.2_2022112300.bin.rar,6091284,babf97c228da1ad572df1cde076c265d,2022,20221123,集客AP_MTK_MIPS
2022/20221123/集客AP_MTK_MIPS/JIKEAP_AX1800FM_MT7621_K4_7.2_2022112300.bin.rar,JIKEAP_AX1800FM_MT7621_K4_7.2_2022112300.bin.rar,6091571,04d59c50b8821ca68ff8d66b32b25edd,2022,20221123,集客AP_MTK_MIPS
2022/20221123/集客AP_MTK_MIPS/JIKEAP_AX1800H_MT7621_K4_MT7915DN_WIFI6_NAND_FREE_7.2_2022112300.bin.rar,JIKEAP_AX1800H_MT7621_K4_MT7915DN_WIFI6_NAND_FREE_7.2_2022112300.bin.rar,6312626,1977a1228e7b1e3cb2a435c8f7917fec,2022,20221123,集客AP_MTK_MIPS
2022/20221123/集客AP_MTK_MIPS/JIKEAP_AX1800IoT_MT7621_K4_7.2_2022112300.bin.rar,JIKEAP_AX1800IoT_MT7621_K4_7.2_2022112300.bin.rar,6914146,cea9c136b3009c2b45b87d44e9430563,2022,20221123,集客AP_MTK_MIPS
2022/20221123/集客AP_MTK_MIPS/JIKEAP_AX1800S_MT7621_K4_MT7915DN_WIFI6_7.2_2022112300.bin.rar,JIKEAP_AX1800S_MT7621_K4_MT7915DN_WIFI6_7.2_2022112300.bin.rar,6091512,646b47746c2a559aae33133e19fb09d9,2022,20221123,集客AP_MTK_MIPS
2022/20221123/集客AP_MTK_MIPS/JIKEAP_AX2018FTR_MT7621_K4_EPORT_7.2_2022112300.bin.rar,JIKEAP_AX2018FTR_MT7621_K4_EPORT_7.2_2022112300.bin.rar,6091703,965bcbb443ab29831f042b747c4aae48,2022,20221123,集客AP_MTK_MIPS
2022/20221123/集客AP_MTK_MIPS/JIKEAP_AX2020_MT7621_K4_EPORT_7.2_2022112300.bin.rar,JIKEAP_AX2020_MT7621_K4_EPORT_7.2_2022112300.bin.rar,6091880,e0f88fe41b85622cdd0375eec695ce67,2022,20221123,集客AP_MTK_MIPS
2022/20221123/集客AP_MTK_MIPS/JIKEAP_AX2021_MT7621_K4_EPORT_7.2_2022112300.bin.rar,JIKEAP_AX2021_MT7621_K4_EPORT_7.2_2022112300.bin.rar,6091328,2b02c9f16e7099cc77c3b48c609c772f,2022,20221123,集客AP_MTK_MIPS
2022/20221123/集客AP_MTK_MIPS/JIKEAP_AX2022MQ_MT7621_K4_EPORT_7.2_2022112300.bin.rar,JIKEAP_AX2022MQ_MT7621_K4_EPORT_7.2_2022112300.bin.rar,6180212,929579845d5766dcd0fbbe9df1f6fc0b,2022,20221123,集客AP_MTK_MIPS
2022/20221123/集客AP_MTK_MIPS/JIKEAP_AX2022_MT7621_K4_EPORT_7.2_2022112300.bin.rar,JIKEAP_AX2022_MT7621_K4_EPORT_7.2_2022112300.bin.rar,6914910,1d6691eb46fb6ecb9e702f670271d48c,2022,20221123,集客AP_MTK_MIPS
2022/20221123/集客AP_MTK_MIPS/JIKEAP_AX3000AM_MT7981_K5_WIFI6_3000M_7.2_2022112300.bin.rar,JIKEAP_AX3000AM_MT7981_K5_WIFI6_3000M_7.2_2022112300.bin.rar,11348229,595779da7216388504023a1ba7259a1d,2022,20221123,集客AP_MTK_MIPS
2022/20221123/集客AP_MTK_MIPS/JIKEAP_XB1200G_MT7621_K4_EPORT_7.2_2022112300.bin.rar,JIKEAP_XB1200G_MT7621_K4_EPORT_7.2_2022112300.bin.rar,5795868,4bfc35b5e11096f1c6c0ca3e22cd4028,2022,20221123,集客AP_MTK_MIPS
2022/20221123/集客AP_MTK_MIPS/JIKEAP_XB790SF_MT7621_K4_EPORT_7.2_2022112300.bin.rar,JIKEAP_XB790SF_MT7621_K4_EPORT_7.2_2022112300.bin.rar,6091622,05c2184b4cc86bc94a370c1542a0ed2d,2022,20221123,集客AP_MTK_MIPS
2022/20221123/集客AP_MTK_MIPS/说明_2.txt,说明_2.txt,7638,1f7b7d5ad891b41a38fa99113470af8b,2022,20221123,集客AP_MTK_MIPS
2022/20221123/集客AP_高通_ARM/JIKEAP_AC58U_IPQ40XX_1000M_IPQ4018_FREE_7.2_2022112300.bin.rar,JIKEAP_AC58U_IPQ40XX_1000M_IPQ4018_FREE_7.2_2022112300.bin.rar,11868507,8b9821ecaa34908a48cc21b554714cfd,2022,20221123,集客AP_高通_ARM
2022/20221123/集客AP_高通_ARM/JIKEAP_AC58U_IPQ40XX_7.2_2022112300_opboot.bin.rar,JIKEAP_AC58U_IPQ40XX_7.2_2022112300_opboot.bin.rar,11867038,1f95517b1a6630babafd8eb97c257d93,2022,20221123,集客AP_高通_ARM
2022/20221123/集客AP_高通_ARM/JIKEAP_ACRH17_IPQ40XX_1000M_QCA9984_HT160_EPORT_FREE_7.2_2022112300.bin.rar,JIKEAP_ACRH17_IPQ40XX_1000M_QCA9984_HT160_EPORT_FREE_7.2_2022112300.bin.rar,13776808,89a39fcab8e310684d1fedb0f5d1c0b0,2022,20221123,集客AP_高通_ARM
2022/20221123/集客AP_高通_ARM/JIKEAP_ACRH17_IPQ40XX_7.2_2022112300_opboot.bin.rar,JIKEAP_ACRH17_IPQ40XX_7.2_2022112300_opboot.bin.rar,13777081,8173b44e3ac30d6e0d9c4d9d8c49d822,2022,20221123,集客AP_高通_ARM
2022/20221123/集客AP_高通_ARM/JIKEAP_AP118L_IPQ40XX_1000M_EPORT_7.2_2022112300.bin.rar,JIKEAP_AP118L_IPQ40XX_1000M_EPORT_7.2_2022112300.bin.rar,13526771,fcbf937701b0224d48de8eac1477a2ee,2022,20221123,集客AP_高通_ARM
2022/20221123/集客AP_高通_ARM/JIKEAP_AP268F-H_IPQ40XX_7.2_2022112300.bin.rar,JIKEAP_AP268F-H_IPQ40XX_7.2_2022112300.bin.rar,13683706,0abeef50c2d32f7a69fea872231e6812,2022,20221123,集客AP_高通_ARM
2022/20221123/集客AP_高通_ARM/JIKEAP_AP268F-IoT_IPQ40XX_7.2_2022112300.bin.rar,JIKEAP_AP268F-IoT_IPQ40XX_7.2_2022112300.bin.rar,13516109,0d840a6ed0901331f432e7a9992f0a31,2022,20221123,集客AP_高通_ARM
2022/20221123/集客AP_高通_ARM/JIKEAP_AP269X-HG_IPQ40XX_1000M_7.2_2022112300.bin.rar,JIKEAP_AP269X-HG_IPQ40XX_1000M_7.2_2022112300.bin.rar,13526686,e44b4d7d6fc8d6fe65dec6dfb04ff691,2022,20221123,集客AP_高通_ARM
2022/20221123/集客AP_高通_ARM/JIKEAP_AP285F-H_IPQ40XX_1000M_7.2_2022112300.bin.rar,JIKEAP_AP285F-H_IPQ40XX_1000M_7.2_2022112300.bin.rar,13528482,5ac3b6affcc025c557e36df24680e184,2022,20221123,集客AP_高通_ARM
2022/20221123/集客AP_高通_ARM/JIKEAP_AP285KY-H_IPQ40XX_7.2_2022112300.bin.rar,JIKEAP_AP285KY-H_IPQ40XX_7.2_2022112300.bin.rar,13422851,a226119653281a2466b0948efcc2acd5,2022,20221123,集客AP_高通_ARM
2022/20221123/集客AP_高通_ARM/JIKEAP_AP320F-H_IPQ40XX_1000M_3RADIO_7.2_2022112300.bin.rar,JIKEAP_AP320F-H_IPQ40XX_1000M_3RADIO_7.2_2022112300.bin.rar,13498402,b3f9d1949831fa0b4b891d8219def386,2022,20221123,集客AP_高通_ARM
2022/20221123/集客AP_高通_ARM/JIKEAP_AP320KY-H_IPQ40XX_7.2_2022112300.bin.rar,JIKEAP_AP320KY-H_IPQ40XX_7.2_2022112300.bin.rar,13617062,6eead8e3bdc5f0e28d092d8f221898fa,2022,20221123,集客AP_高通_ARM
2022/20221123/集客AP_高通_ARM/JIKEAP_AP320KYRUS_IPQ40XX_7.2_2022112300.bin.rar,JIKEAP_AP320KYRUS_IPQ40XX_7.2_2022112300.bin.rar,13616939,16962cf30a0a2fae7fbc05c5d57a7828,2022,20221123,集客AP_高通_ARM
2022/20221123/集客AP_高通_ARM/JIKEAP_AP320Y-H_IPQ40XX_1000M_3RADIO_7.2_2022112300.bin.rar,JIKEAP_AP320Y-H_IPQ40XX_1000M_3RADIO_7.2_2022112300.bin.rar,13529580,5c87be363ab4cb396eef978407e88eea,2022,20221123,集客AP_高通_ARM
2022/20221123/集客AP_高通_ARM/JIKEAP_AP330F-H_IPQ40XX_1000M_3RADIO_HT160_7.2_2022112300.bin.rar,JIKEAP_AP330F-H_IPQ40XX_1000M_3RADIO_HT160_7.2_2022112300.bin.rar,13498147,9771d3cb3e19017594810f011f766f44,2022,20221123,集客AP_高通_ARM
2022/20221123/集客AP_高通_ARM/JIKEAP_AP386X_IPQ40XX_1000M_3RADIO_7.2_2022112300.bin.rar,JIKEAP_AP386X_IPQ40XX_1000M_3RADIO_7.2_2022112300.bin.rar,13527810,799b53cdc4cecf01bfa1b936427e8121,2022,20221123,集客AP_高通_ARM
2022/20221123/集客AP_高通_ARM/JIKEAP_AX1800F_IPQ60XX_1000M_WIFI6_7.2_2022112300.bin.rar,JIKEAP_AX1800F_IPQ60XX_1000M_WIFI6_7.2_2022112300.bin.rar,12502639,8997029f28c8c5330deceb8091b5a5e5,2022,20221123,集客AP_高通_ARM
2022/20221123/集客AP_高通_ARM/JIKEAP_AX1800MI_IPQ60XX_1000M_WIFI6_FREE_7.2_2022112300.bin.rar,JIKEAP_AX1800MI_IPQ60XX_1000M_WIFI6_FREE_7.2_2022112300.bin.rar,12651621,65d4d48cbf76e943ecc9593209728451,2022,20221123,集客AP_高通_ARM
2022/20221123/集客AP_高通_ARM/JIKEAP_AX1800Y_IPQ60XX_7.2_2022112300.bin.rar,JIKEAP_AX1800Y_IPQ60XX_7.2_2022112300.bin.rar,12939388,f68fa76561b791fe36836c8ce1c2712e,2022,20221123,集客AP_高通_ARM
2022/20221123/集客AP_高通_ARM/JIKEAP_AX2180_IPQ60XX_1000M_WIFI6_7.2_2022112300.bin.rar,JIKEAP_AX2180_IPQ60XX_1000M_WIFI6_7.2_2022112300.bin.rar,14890839,48cfb23e2ac07d815a54b4a691b8b64e,2022,20221123,集客AP_高通_ARM
2022/20221123/集客AP_高通_ARM/JIKEAP_AX3000F_IPQ50XX_7.2_2022112300.bin.rar,JIKEAP_AX3000F_IPQ50XX_7.2_2022112300.bin.rar,13974822,8d7854f45c0070da541f23e82e353fdf,2022,20221123,集客AP_高通_ARM
2022/20221123/集客AP_高通_ARM/JIKEAP_AX3025F-SFP_IPQ50XX_SFP_7.2_2022112300.bin.rar,JIKEAP_AX3025F-SFP_IPQ50XX_SFP_7.2_2022112300.bin.rar,13991419,0fc80ad6a9560c96523fda5a0046eb87,2022,20221123,集客AP_高通_ARM
2022/20221123/集客AP_高通_ARM/JIKEAP_AX3025Y_IPQ807X_2500M_WIFI6_HT160_7.2_2022112300.bin.rar,JIKEAP_AX3025Y_IPQ807X_2500M_WIFI6_HT160_7.2_2022112300.bin.rar,15676987,74d888747ca6f736f2bbd08f83611ade,2022,20221123,集客AP_高通_ARM
2022/20221123/集客AP_高通_ARM/JIKEAP_AX3050KY_IPQ807X_5000M_WIFI6_HT160_7.2_2022112300.bin.rar,JIKEAP_AX3050KY_IPQ807X_5000M_WIFI6_HT160_7.2_2022112300.bin.rar,13359987,b369505b1d9ff73d800c03c964231568,2022,20221123,集客AP_高通_ARM
2022/20221123/集客AP_高通_ARM/JIKEAP_AX5400KY_IPQ50XX_7.2_2022112300.bin.rar,JIKEAP_AX5400KY_IPQ50XX_7.2_2022112300.bin.rar,14213957,fe3dac212e7d6ee62346fc1b208f96b2,2022,20221123,集客AP_高通_ARM
2022/20221123/集客AP_高通_ARM/JIKEAP_AX5RM_IPQ60XX_1000M_WIFI6_FREE_7.2_2022112300.bin.rar,JIKEAP_AX5RM_IPQ60XX_1000M_WIFI6_FREE_7.2_2022112300.bin.rar,12650144,99b33bd50ed7ac48ea8b438b77eba58a,2022,20221123,集客AP_高通_ARM
2022/20221123/集客AP_高通_ARM/JIKEAP_AX8180X_IPQ60XX_7.2_2022112300.bin.rar,JIKEAP_AX8180X_IPQ60XX_7.2_2022112300.bin.rar,12804735,1db5ecf5b1318edfd23dc9ad96af30f1,2022,20221123,集客AP_高通_ARM
2022/20221123/集客AP_高通_ARM/JIKEAP_AX8180Y_IPQ60XX_7.2_2022112300.bin.rar,JIKEAP_AX8180Y_IPQ60XX_7.2_2022112300.bin.rar,12941348,33e8911cecaf2bb120e27c4877868004,2022,20221123,集客AP_高通_ARM
2022/20221123/集客AP_高通_ARM/JIKEAP_AX8300A-SFP_IPQ50XX_7.2_2022112300.bin.rar,JIKEAP_AX8300A-SFP_IPQ50XX_7.2_2022112300.bin.rar,15930145,129d47522778ee712239d4f1938bf500,2022,20221123,集客AP_高通_ARM
2022/20221123/集客AP_高通_ARM/JIKEAP_AXR3100_IPQ40XX_1000M_QCA9984_HT160_EPORT_FREE_7.2_2022112300.bin.rar,JIKEAP_AXR3100_IPQ40XX_1000M_QCA9984_HT160_EPORT_FREE_7.2_2022112300.bin.rar,13759090,855a2ceb02f2ef09949ac75bcd6a1924,2022,20221123,集客AP_高通_ARM
2022/20221123/集客AP_高通_ARM/JIKEAP_CM520_IPQ40XX_1000M_NAND_EPORT_FREE_7.2_2022112300.bin.rar,JIKEAP_CM520_IPQ40XX_1000M_NAND_EPORT_FREE_7.2_2022112300.bin.rar,13799012,6a196825cac96955704782b4d47489f3,2022,20221123,集客AP_高通_ARM
2022/20221123/集客AP_高通_ARM/JIKEAP_CM520_IPQ40XX_7.2_2022112300_opboot.bin.rar,JIKEAP_CM520_IPQ40XX_7.2_2022112300_opboot.bin.rar,13794889,00721749dcc03a695837604c68c26f01,2022,20221123,集客AP_高通_ARM
2022/20221123/集客AP_高通_ARM/JIKEAP_EA1303_IPQ50XX_7.2_2022112300.bin.rar,JIKEAP_EA1303_IPQ50XX_7.2_2022112300.bin.rar,13941861,4ab4e82e9b57bc4216caa499a8e35e25,2022,20221123,集客AP_高通_ARM
2022/20221123/集客AP_高通_ARM/JIKEAP_HM1800_IPQ60XX_1000M_WIFI6_7.2_2022112300.bin.rar,JIKEAP_HM1800_IPQ60XX_1000M_WIFI6_7.2_2022112300.bin.rar,12848646,6bb027572f7b9082473d3ef8240d9ace,2022,20221123,集客AP_高通_ARM
2022/20221123/集客AP_高通_ARM/JIKEAP_N3000V_IPQ50XX_NAND_EPORT_FREE_7.2_2022112300.bin.rar,JIKEAP_N3000V_IPQ50XX_NAND_EPORT_FREE_7.2_2022112300.bin.rar,13381266,9f06fc98faf8451cf4e46c7fd5b89540,2022,20221123,集客AP_高通_ARM
2022/20221123/集客AP_高通_ARM/JIKEAP_N3000_IPQ50XX_NAND_FREE_7.2_2022112300.bin.rar,JIKEAP_N3000_IPQ50XX_NAND_FREE_7.2_2022112300.bin.rar,17065670,3cfe6c2340a3a70dae9150efa9cca986,2022,20221123,集客AP_高通_ARM
2022/20221123/集客AP_高通_ARM/JIKEAP_WIA3600_IPQ50XX_QCA8337_NAND_7.2_2022112300.bin.rar,JIKEAP_WIA3600_IPQ50XX_QCA8337_NAND_7.2_2022112300.bin.rar,13474207,6082b90cf964fd48ccbfd0fa90933400,2022,20221123,集客AP_高通_ARM
2022/20221123/集客AP_高通_ARM/JIKEAP_WP963_IPQ50XX_AR8033_NOR_7.2_2022112300.bin.rar,JIKEAP_WP963_IPQ50XX_AR8033_NOR_7.2_2022112300.bin.rar,12731114,4005adca48f4a0692e5ed9acf5428341,2022,20221123,集客AP_高通_ARM
2022/20221123/集客AP_高通_ARM/JIKEAP_WP973_IPQ50XX_NAND_7.2_2022112300.bin.rar,JIKEAP_WP973_IPQ50XX_NAND_7.2_2022112300.bin.rar,13969463,e97f75630495179923c5b4d7814ad516,2022,20221123,集客AP_高通_ARM
2022/20221123/集客AP_高通_ARM/JIKEAP_WP973_V0_IPQ50XX_NOR_NAND_7.2_2022112300.bin.rar,JIKEAP_WP973_V0_IPQ50XX_NOR_NAND_7.2_2022112300.bin.rar,13976283,9b877f6c8216eb9eee73690a860fd3f5,2022,20221123,集客AP_高通_ARM
2022/20221123/集客AP_高通_ARM/ubi-JIKEAP_AC58U.img,ubi-JIKEAP_AC58U.img,12845056,59d948af2c0fc7e2b51d4620d71bda45,2022,20221123,集客AP_高通_ARM
2022/20221123/集客AP_高通_ARM/ubi-JIKEAP_ACRH17.img,ubi-JIKEAP_ACRH17.img,14680064,f0dda7160cbb22d8ee0ee77222b8c177,2022,20221123,集客AP_高通_ARM
2022/20221123/集客AP_高通_ARM/ubi-JIKEAP_AX1800MI.img,ubi-JIKEAP_AX1800MI.img,13631488,328a6b95bc5fedca0cf099e73744c8ad,2022,20221123,集客AP_高通_ARM
2022/20221123/集客AP_高通_ARM/ubi-JIKEAP_AX5RM.img,ubi-JIKEAP_AX5RM.img,13631488,da806efd46bfe23fce7a2e709399a81b,2022,20221123,集客AP_高通_ARM
2022/20221123/集客AP_高通_ARM/ubi-JIKEAP_AXR3100.img,ubi-JIKEAP_AXR3100.img,14680064,08a68470366254b62a2a641552a7d9cd,2022,20221123,集客AP_高通_ARM
2022/20221123/集客AP_高通_ARM/ubi-JIKEAP_CM520.img,ubi-JIKEAP_CM520.img,14680064,61cae62b89345843d6b57f385051ccac,2022,20221123,集客AP_高通_ARM
2022/20221123/集客AP_高通_ARM/ubi-JIKEAP_N3000.img,ubi-JIKEAP_N3000.img,18481152,0de1692fdca6a4dd7eda0084d77a66d5,2022,20221123,集客AP_高通_ARM
2022/20221123/集客AP_高通_ARM/说明.txt,说明.txt,7558,7703333ae4532278cd7da56e703184f0,2022,20221123,集客AP_高通_ARM
2022/20221123/集客AP_高通_MIPS/JIKEAP_AP0141_QCA934X_1000M_FREE_7.2_2022112300.bin,JIKEAP_AP0141_QCA934X_1000M_FREE_7.2_2022112300.bin,6815818,2bf57bf8702aedcfeaf2f7a32273ace1,2022,20221123,集客AP_高通_MIPS
2022/20221123/集客AP_高通_MIPS/JIKEAP_AP110T_QCA933X_100M_EPORT_FREE_7.2_2022112300.bin,JIKEAP_AP110T_QCA933X_100M_EPORT_FREE_7.2_2022112300.bin,6225994,30b7ac8e349d28104bf4d944bb860b19,2022,20221123,集客AP_高通_MIPS
2022/20221123/集客AP_高通_MIPS/JIKEAP_AP112F_QCA953X_100M_16M_EPORT_7.2_2022112300.bin,JIKEAP_AP112F_QCA953X_100M_16M_EPORT_7.2_2022112300.bin,15749038,593f2946261e9e36f1b25c3ea0b0ab9a,2022,20221123,集客AP_高通_MIPS
2022/20221123/集客AP_高通_MIPS/JIKEAP_AP112Fv2_QCA953X_100M_8M_EPORT_7.2_2022112300.bin,JIKEAP_AP112Fv2_QCA953X_100M_8M_EPORT_7.2_2022112300.bin,7360511,a9fb86a33201e112efa3ec9fc7a53762,2022,20221123,集客AP_高通_MIPS
2022/20221123/集客AP_高通_MIPS/JIKEAP_AP112J_QCA953X_100M_EPORT_7.2_2022112300.bin,JIKEAP_AP112J_QCA953X_100M_EPORT_7.2_2022112300.bin,15749094,7c5c160fa20b651dd09c5a390850382d,2022,20221123,集客AP_高通_MIPS
2022/20221123/集客AP_高通_MIPS/JIKEAP_AP112Q_QCA934X_100M_EPORT_FREE_7.2_2022112300.bin,JIKEAP_AP112Q_QCA934X_100M_EPORT_FREE_7.2_2022112300.bin,7885177,f1380312b85ac3b0c8feee97b05fdc74,2022,20221123,集客AP_高通_MIPS
2022/20221123/集客AP_高通_MIPS/JIKEAP_AP112T_QCA953X_100M_EPORT_7.2_2022112300.bin,JIKEAP_AP112T_QCA953X_100M_EPORT_7.2_2022112300.bin,7360408,9fba487e5893b416e42387f5693917ce,2022,20221123,集客AP_高通_MIPS
2022/20221123/集客AP_高通_MIPS/JIKEAP_AP112Y_QCA953X_100M_EPORT_7.2_2022112300.bin,JIKEAP_AP112Y_QCA953X_100M_EPORT_7.2_2022112300.bin,15749092,36e2683893907559ded0eb42aa64ed72,2022,20221123,集客AP_高通_MIPS
2022/20221123/集客AP_高通_MIPS/JIKEAP_AP116F_QCA953X_100M_QCA9887_EPORT_7.2_2022112300.bin,JIKEAP_AP116F_QCA953X_100M_QCA9887_EPORT_7.2_2022112300.bin,15749019,844d4497a021b6a2893c20947521ba48,2022,20221123,集客AP_高通_MIPS
2022/20221123/集客AP_高通_MIPS/JIKEAP_AP116Q_QCA953X_100M_QCA9887_EPORT_7.2_2022112300.bin,JIKEAP_AP116Q_QCA953X_100M_QCA9887_EPORT_7.2_2022112300.bin,15748986,24f55cbc63a426258b3871ece1b06bce,2022,20221123,集客AP_高通_MIPS
2022/20221123/集客AP_高通_MIPS/JIKEAP_AP117Q_QCA956X_1000M_QCA9882_7.2_2022112300.bin,JIKEAP_AP117Q_QCA956X_1000M_QCA9882_7.2_2022112300.bin,15748948,e29f81a4b63b0eee465ed55464e9ebdf,2022,20221123,集客AP_高通_MIPS
2022/20221123/集客AP_高通_MIPS/JIKEAP_AP120_QCA934X_1000M_FREE_7.2_2022112300.bin,JIKEAP_AP120_QCA934X_1000M_FREE_7.2_2022112300.bin,14307205,a53298b849abf01115708b133d86fa9e,2022,20221123,集客AP_高通_MIPS
2022/20221123/集客AP_高通_MIPS/JIKEAP_AP126F_QCA953X_100M_8M_7.2_2022112300.bin,JIKEAP_AP126F_QCA953X_100M_8M_7.2_2022112300.bin,7360319,a0ad6c99df5774ebf52f492d02737ae7,2022,20221123,集客AP_高通_MIPS
2022/20221123/集客AP_高通_MIPS/JIKEAP_AP130F-H_QCA953X_100M_7.2_2022112300.bin,JIKEAP_AP130F-H_QCA953X_100M_7.2_2022112300.bin,15749061,5abe460daa3af1c3bae2ba5dcd8c4f94,2022,20221123,集客AP_高通_MIPS
2022/20221123/集客AP_高通_MIPS/JIKEAP_AP130T_QCA934X_100M_AR9341_FREE_7.2_2022112300.bin,JIKEAP_AP130T_QCA934X_100M_AR9341_FREE_7.2_2022112300.bin,6225994,1932bb6ffe4cdc18b62f0ff8d24cc3a4,2022,20221123,集客AP_高通_MIPS
2022/20221123/集客AP_高通_MIPS/JIKEAP_AP135T-H_QCA953X_100M_AR9341_7.2_2022112300.bin,JIKEAP_AP135T-H_QCA953X_100M_AR9341_7.2_2022112300.bin,7360351,8264143cd4c4071da0b921306043c967,2022,20221123,集客AP_高通_MIPS
2022/20221123/集客AP_高通_MIPS/JIKEAP_AP136Y-H_QCA953X_100M_7.2_2022112300.bin,JIKEAP_AP136Y-H_QCA953X_100M_7.2_2022112300.bin,15749127,206ae86c01e33e1e5542af7ef6e35bfa,2022,20221123,集客AP_高通_MIPS
2022/20221123/集客AP_高通_MIPS/JIKEAP_AP147_QCA953X_100M_QCA9887_FREE_7.2_2022112300.bin,JIKEAP_AP147_QCA953X_100M_QCA9887_FREE_7.2_2022112300.bin,15749022,b70df555d54504357409578b6fcb0dcf,2022,20221123,集客AP_高通_MIPS
2022/20221123/集客AP_高通_MIPS/JIKEAP_AP153Y-H_QCA953X_7.2_2022112300.bin,JIKEAP_AP153Y-H_QCA953X_7.2_2022112300.bin,15749134,8b349caa1a1aed3075b8499dc25d1a9b,2022,20221123,集客AP_高通_MIPS
2022/20221123/集客AP_高通_MIPS/JIKEAP_AP185W_QCA934X_7.2_2022112300.bin,JIKEAP_AP185W_QCA934X_7.2_2022112300.bin,7360448,0669b3669ef66037500caa5ad3fe6299,2022,20221123,集客AP_高通_MIPS
2022/20221123/集客AP_高通_MIPS/JIKEAP_AP220G_QCA956X_1000M_QCA9886_7.2_2022112300.bin,JIKEAP_AP220G_QCA956X_1000M_QCA9886_7.2_2022112300.bin,15749039,9d151695b73df7ab5ce95dc3ae9fca12,2022,20221123,集客AP_高通_MIPS
2022/20221123/集客AP_高通_MIPS/JIKEAP_AP222G_QCA956X_7.2_2022112300.bin,JIKEAP_AP222G_QCA956X_7.2_2022112300.bin,15748969,c76c1b9935d7207864c32cd86deb55d9,2022,20221123,集客AP_高通_MIPS
2022/20221123/集客AP_高通_MIPS/JIKEAP_AP223G_QCA956X_1000M_QCA9886_7.2_2022112300.bin,JIKEAP_AP223G_QCA956X_1000M_QCA9886_7.2_2022112300.bin,15749054,9751728da5da44562687c7784fe9d4d7,2022,20221123,集客AP_高通_MIPS
2022/20221123/集客AP_高通_MIPS/JIKEAP_AP260F-H_QCA953X_100M_QCA9887_7.2_2022112300.bin,JIKEAP_AP260F-H_QCA953X_100M_QCA9887_7.2_2022112300.bin,15749016,233cee43eed560b26d1a1d3332d9e02f,2022,20221123,集客AP_高通_MIPS
2022/20221123/集客AP_高通_MIPS/JIKEAP_AP260T-H_QCA953X_100M_AR9X82_7.2_2022112300.bin,JIKEAP_AP260T-H_QCA953X_100M_AR9X82_7.2_2022112300.bin,15749046,b4345d65d482d628ecbb6a1788ae2e56,2022,20221123,集客AP_高通_MIPS
2022/20221123/集客AP_高通_MIPS/JIKEAP_AP261Y-H_QCA953X_100M_QCA9887_7.2_2022112300.bin,JIKEAP_AP261Y-H_QCA953X_100M_QCA9887_7.2_2022112300.bin,15749145,2b744a86b30d514f56d25ab402fb6241,2022,20221123,集客AP_高通_MIPS
2022/20221123/集客AP_高通_MIPS/JIKEAP_AP262Y-H_QCA956X_1000M_QCA9882_7.2_2022112300.bin,JIKEAP_AP262Y-H_QCA956X_1000M_QCA9882_7.2_2022112300.bin,15748979,f46e18734d0367d6cbe0f4457848b98e,2022,20221123,集客AP_高通_MIPS
2022/20221123/集客AP_高通_MIPS/JIKEAP_AP263YS_QCA956X_1000M_QCA9880_7.2_2022112300.bin,JIKEAP_AP263YS_QCA956X_1000M_QCA9880_7.2_2022112300.bin,8388682,902d9829018caaa6cd831abfe4d3cac3,2022,20221123,集客AP_高通_MIPS
2022/20221123/集客AP_高通_MIPS/JIKEAP_AP266G-H_QCA955X_1000M_QCA9880_7.2_2022112300.bin,JIKEAP_AP266G-H_QCA955X_1000M_QCA9880_7.2_2022112300.bin,7995466,ade0aafcdff994eadd44b6ab3531d314,2022,20221123,集客AP_高通_MIPS
2022/20221123/集客AP_高通_MIPS/JIKEAP_AP267F-H_QCA956X_1000M_QCA9886_7.2_2022112300.bin,JIKEAP_AP267F-H_QCA956X_1000M_QCA9886_7.2_2022112300.bin,15748997,8147f1b8c6541a084325b45c531df27a,2022,20221123,集客AP_高通_MIPS
2022/20221123/集客AP_高通_MIPS/JIKEAP_AP267F-Hv2_QCA956X_1000M_QCA9886_7.2_2022112300.bin,JIKEAP_AP267F-Hv2_QCA956X_1000M_QCA9886_7.2_2022112300.bin,15748950,ef016250e567c9d30aeee81edc89dd9f,2022,20221123,集客AP_高通_MIPS
2022/20221123/集客AP_高通_MIPS/JIKEAP_AP267KY-H_QCA956X_1000M_QCA9886_7.2_2022112300.bin,JIKEAP_AP267KY-H_QCA956X_1000M_QCA9886_7.2_2022112300.bin,15748985,cf9a67bcd2eb992a9154742fd3472755,2022,20221123,集客AP_高通_MIPS
2022/20221123/集客AP_高通_MIPS/JIKEAP_AP280F-H_QCA953X_100M_QCA9887_7.2_2022112300.bin,JIKEAP_AP280F-H_QCA953X_100M_QCA9887_7.2_2022112300.bin,15749030,06f99dec12e6cc0e07fa75890a57bffd,2022,20221123,集客AP_高通_MIPS
2022/20221123/集客AP_高通_MIPS/JIKEAP_AP280Y-H_QCA953X_7.2_2022112300.bin,JIKEAP_AP280Y-H_QCA953X_7.2_2022112300.bin,15749055,f37adec6fa31c754a413b87259d1e66a,2022,20221123,集客AP_高通_MIPS
2022/20221123/集客AP_高通_MIPS/JIKEAP_AP281Y-H_QCA956X_7.2_2022112300.bin,JIKEAP_AP281Y-H_QCA956X_7.2_2022112300.bin,15749021,68687f3f18149a71ca83cc9379eab904,2022,20221123,集客AP_高通_MIPS
2022/20221123/集客AP_高通_MIPS/JIKEAP_AP281Y-Hv2_QCA956X_7.2_2022112300.bin,JIKEAP_AP281Y-Hv2_QCA956X_7.2_2022112300.bin,15749039,8cca6178b0b3dfb7c73a6f8ca0ae036e,2022,20221123,集客AP_高通_MIPS
2022/20221123/集客AP_高通_MIPS/JIKEAP_AP282T-H_QCA956X_7.2_2022112300.bin,JIKEAP_AP282T-H_QCA956X_7.2_2022112300.bin,15749117,7253b42282eb177ff35f15216aca4af2,2022,20221123,集客AP_高通_MIPS
2022/20221123/集客AP_高通_MIPS/JIKEAP_AP283Y-H_QCA956X_7.2_2022112300.bin,JIKEAP_AP283Y-H_QCA956X_7.2_2022112300.bin,15748960,fa76526c7475e5a049fc21a65664d373,2022,20221123,集客AP_高通_MIPS
2022/20221123/集客AP_高通_MIPS/JIKEAP_AP284Y-H_QCA956X_7.2_2022112300.bin,JIKEAP_AP284Y-H_QCA956X_7.2_2022112300.bin,15749021,187cabcda28631fe28cb968aa82023fe,2022,20221123,集客AP_高通_MIPS
2022/20221123/集客AP_高通_MIPS/JIKEAP_AP3513NA_QCA934X_7.2_2022112300.bin,JIKEAP_AP3513NA_QCA934X_7.2_2022112300.bin,7360736,d98968a350003126fbd1f4d15a20995a,2022,20221123,集客AP_高通_MIPS
2022/20221123/集客AP_高通_MIPS/JIKEAP_AP49_QCA953X_7.2_2022112300.bin,JIKEAP_AP49_QCA953X_7.2_2022112300.bin,15748982,8cd0585f508d96c068833d8b10bcf874,2022,20221123,集客AP_高通_MIPS
2022/20221123/集客AP_高通_MIPS/JIKEAP_AP630_QCA953X_100M_EPORT_7.2_2022112300.bin,JIKEAP_AP630_QCA953X_100M_EPORT_7.2_2022112300.bin,15749049,6fd0510aa7795e03325e346b157227c7,2022,20221123,集客AP_高通_MIPS
2022/20221123/集客AP_高通_MIPS/JIKEAP_AP630v2_QCA953X_100M_EPORT_7.2_2022112300.bin,JIKEAP_AP630v2_QCA953X_100M_EPORT_7.2_2022112300.bin,7360436,8f994e95ee5ddea4924a920269862b82,2022,20221123,集客AP_高通_MIPS
2022/20221123/集客AP_高通_MIPS/JIKEAP_AP675_QCA953X_100M_EPORT_7.2_2022112300.bin,JIKEAP_AP675_QCA953X_100M_EPORT_7.2_2022112300.bin,15749089,26a2d4c3169aa1d3fcf357182ba598cf,2022,20221123,集客AP_高通_MIPS
2022/20221123/集客AP_高通_MIPS/JIKEAP_AP830H_QCA953X_100M_7.2_2022112300.bin,JIKEAP_AP830H_QCA953X_100M_7.2_2022112300.bin,15748906,cfb867f8a632b63dadd2be7d718d1d28,2022,20221123,集客AP_高通_MIPS
2022/20221123/集客AP_高通_MIPS/JIKEAP_AP875H_QCA953X_100M_QCA9887_7.2_2022112300.bin,JIKEAP_AP875H_QCA953X_100M_QCA9887_7.2_2022112300.bin,15748992,b9c4c6fcc7a65224ab1a56efb3a2989b,2022,20221123,集客AP_高通_MIPS
2022/20221123/集客AP_高通_MIPS/JIKEAP_AP9344_35P0_QCA934X_1000M_FREE_7.2_2022112300.bin,JIKEAP_AP9344_35P0_QCA934X_1000M_FREE_7.2_2022112300.bin,15748931,bf7d5da2ee7311ffc2b8b123d7847758,2022,20221123,集客AP_高通_MIPS
2022/20221123/集客AP_高通_MIPS/JIKEAP_AP9344_35P4_QCA934X_1000M_FREE_7.2_2022112300.bin,JIKEAP_AP9344_35P4_QCA934X_1000M_FREE_7.2_2022112300.bin,15749005,4669aebb972a5fbd3a4e8317675e4410,2022,20221123,集客AP_高通_MIPS
2022/20221123/集客AP_高通_MIPS/JIKEAP_AP9344_8327_QCA934X_1000M_FREE_7.2_2022112300.bin,JIKEAP_AP9344_8327_QCA934X_1000M_FREE_7.2_2022112300.bin,6225994,61572c39a3a834e4ae13778c95a7b386,2022,20221123,集客AP_高通_MIPS
2022/20221123/集客AP_高通_MIPS/JIKEAP_AP9344_M100_QCA934X_100M_FREE_7.2_2022112300.bin,JIKEAP_AP9344_M100_QCA934X_100M_FREE_7.2_2022112300.bin,15748881,e83f33b34a32ee07c2fcb21be222dbc6,2022,20221123,集客AP_高通_MIPS
2022/20221123/集客AP_高通_MIPS/JIKEAP_AP9344_RTL_QCA934X_1000M_FREE_7.2_2022112300.bin,JIKEAP_AP9344_RTL_QCA934X_1000M_FREE_7.2_2022112300.bin,15749001,ad8f0fe69815461ceb56320770edaa60,2022,20221123,集客AP_高通_MIPS
2022/20221123/集客AP_高通_MIPS/JIKEAP_AP941_QCA953X_100M_FREE_7.2_2022112300.bin,JIKEAP_AP941_QCA953X_100M_FREE_7.2_2022112300.bin,6225994,106d0fe327b5b1c8bb1d8e495db0c24c,2022,20221123,集客AP_高通_MIPS
2022/20221123/集客AP_高通_MIPS/JIKEAP_AP9558V_QCA955X_1000M_QCA9880_LEEEL_FREE_7.2_2022112300.bin,JIKEAP_AP9558V_QCA955X_1000M_QCA9880_LEEEL_FREE_7.2_2022112300.bin,15749027,d4039aaad134de719a356d6af5ec6cc7,2022,20221123,集客AP_高通_MIPS
2022/20221123/集客AP_高通_MIPS/JIKEAP_AP9558_QCA955X_1000M_QCA9880_FREE_7.2_2022112300.bin,JIKEAP_AP9558_QCA955X_1000M_QCA9880_FREE_7.2_2022112300.bin,15749001,3b18c89c43d01fc7f8cc1aea3321c809,2022,20221123,集客AP_高通_MIPS
2022/20221123/集客AP_高通_MIPS/JIKEAP_ARIMA2210_QCA934X_EPORT_7.2_2022112300.bin,JIKEAP_ARIMA2210_QCA934X_EPORT_7.2_2022112300.bin,6422602,1a69b5582193a028b36843036f0da406,2022,20221123,集客AP_高通_MIPS
2022/20221123/集客AP_高通_MIPS/JIKEAP_FX-2ac_QCA956X_7.2_2022112300.bin,JIKEAP_FX-2ac_QCA956X_7.2_2022112300.bin,7929930,de0fcc555e445632029678de76bc8fd6,2022,20221123,集客AP_高通_MIPS
2022/20221123/集客AP_高通_MIPS/JIKEAP_K2T_QCA956X_1000M_QCA9886_FREE_7.2_2022112300.bin,JIKEAP_K2T_QCA956X_1000M_QCA9886_FREE_7.2_2022112300.bin,7733322,4974c9f2ef04f2979a496f6340995573,2022,20221123,集客AP_高通_MIPS
2022/20221123/集客AP_高通_MIPS/JIKEAP_MI100_QCA934X_100M_FREE_7.2_2022112300.bin,JIKEAP_MI100_QCA934X_100M_FREE_7.2_2022112300.bin,7425824,3aec3c8671cdccc935903b90221d8487,2022,20221123,集客AP_高通_MIPS
2022/20221123/集客AP_高通_MIPS/JIKEAP_WPJ563_QCA956X_1000M_QCA9880_7.2_2022112300.bin,JIKEAP_WPJ563_QCA956X_1000M_QCA9880_7.2_2022112300.bin,8454218,737e85b572a75f401f383ea5b641fdf8,2022,20221123,集客AP_高通_MIPS
2022/20221123/集客AP_高通_MIPS/JIKEAP_XD102_QCA953X_7.2_2022112300.bin,JIKEAP_XD102_QCA953X_7.2_2022112300.bin,6881354,84ebc21fbdcbc8e7ad2772c4b0ce5807,2022,20221123,集客AP_高通_MIPS
2022/20221123/集客AP_高通_MIPS/JIKEAP_XD1202G_QCA956X_7.2_2022112300.bin,JIKEAP_XD1202G_QCA956X_7.2_2022112300.bin,15748986,30af2de879345fc8a7b30a4105efc1c1,2022,20221123,集客AP_高通_MIPS
2022/20221123/集客AP_高通_MIPS/说明_2.txt,说明_2.txt,7558,7703333ae4532278cd7da56e703184f0,2022,20221123,集客AP_高通_MIPS
2022/K2TS集客AP固件/JIKEAP_K2TS_QCA956X_1000M_QCA9886_FREE_6.3_2020122300.bin,JIKEAP_K2TS_QCA956X_1000M_QCA9886_FREE_6.3_2020122300.bin,7143498,e43e0f55cfb0ce4d0386898296c056f6,2022,K2TS集客AP固件,K2TS集客AP固件
2022/K2TS集客AP固件/JIKEAP_K2TS_QCA956X_1000M_QCA9886_FREE_7.0_2021082800.bin.img,JIKEAP_K2TS_QCA956X_1000M_QCA9886_FREE_7.0_2021082800.bin.img,7471178,9250dd3c2d681b462f4ace0ea9090939,2022,K2TS集客AP固件,K2TS集客AP固件
2022/K2TS集客AP固件/JIKEAP_K2TS_QCA956X_1000M_QCA9886_FREE_7.1_2022050700.bin,JIKEAP_K2TS_QCA956X_1000M_QCA9886_FREE_7.1_2022050700.bin,7602250,fff19fd07045d2b330d04f6b07d2514e,2022,K2TS集客AP固件,K2TS集客AP固件
2022/K2TS集客AP固件/JIKEAP_K2TS_QCA956X_1000M_QCA9886_FREE_7.2_2022112300.bin,JIKEAP_K2TS_QCA956X_1000M_QCA9886_FREE_7.2_2022112300.bin,7733322,06ad82e2ffcd9a583a9d96c1c1a0eb69,2022,K2TS集客AP固件,K2TS集客AP固件
2022/K2TS集客AP固件/JIKEAP_K2TS_QCA956X_1000M_QCA9886_FREE_7.2_2023021900.bin,JIKEAP_K2TS_QCA956X_1000M_QCA9886_FREE_7.2_2023021900.bin,7536714,c1fc5bf23568e6c9409c975e8e712ada,2022,K2TS集客AP固件,K2TS集客AP固件
2023/20231030/集客无线AP_MTK_ARM/JIKEAP_AP250MD_MT7981_K5_NAND_UBI_AUTO_FREE_7.5_2023103000.bin.rar,JIKEAP_AP250MD_MT7981_K5_NAND_UBI_AUTO_FREE_7.5_2023103000.bin.rar,10876091,f973b2710f3ffd62dba3f48a555f99c6,2023,20231030,集客无线AP_MTK_ARM
2023/20231030/集客无线AP_MTK_ARM/JIKEAP_AP250_MT7981_K5_WIFI6_3000M_FREE_7.5_2023103000.bin.rar,JIKEAP_AP250_MT7981_K5_WIFI6_3000M_FREE_7.5_2023103000.bin.rar,10749507,374200b586de84c8f5999cf160697a24,2023,20231030,集客无线AP_MTK_ARM
2023/20231030/集客无线AP_MTK_ARM/JIKEAP_AX2030FM_MT7981_K5_7.5_2023103000.bin.rar,JIKEAP_AX2030FM_MT7981_K5_7.5_2023103000.bin.rar,10729506,328157d9da0d228f0e8a55752965a72f,2023,20231030,集客无线AP_MTK_ARM
2023/20231030/集客无线AP_MTK_ARM/JIKEAP_AX3000AMX_MT7981_K5_WIFI6_3000M_2_5G_7.5_2023103000.bin.rar,JIKEAP_AX3000AMX_MT7981_K5_WIFI6_3000M_2_5G_7.5_2023103000.bin.rar,10727779,0127fddbf6cc5f625a9bbce24ef2cb11,2023,20231030,集客无线AP_MTK_ARM
2023/20231030/集客无线AP_MTK_ARM/JIKEAP_AX3000AM_MT7981_K5_WIFI6_3000M_7.5_2023103000.bin.rar,JIKEAP_AX3000AM_MT7981_K5_WIFI6_3000M_7.5_2023103000.bin.rar,10742813,c809e21800abe44f1d57c001d17a7519,2023,20231030,集客无线AP_MTK_ARM
2023/20231030/集客无线AP_MTK_ARM/JIKEAP_AX3025FM_MT7981_K5_7.5_2023103000.bin.rar,JIKEAP_AX3025FM_MT7981_K5_7.5_2023103000.bin.rar,10728816,a47ea41c649850eb3f8a857c9bcb8481,2023,20231030,集客无线AP_MTK_ARM
2023/20231030/集客无线AP_MTK_ARM/JIKEAP_FAPM3001_MT7981_K5_7.5_2023103000.bin.rar,JIKEAP_FAPM3001_MT7981_K5_7.5_2023103000.bin.rar,10728288,73e403665e023b7754ea18ce0b692f69,2023,20231030,集客无线AP_MTK_ARM
2023/20231030/集客无线AP_MTK_ARM/release_notes.txt,release_notes.txt,6572,9d835f5d5c018c0069639324a9239492,2023,20231030,集客无线AP_MTK_ARM
2023/20231030/集客无线AP_MTK_MIPS/JIKEAP_AP107IOT_MT7620_K4_EPORT_7.5_2023103000.bin.rar,JIKEAP_AP107IOT_MT7620_K4_EPORT_7.5_2023103000.bin.rar,5758951,0951238d08dfbc85f031fba6c3538a3c,2023,20231030,集客无线AP_MTK_MIPS
2023/20231030/集客无线AP_MTK_MIPS/JIKEAP_AP110F_MT7628_K4_EPORT_7.5_2023103000.bin.rar,JIKEAP_AP110F_MT7628_K4_EPORT_7.5_2023103000.bin.rar,4879665,d646150653e5154dd0725eac90c59b01,2023,20231030,集客无线AP_MTK_MIPS
2023/20231030/集客无线AP_MTK_MIPS/JIKEAP_AP118A_MT7628_K4_EPORT_7.5_2023103000.bin.rar,JIKEAP_AP118A_MT7628_K4_EPORT_7.5_2023103000.bin.rar,6468489,d93bb070e7d190a86bed3bae9afddf4c,2023,20231030,集客无线AP_MTK_MIPS
2023/20231030/集客无线AP_MTK_MIPS/JIKEAP_AP118F_AP118F0_MT7628_K4_EPORT_7.5_2023103000.bin.rar,JIKEAP_AP118F_AP118F0_MT7628_K4_EPORT_7.5_2023103000.bin.rar,6468559,0385b74271e641ac1c2883b8d35d13f8,2023,20231030,集客无线AP_MTK_MIPS
2023/20231030/集客无线AP_MTK_MIPS/JIKEAP_AP118F_MT7628_K4_EPORT_7.5_2023103000.bin.rar,JIKEAP_AP118F_MT7628_K4_EPORT_7.5_2023103000.bin.rar,6468891,d0abccda4b95738de0585aec18b4ff90,2023,20231030,集客无线AP_MTK_MIPS
2023/20231030/集客无线AP_MTK_MIPS/JIKEAP_AP118Y_MT7628_K4_EPORT_7.5_2023103000.bin.rar,JIKEAP_AP118Y_MT7628_K4_EPORT_7.5_2023103000.bin.rar,6468759,913113c02c6c78729a978dbd8201265f,2023,20231030,集客无线AP_MTK_MIPS
2023/20231030/集客无线AP_MTK_MIPS/JIKEAP_AP210G_MT7620_K4_EPORT_7.5_2023103000.bin.rar,JIKEAP_AP210G_MT7620_K4_EPORT_7.5_2023103000.bin.rar,6526213,a17a59f4ab14b02c27b0b697b523e265,2023,20231030,集客无线AP_MTK_MIPS
2023/20231030/集客无线AP_MTK_MIPS/JIKEAP_AP212-L_AP212L_MT7621_K4_EPORT_7.5_2023103000.bin.rar,JIKEAP_AP212-L_AP212L_MT7621_K4_EPORT_7.5_2023103000.bin.rar,6026543,20092707898a555ad646b9dda27c4188,2023,20231030,集客无线AP_MTK_MIPS
2023/20231030/集客无线AP_MTK_MIPS/JIKEAP_AP212G_AP212G0_MT7621_K4_EPORT_7.5_2023103000.bin.rar,JIKEAP_AP212G_AP212G0_MT7621_K4_EPORT_7.5_2023103000.bin.rar,6026378,1e67bb51f74bf0718fe9f980bc2b8269,2023,20231030,集客无线AP_MTK_MIPS
2023/20231030/集客无线AP_MTK_MIPS/JIKEAP_AP212G_MT7621_K4_EPORT_7.5_2023103000.bin.rar,JIKEAP_AP212G_MT7621_K4_EPORT_7.5_2023103000.bin.rar,6026834,1a801cfdda7af664ce30628a1d742366,2023,20231030,集客无线AP_MTK_MIPS
2023/20231030/集客无线AP_MTK_MIPS/JIKEAP_AP213G_MT7620_K4_EPORT_7.5_2023103000.bin.rar,JIKEAP_AP213G_MT7620_K4_EPORT_7.5_2023103000.bin.rar,6175825,a0aa4b52f35db1f98f1d3cd7c4cd5023,2023,20231030,集客无线AP_MTK_MIPS
2023/20231030/集客无线AP_MTK_MIPS/JIKEAP_AP216G_MT7621_K4_EPORT_7.5_2023103000.bin.rar,JIKEAP_AP216G_MT7621_K4_EPORT_7.5_2023103000.bin.rar,7000233,08d047a91c644797848d507c4350776a,2023,20231030,集客无线AP_MTK_MIPS
2023/20231030/集客无线AP_MTK_MIPS/JIKEAP_AP230EP_MT7620_K4_EPORT_FREE_7.5_2023103000.bin.rar,JIKEAP_AP230EP_MT7620_K4_EPORT_FREE_7.5_2023103000.bin.rar,6816229,42e2b83f2465041f57b6203beb5eda5e,2023,20231030,集客无线AP_MTK_MIPS
2023/20231030/集客无线AP_MTK_MIPS/JIKEAP_AP230G_MT7620_K4_RTL_EPORT_FREE_7.5_2023103000.bin.rar,JIKEAP_AP230G_MT7620_K4_RTL_EPORT_FREE_7.5_2023103000.bin.rar,6816234,e2bc51e205a688ccbf6c33b88fe78be5,2023,20231030,集客无线AP_MTK_MIPS
2023/20231030/集客无线AP_MTK_MIPS/JIKEAP_AP230IP_MT7620_K4_EPORT_FREE_7.5_2023103000.bin.rar,JIKEAP_AP230IP_MT7620_K4_EPORT_FREE_7.5_2023103000.bin.rar,6816229,c3730935e098c810ec581ff01ccdbaab,2023,20231030,集客无线AP_MTK_MIPS
2023/20231030/集客无线AP_MTK_MIPS/JIKEAP_AP238AN_MT7628_K4_LEEEL_EPORT_FREE_7.5_2023103000.bin.rar,JIKEAP_AP238AN_MT7628_K4_LEEEL_EPORT_FREE_7.5_2023103000.bin.rar,7087664,008a5c0a3ce26b88115e4745260b8a88,2023,20231030,集客无线AP_MTK_MIPS
2023/20231030/集客无线AP_MTK_MIPS/JIKEAP_AP238IOT_MT7628_K4_LEEEL_EPORT_FREE_7.5_2023103000.bin.rar,JIKEAP_AP238IOT_MT7628_K4_LEEEL_EPORT_FREE_7.5_2023103000.bin.rar,7913206,b67f841c3420a100023e510d5349d5f2,2023,20231030,集客无线AP_MTK_MIPS
2023/20231030/集客无线AP_MTK_MIPS/JIKEAP_AP238MQ_MT7628_K4_LEEEL_EPORT_7.5_2023103000.bin.rar,JIKEAP_AP238MQ_MT7628_K4_LEEEL_EPORT_7.5_2023103000.bin.rar,7178110,858ba86fb4668b03afc29b3c4219e2ba,2023,20231030,集客无线AP_MTK_MIPS
2023/20231030/集客无线AP_MTK_MIPS/JIKEAP_AP240P_MT7621_K4_SWITCH_LEEEE_EPORT_FREE_7.5_2023103000.bin.rar,JIKEAP_AP240P_MT7621_K4_SWITCH_LEEEE_EPORT_FREE_7.5_2023103000.bin.rar,4981247,72093277122238134df450764b4150e3,2023,20231030,集客无线AP_MTK_MIPS
2023/20231030/集客无线AP_MTK_MIPS/JIKEAP_AP240SFP_MT7621_K4_SWITCH_LEEEE_FREE_7.5_2023103000.bin.rar,JIKEAP_AP240SFP_MT7621_K4_SWITCH_LEEEE_FREE_7.5_2023103000.bin.rar,4981241,d85ddbce0e87999ce84c40665b733982,2023,20231030,集客无线AP_MTK_MIPS
2023/20231030/集客无线AP_MTK_MIPS/JIKEAP_AP242P_MT7621_K4_LLLLL_64M_FREE_7.5_2023103000.bin.rar,JIKEAP_AP242P_MT7621_K4_LLLLL_64M_FREE_7.5_2023103000.bin.rar,7340525,f2940e633f082b39d074d24507c19c04,2023,20231030,集客无线AP_MTK_MIPS
2023/20231030/集客无线AP_MTK_MIPS/JIKEAP_AP246HI_MT7621_K4_1000_FREE_7.5_2023103000.bin.rar,JIKEAP_AP246HI_MT7621_K4_1000_FREE_7.5_2023103000.bin.rar,7570076,a62b1a837e5bd6030e766788c755b16b,2023,20231030,集客无线AP_MTK_MIPS
2023/20231030/集客无线AP_MTK_MIPS/JIKEAP_AP246P_MT7621_K4_MT7603_MT7615N_FREE_7.5_2023103000.bin.rar,JIKEAP_AP246P_MT7621_K4_MT7603_MT7615N_FREE_7.5_2023103000.bin.rar,8383546,91985a9b2ceb65d1433fd627552871b6,2023,20231030,集客无线AP_MTK_MIPS
2023/20231030/集客无线AP_MTK_MIPS/JIKEAP_AP24_MT7621_K4_LEEEL_EPORT_FREE_7.5_2023103000.bin.rar,JIKEAP_AP24_MT7621_K4_LEEEL_EPORT_FREE_7.5_2023103000.bin.rar,7352851,f2fae23667ed503cab5e6aae4fbd609b,2023,20231030,集客无线AP_MTK_MIPS
2023/20231030/集客无线AP_MTK_MIPS/JIKEAP_AP261F-H_AP261F-H0_MT7621_K4_7.5_2023103000.bin.rar,JIKEAP_AP261F-H_AP261F-H0_MT7621_K4_7.5_2023103000.bin.rar,6023740,05c81792f157cea3bf0f7965d37ca353,2023,20231030,集客无线AP_MTK_MIPS
2023/20231030/集客无线AP_MTK_MIPS/JIKEAP_AP261F-H_MT7621_K4_7.5_2023103000.bin.rar,JIKEAP_AP261F-H_MT7621_K4_7.5_2023103000.bin.rar,6024331,c02a151a02316c61d0d90ab1b08ae5ff,2023,20231030,集客无线AP_MTK_MIPS
2023/20231030/集客无线AP_MTK_MIPS/JIKEAP_AP601_MT7620_K4_LEEEE_EPORT_FREE_7.5_2023103000.bin.rar,JIKEAP_AP601_MT7620_K4_LEEEE_EPORT_FREE_7.5_2023103000.bin.rar,4937311,db8091cc25722f0a9652fe6ea75ad9e4,2023,20231030,集客无线AP_MTK_MIPS
2023/20231030/集客无线AP_MTK_MIPS/JIKEAP_AX1800B_MT7621_K4_EPORT_7.5_2023103000.bin.rar,JIKEAP_AX1800B_MT7621_K4_EPORT_7.5_2023103000.bin.rar,6326795,8f72adb50094006a4ce22b71b2a61cbf,2023,20231030,集客无线AP_MTK_MIPS
2023/20231030/集客无线AP_MTK_MIPS/JIKEAP_AX1800FM_AX1800FM0_MT7621_K4_7.5_2023103000.bin.rar,JIKEAP_AX1800FM_AX1800FM0_MT7621_K4_7.5_2023103000.bin.rar,6326092,97f80a40a4cc81610679946cd6cfd756,2023,20231030,集客无线AP_MTK_MIPS
2023/20231030/集客无线AP_MTK_MIPS/JIKEAP_AX1800FM_MT7621_K4_7.5_2023103000.bin.rar,JIKEAP_AX1800FM_MT7621_K4_7.5_2023103000.bin.rar,6328614,9a09b43ce7f83b127b1ec31f0ce34af7,2023,20231030,集客无线AP_MTK_MIPS
2023/20231030/集客无线AP_MTK_MIPS/JIKEAP_AX1800H_MT7621_K4_MT7915DN_WIFI6_NAND_FREE_7.5_2023103000.bin.rar,JIKEAP_AX1800H_MT7621_K4_MT7915DN_WIFI6_NAND_FREE_7.5_2023103000.bin.rar,6546091,2f4baf315fd4745c18c14b40e21c55a4,2023,20231030,集客无线AP_MTK_MIPS
2023/20231030/集客无线AP_MTK_MIPS/JIKEAP_AX1800IoT_AX1800IOT_MT7621_K4_7.5_2023103000.bin.rar,JIKEAP_AX1800IoT_AX1800IOT_MT7621_K4_7.5_2023103000.bin.rar,7151922,bc5455d69a59f2f401d66a0975e1f76f,2023,20231030,集客无线AP_MTK_MIPS
2023/20231030/集客无线AP_MTK_MIPS/JIKEAP_AX1800S_MT7621_K4_MT7915DN_WIFI6_7.5_2023103000.bin.rar,JIKEAP_AX1800S_MT7621_K4_MT7915DN_WIFI6_7.5_2023103000.bin.rar,6326151,2ad0147472e845dd8fdb2e65cd980cf8,2023,20231030,集客无线AP_MTK_MIPS
2023/20231030/集客无线AP_MTK_MIPS/JIKEAP_AX2018-GPON_AX2018GP_MT7621_K4_EPORT_7.5_2023103000.bin.rar,JIKEAP_AX2018-GPON_AX2018GP_MT7621_K4_EPORT_7.5_2023103000.bin.rar,6326554,eaa8e22de4dd8f46a000acdb2a92d174,2023,20231030,集客无线AP_MTK_MIPS
2023/20231030/集客无线AP_MTK_MIPS/JIKEAP_AX2018FTR_MT7621_K4_EPORT_7.5_2023103000.bin.rar,JIKEAP_AX2018FTR_MT7621_K4_EPORT_7.5_2023103000.bin.rar,6326252,5d86a1d9369076a6f291c9400026b271,2023,20231030,集客无线AP_MTK_MIPS
2023/20231030/集客无线AP_MTK_MIPS/JIKEAP_AX2020_MT7621_K4_EPORT_7.5_2023103000.bin.rar,JIKEAP_AX2020_MT7621_K4_EPORT_7.5_2023103000.bin.rar,6326720,c1b88a9770c3a1e3207a36757b47482f,2023,20231030,集客无线AP_MTK_MIPS
2023/20231030/集客无线AP_MTK_MIPS/JIKEAP_AX2021_0AX2021_MT7621_K4_EPORT_7.5_2023103000.bin.rar,JIKEAP_AX2021_0AX2021_MT7621_K4_EPORT_7.5_2023103000.bin.rar,6326296,3c95efc51be42bdcac2a7411558becc2,2023,20231030,集客无线AP_MTK_MIPS
2023/20231030/集客无线AP_MTK_MIPS/JIKEAP_AX2021_MT7621_K4_EPORT_7.5_2023103000.bin.rar,JIKEAP_AX2021_MT7621_K4_EPORT_7.5_2023103000.bin.rar,6329359,9c12452c080f53caf22cb6649e0d1fe9,2023,20231030,集客无线AP_MTK_MIPS
2023/20231030/集客无线AP_MTK_MIPS/JIKEAP_AX2022MQ_MT7621_K4_EPORT_7.5_2023103000.bin.rar,JIKEAP_AX2022MQ_MT7621_K4_EPORT_7.5_2023103000.bin.rar,6417220,a4f9afdaba815b30630476a57c9da4a8,2023,20231030,集客无线AP_MTK_MIPS
2023/20231030/集客无线AP_MTK_MIPS/JIKEAP_AX2022_MT7621_K4_EPORT_7.5_2023103000.bin.rar,JIKEAP_AX2022_MT7621_K4_EPORT_7.5_2023103000.bin.rar,7151267,d58205df481eac7c5440e7a25b525f28,2023,20231030,集客无线AP_MTK_MIPS
2023/20231030/集客无线AP_MTK_MIPS/JIKEAP_XB1200G_MT7621_K4_EPORT_7.5_2023103000.bin.rar,JIKEAP_XB1200G_MT7621_K4_EPORT_7.5_2023103000.bin.rar,6026996,aac9185438408091295b1a5744fa31cb,2023,20231030,集客无线AP_MTK_MIPS
2023/20231030/集客无线AP_MTK_MIPS/JIKEAP_XB790SF_MT7621_K4_EPORT_7.5_2023103000.bin.rar,JIKEAP_XB790SF_MT7621_K4_EPORT_7.5_2023103000.bin.rar,6326717,68828aea10ca673ebfbf895f5019123c,2023,20231030,集客无线AP_MTK_MIPS
2023/20231030/集客无线AP_MTK_MIPS/release_notes.txt,release_notes.txt,6572,9d835f5d5c018c0069639324a9239492,2023,20231030,集客无线AP_MTK_MIPS
2023/20231030/集客无线AP_QCA_ARM/JIKEAP_AC58U_IPQ40XX_1000M_IPQ4018_FREE_7.5_2023103000.bin.rar,JIKEAP_AC58U_IPQ40XX_1000M_IPQ4018_FREE_7.5_2023103000.bin.rar,11824602,0fbb4d52da90f4d32128a6f67febe1b2,2023,20231030,集客无线AP_QCA_ARM
2023/20231030/集客无线AP_QCA_ARM/JIKEAP_AC58U_IPQ40XX_7.5_2023103000_opboot.bin.rar,JIKEAP_AC58U_IPQ40XX_7.5_2023103000_opboot.bin.rar,11824356,f12e1f90d584c7de27bcfa710dac9c28,2023,20231030,集客无线AP_QCA_ARM
2023/20231030/集客无线AP_QCA_ARM/JIKEAP_ACRH17_IPQ40XX_1000M_QCA9984_HT160_EPORT_FREE_7.5_2023103000.bin.rar,JIKEAP_ACRH17_IPQ40XX_1000M_QCA9984_HT160_EPORT_FREE_7.5_2023103000.bin.rar,13732484,4517b3f4587f621847bb709f0cad1087,2023,20231030,集客无线AP_QCA_ARM
2023/20231030/集客无线AP_QCA_ARM/JIKEAP_ACRH17_IPQ40XX_7.5_2023103000_opboot.bin.rar,JIKEAP_ACRH17_IPQ40XX_7.5_2023103000_opboot.bin.rar,13733548,dbb7ba21ec1a35703764fd821386bb92,2023,20231030,集客无线AP_QCA_ARM
2023/20231030/集客无线AP_QCA_ARM/JIKEAP_AP118L_IPQ40XX_1000M_EPORT_7.5_2023103000.bin.rar,JIKEAP_AP118L_IPQ40XX_1000M_EPORT_7.5_2023103000.bin.rar,13479487,1c4d34b26e168b9ba06cd5ad70cc6686,2023,20231030,集客无线AP_QCA_ARM
2023/20231030/集客无线AP_QCA_ARM/JIKEAP_AP268F-H_IPQ40XX_7.5_2023103000.bin.rar,JIKEAP_AP268F-H_IPQ40XX_7.5_2023103000.bin.rar,13627349,21e5d64fbc99c3d9281c6045a43b727c,2023,20231030,集客无线AP_QCA_ARM
2023/20231030/集客无线AP_QCA_ARM/JIKEAP_AP268F-IoT_AP268IOT_IPQ40XX_7.5_2023103000.bin.rar,JIKEAP_AP268F-IoT_AP268IOT_IPQ40XX_7.5_2023103000.bin.rar,13465963,6a58d5e7a511ac5f23d489918f008923,2023,20231030,集客无线AP_QCA_ARM
2023/20231030/集客无线AP_QCA_ARM/JIKEAP_AP269X-HG_IPQ40XX_1000M_7.5_2023103000.bin.rar,JIKEAP_AP269X-HG_IPQ40XX_1000M_7.5_2023103000.bin.rar,13479534,a17bd273d7283cf07d90f12929f38325,2023,20231030,集客无线AP_QCA_ARM
2023/20231030/集客无线AP_QCA_ARM/JIKEAP_AP285F-H_IPQ40XX_1000M_7.5_2023103000.bin.rar,JIKEAP_AP285F-H_IPQ40XX_1000M_7.5_2023103000.bin.rar,13480833,6fd519ab3b98d5feaa8a6a14ca2b0ea3,2023,20231030,集客无线AP_QCA_ARM
2023/20231030/集客无线AP_QCA_ARM/JIKEAP_AP285KY-H_IPQ40XX_7.5_2023103000.bin.rar,JIKEAP_AP285KY-H_IPQ40XX_7.5_2023103000.bin.rar,13375690,df2804ead827f2264da28b2a938e1766,2023,20231030,集客无线AP_QCA_ARM
2023/20231030/集客无线AP_QCA_ARM/JIKEAP_AP320F-H_IPQ40XX_1000M_3RADIO_7.5_2023103000.bin.rar,JIKEAP_AP320F-H_IPQ40XX_1000M_3RADIO_7.5_2023103000.bin.rar,13446674,03974e600da7c7c9b74429dc60a5e1d9,2023,20231030,集客无线AP_QCA_ARM
2023/20231030/集客无线AP_QCA_ARM/JIKEAP_AP320KY-H_IPQ40XX_7.5_2023103000.bin.rar,JIKEAP_AP320KY-H_IPQ40XX_7.5_2023103000.bin.rar,13563044,da2dd13c5137ea150f0c774fb395489d,2023,20231030,集客无线AP_QCA_ARM
2023/20231030/集客无线AP_QCA_ARM/JIKEAP_AP320KYRUS_IPQ40XX_7.5_2023103000.bin.rar,JIKEAP_AP320KYRUS_IPQ40XX_7.5_2023103000.bin.rar,13563276,d1b9faef2e9f156fb450fd4c2c7aaef7,2023,20231030,集客无线AP_QCA_ARM
2023/20231030/集客无线AP_QCA_ARM/JIKEAP_AP320Y-H_IPQ40XX_1000M_3RADIO_7.5_2023103000.bin.rar,JIKEAP_AP320Y-H_IPQ40XX_1000M_3RADIO_7.5_2023103000.bin.rar,13481099,2e4e22962294e9bf180bffb1f7bdd243,2023,20231030,集客无线AP_QCA_ARM
2023/20231030/集客无线AP_QCA_ARM/JIKEAP_AP320YRUS_IPQ40XX_1000M_3RADIO_7.5_2023103000.bin.rar,JIKEAP_AP320YRUS_IPQ40XX_1000M_3RADIO_7.5_2023103000.bin.rar,13481307,117c8deff9b990c19846831ef1b959b6,2023,20231030,集客无线AP_QCA_ARM
2023/20231030/集客无线AP_QCA_ARM/JIKEAP_AP330F-H_IPQ40XX_1000M_3RADIO_HT160_7.5_2023103000.bin.rar,JIKEAP_AP330F-H_IPQ40XX_1000M_3RADIO_HT160_7.5_2023103000.bin.rar,13446525,689cd4bdd043bcee86a2e94972577c1c,2023,20231030,集客无线AP_QCA_ARM
2023/20231030/集客无线AP_QCA_ARM/JIKEAP_AP386X_IPQ40XX_1000M_3RADIO_7.5_2023103000.bin.rar,JIKEAP_AP386X_IPQ40XX_1000M_3RADIO_7.5_2023103000.bin.rar,13481206,cd886fb7f91a0a770c640064cd591445,2023,20231030,集客无线AP_QCA_ARM
2023/20231030/集客无线AP_QCA_ARM/JIKEAP_AX1800F_IPQ60XX_1000M_WIFI6_7.5_2023103000.bin.rar,JIKEAP_AX1800F_IPQ60XX_1000M_WIFI6_7.5_2023103000.bin.rar,12434701,cd5a511199e729e6f8ce780259f6123e,2023,20231030,集客无线AP_QCA_ARM
2023/20231030/集客无线AP_QCA_ARM/JIKEAP_AX1800Y_IPQ60XX_7.5_2023103000.bin.rar,JIKEAP_AX1800Y_IPQ60XX_7.5_2023103000.bin.rar,12725913,26322f5ef749b775c79396491b99f0c1,2023,20231030,集客无线AP_QCA_ARM
2023/20231030/集客无线AP_QCA_ARM/JIKEAP_AX1801-MESH_AX1801MESH_IPQ60XX_7.5_2023103000.bin.rar,JIKEAP_AX1801-MESH_AX1801MESH_IPQ60XX_7.5_2023103000.bin.rar,15057538,8ca1f4acea36947b9828cdde1aeb4494,2023,20231030,集客无线AP_QCA_ARM
2023/20231030/集客无线AP_QCA_ARM/JIKEAP_AX2030A_IPQ50XX_EPORT_7.5_2023103000.bin.rar,JIKEAP_AX2030A_IPQ50XX_EPORT_7.5_2023103000.bin.rar,13435166,24ebc16f00e8eeed3d8d1c14a92d77d9,2023,20231030,集客无线AP_QCA_ARM
2023/20231030/集客无线AP_QCA_ARM/JIKEAP_AX2034W_IPQ50XX_EPORT_7.5_2023103000.bin.rar,JIKEAP_AX2034W_IPQ50XX_EPORT_7.5_2023103000.bin.rar,13946352,2f31e7e4f9ec83f8e89f9bcf548ffc72,2023,20231030,集客无线AP_QCA_ARM
2023/20231030/集客无线AP_QCA_ARM/JIKEAP_AX2180_IPQ60XX_1000M_WIFI6_7.5_2023103000.bin.rar,JIKEAP_AX2180_IPQ60XX_1000M_WIFI6_7.5_2023103000.bin.rar,14840691,6ab03e0687834811813b491538407a18,2023,20231030,集客无线AP_QCA_ARM
2023/20231030/集客无线AP_QCA_ARM/JIKEAP_AX3000F-SFP_AX3000FX_IPQ50XX_SFP_7.5_2023103000.bin.rar,JIKEAP_AX3000F-SFP_AX3000FX_IPQ50XX_SFP_7.5_2023103000.bin.rar,13938692,ef5a279da198ea8d2ef6d3e02b948b6c,2023,20231030,集客无线AP_QCA_ARM
2023/20231030/集客无线AP_QCA_ARM/JIKEAP_AX3000FY_IPQ50XX_7.5_2023103000.bin.rar,JIKEAP_AX3000FY_IPQ50XX_7.5_2023103000.bin.rar,13925291,a441bdaf04ee8ac141479df381577da3,2023,20231030,集客无线AP_QCA_ARM
2023/20231030/集客无线AP_QCA_ARM/JIKEAP_AX3000F_IPQ50XX_7.5_2023103000.bin.rar,JIKEAP_AX3000F_IPQ50XX_7.5_2023103000.bin.rar,13924632,6c5fe8e56ffa25d02f75ec5ff3defd1b,2023,20231030,集客无线AP_QCA_ARM
2023/20231030/集客无线AP_QCA_ARM/JIKEAP_AX3001-MESH_AX3001MESH_IPQ50XX_7.5_2023103000.bin.rar,JIKEAP_AX3001-MESH_AX3001MESH_IPQ50XX_7.5_2023103000.bin.rar,15879564,f46a3aa47a6c55dff88146bfc90bb76f,2023,20231030,集客无线AP_QCA_ARM
2023/20231030/集客无线AP_QCA_ARM/JIKEAP_AX3025Y_IPQ807X_2500M_WIFI6_HT160_7.5_2023103000.bin.rar,JIKEAP_AX3025Y_IPQ807X_2500M_WIFI6_HT160_7.5_2023103000.bin.rar,15617553,9ce036557c929238e16821d4d31095c0,2023,20231030,集客无线AP_QCA_ARM
2023/20231030/集客无线AP_QCA_ARM/JIKEAP_AX3050KY_IPQ807X_5000M_WIFI6_HT160_7.5_2023103000.bin.rar,JIKEAP_AX3050KY_IPQ807X_5000M_WIFI6_HT160_7.5_2023103000.bin.rar,13306532,62060cff2616c9546f102115510f4a4b,2023,20231030,集客无线AP_QCA_ARM
2023/20231030/集客无线AP_QCA_ARM/JIKEAP_AX5400KY_IPQ50XX_7.5_2023103000.bin.rar,JIKEAP_AX5400KY_IPQ50XX_7.5_2023103000.bin.rar,14166108,64da0e0ca5f6731d99f7ea7570534314,2023,20231030,集客无线AP_QCA_ARM
2023/20231030/集客无线AP_QCA_ARM/JIKEAP_AX5425Y-3-RU_AX5425Y3RU_IPQ50XX_7.5_2023103000.bin.rar,JIKEAP_AX5425Y-3-RU_AX5425Y3RU_IPQ50XX_7.5_2023103000.bin.rar,13952748,d2c1cfcb53518739cbfda742e2bf897c,2023,20231030,集客无线AP_QCA_ARM
2023/20231030/集客无线AP_QCA_ARM/JIKEAP_AX5RM_IPQ60XX_1000M_WIFI6_FREE_7.5_2023103000.bin.rar,JIKEAP_AX5RM_IPQ60XX_1000M_WIFI6_FREE_7.5_2023103000.bin.rar,12597804,a6024d235a4c061b152eb8a5682953aa,2023,20231030,集客无线AP_QCA_ARM
2023/20231030/集客无线AP_QCA_ARM/JIKEAP_AX8180X_IPQ60XX_7.5_2023103000.bin.rar,JIKEAP_AX8180X_IPQ60XX_7.5_2023103000.bin.rar,12749624,2c832898ced84880c2036e6647452975,2023,20231030,集客无线AP_QCA_ARM
2023/20231030/集客无线AP_QCA_ARM/JIKEAP_AX8180Y_IPQ60XX_7.5_2023103000.bin.rar,JIKEAP_AX8180Y_IPQ60XX_7.5_2023103000.bin.rar,12885584,3b87b1516ada4a5723350c197e60f984,2023,20231030,集客无线AP_QCA_ARM
2023/20231030/集客无线AP_QCA_ARM/JIKEAP_AX8300A-SFP_AX8300ASFP_IPQ50XX_7.5_2023103000.bin.rar,JIKEAP_AX8300A-SFP_AX8300ASFP_IPQ50XX_7.5_2023103000.bin.rar,13932007,bd329d189acefe36ae479414272e9eac,2023,20231030,集客无线AP_QCA_ARM
2023/20231030/集客无线AP_QCA_ARM/JIKEAP_AX8300A-SFP_IPQ50XX_7.5_2023103000.bin.rar,JIKEAP_AX8300A-SFP_IPQ50XX_7.5_2023103000.bin.rar,13926425,1c7250ba14c2fdbfa986eaf742481090,2023,20231030,集客无线AP_QCA_ARM
2023/20231030/集客无线AP_QCA_ARM/JIKEAP_AX8301L_IPQ50XX_7.5_2023103000.bin.rar,JIKEAP_AX8301L_IPQ50XX_7.5_2023103000.bin.rar,13926419,48bfc7bbdadbefc57efda268b161365a,2023,20231030,集客无线AP_QCA_ARM
2023/20231030/集客无线AP_QCA_ARM/JIKEAP_B3000_IPQ50XX_AR8033_NOR32_EPORT_FREE_7.5_2023103000.bin.rar,JIKEAP_B3000_IPQ50XX_AR8033_NOR32_EPORT_FREE_7.5_2023103000.bin.rar,13082419,30975d3a54fce02ed1bda75dc8f67d1a,2023,20231030,集客无线AP_QCA_ARM
2023/20231030/集客无线AP_QCA_ARM/JIKEAP_CM520_IPQ40XX_1000M_NAND_EPORT_FREE_7.5_2023103000.bin.rar,JIKEAP_CM520_IPQ40XX_1000M_NAND_EPORT_FREE_7.5_2023103000.bin.rar,13753335,b82c7aa0aec67d7585e2d9e5e90fb013,2023,20231030,集客无线AP_QCA_ARM
2023/20231030/集客无线AP_QCA_ARM/JIKEAP_CM520_IPQ40XX_7.5_2023103000_opboot.bin.rar,JIKEAP_CM520_IPQ40XX_7.5_2023103000_opboot.bin.rar,13749900,b334cf0c6d117a7d7d35dc6b24587b61,2023,20231030,集客无线AP_QCA_ARM
2023/20231030/集客无线AP_QCA_ARM/JIKEAP_EA1303_IPQ50XX_7.5_2023103000.bin.rar,JIKEAP_EA1303_IPQ50XX_7.5_2023103000.bin.rar,14157727,692ba1d848c2feb4ef3636acc91bcfcb,2023,20231030,集客无线AP_QCA_ARM
2023/20231030/集客无线AP_QCA_ARM/JIKEAP_HM1800_IPQ60XX_1000M_WIFI6_7.5_2023103000.bin.rar,JIKEAP_HM1800_IPQ60XX_1000M_WIFI6_7.5_2023103000.bin.rar,12793722,1234c203cbe8f8e5e18f69b22fab7d61,2023,20231030,集客无线AP_QCA_ARM
2023/20231030/集客无线AP_QCA_ARM/JIKEAP_N3000_IPQ50XX_NAND_FREE_7.5_2023103000.bin.rar,JIKEAP_N3000_IPQ50XX_NAND_FREE_7.5_2023103000.bin.rar,13343164,2822c65dfc70bf3eb912a1d14c4b4b46,2023,20231030,集客无线AP_QCA_ARM
2023/20231030/集客无线AP_QCA_ARM/JIKEAP_WIA3600_IPQ50XX_QCA8337_NAND_7.5_2023103000.bin.rar,JIKEAP_WIA3600_IPQ50XX_QCA8337_NAND_7.5_2023103000.bin.rar,13427457,8702d44cdc86f5b0607f38626bf856c8,2023,20231030,集客无线AP_QCA_ARM
2023/20231030/集客无线AP_QCA_ARM/JIKEAP_WP963_IPQ50XX_AR8033_NOR16_EPORT_7.5_2023103000.bin.rar,JIKEAP_WP963_IPQ50XX_AR8033_NOR16_EPORT_7.5_2023103000.bin.rar,12723872,60ab58a31235fa769017630bc92347cc,2023,20231030,集客无线AP_QCA_ARM
2023/20231030/集客无线AP_QCA_ARM/JIKEAP_WP973_IPQ50XX_NAND_7.5_2023103000.bin.rar,JIKEAP_WP973_IPQ50XX_NAND_7.5_2023103000.bin.rar,13927051,a3d6509e6535b48bd8c5468fbcee5426,2023,20231030,集客无线AP_QCA_ARM
2023/20231030/集客无线AP_QCA_ARM/JIKEAP_WP973_V0_IPQ50XX_NOR_NAND_7.5_2023103000.bin.rar,JIKEAP_WP973_V0_IPQ50XX_NOR_NAND_7.5_2023103000.bin.rar,13926905,4b2324e96b88d16fac706fd34280c0c5,2023,20231030,集客无线AP_QCA_ARM
2023/20231030/集客无线AP_QCA_ARM/release_notes.txt,release_notes.txt,5872,08cf46955c1acc70c1935dfe6efcc48b,2023,20231030,集客无线AP_QCA_ARM
2023/20231030/集客无线AP_QCA_ARM/ubi-JIKEAP_AC58U.img,ubi-JIKEAP_AC58U.img,12845056,183e957f726ab01266dd9f89a30d7e23,2023,20231030,集客无线AP_QCA_ARM
2023/20231030/集客无线AP_QCA_ARM/ubi-JIKEAP_ACRH17.img,ubi-JIKEAP_ACRH17.img,14680064,2a0054217893f6d299c5f67762811936,2023,20231030,集客无线AP_QCA_ARM
2023/20231030/集客无线AP_QCA_ARM/ubi-JIKEAP_AX5RM.img,ubi-JIKEAP_AX5RM.img,13631488,c604d159091343255260ee72e780767c,2023,20231030,集客无线AP_QCA_ARM
2023/20231030/集客无线AP_QCA_ARM/ubi-JIKEAP_CM520.img,ubi-JIKEAP_CM520.img,14680064,728e3232bce6c48bec1f39d7fe3574af,2023,20231030,集客无线AP_QCA_ARM
2023/20231030/集客无线AP_QCA_ARM/ubi-JIKEAP_N3000.img,ubi-JIKEAP_N3000.img,14548992,cab79b7864e5f97c8816d8ff159d9585,2023,20231030,集客无线AP_QCA_ARM
2023/20231030/集客无线AP_QCA_MIPS/JIKEAP_AP0141_QCA934X_1000M_7.5_2023103000.bin.rar,JIKEAP_AP0141_QCA934X_1000M_7.5_2023103000.bin.rar,6507390,4d353aac1dd21feeba76fafeb02b5da4,2023,20231030,集客无线AP_QCA_MIPS
2023/20231030/集客无线AP_QCA_MIPS/JIKEAP_AP110T_QCA933X_100M_EPORT_FREE_7.5_2023103000.bin.rar,JIKEAP_AP110T_QCA933X_100M_EPORT_FREE_7.5_2023103000.bin.rar,6506768,3ed62b10f01c6e4a702a9e0dc71e7da0,2023,20231030,集客无线AP_QCA_MIPS
2023/20231030/集客无线AP_QCA_MIPS/JIKEAP_AP112F_QCA953X_100M_16M_EPORT_7.5_2023103000.bin.rar,JIKEAP_AP112F_QCA953X_100M_16M_EPORT_7.5_2023103000.bin.rar,6508707,19d229b79f41ca75a86cd8d722b929dc,2023,20231030,集客无线AP_QCA_MIPS
2023/20231030/集客无线AP_QCA_MIPS/JIKEAP_AP112Fv2_AP112FV2_QCA953X_100M_8M_EPORT_7.5_2023103000.bin.rar,JIKEAP_AP112Fv2_AP112FV2_QCA953X_100M_8M_EPORT_7.5_2023103000.bin.rar,6507380,c8ff2c7f9aa8ae2fa8502e6e46bbea9d,2023,20231030,集客无线AP_QCA_MIPS
2023/20231030/集客无线AP_QCA_MIPS/JIKEAP_AP112J_QCA953X_100M_EPORT_7.5_2023103000.bin.rar,JIKEAP_AP112J_QCA953X_100M_EPORT_7.5_2023103000.bin.rar,6508664,21cbe743518d6dd5bebcbbea237948ae,2023,20231030,集客无线AP_QCA_MIPS
2023/20231030/集客无线AP_QCA_MIPS/JIKEAP_AP112Q_QCA934X_100M_EPORT_7.5_2023103000.bin.rar,JIKEAP_AP112Q_QCA934X_100M_EPORT_7.5_2023103000.bin.rar,6507670,d43b1d5bbc8b6612ae23a3ef07fb26f7,2023,20231030,集客无线AP_QCA_MIPS
2023/20231030/集客无线AP_QCA_MIPS/JIKEAP_AP112T_QCA953X_100M_EPORT_7.5_2023103000.bin.rar,JIKEAP_AP112T_QCA953X_100M_EPORT_7.5_2023103000.bin.rar,6507381,179446801b62efa5ba177c1b014fc75c,2023,20231030,集客无线AP_QCA_MIPS
2023/20231030/集客无线AP_QCA_MIPS/JIKEAP_AP112Y_QCA953X_100M_EPORT_7.5_2023103000.bin.rar,JIKEAP_AP112Y_QCA953X_100M_EPORT_7.5_2023103000.bin.rar,6508660,e81585909869813daf9ec5fe3f3f0838,2023,20231030,集客无线AP_QCA_MIPS
2023/20231030/集客无线AP_QCA_MIPS/JIKEAP_AP116F_QCA953X_100M_QCA9887_EPORT_7.5_2023103000.bin.rar,JIKEAP_AP116F_QCA953X_100M_QCA9887_EPORT_7.5_2023103000.bin.rar,6868012,d5a3ec6eb13b05ba23cd55b928f91673,2023,20231030,集客无线AP_QCA_MIPS
2023/20231030/集客无线AP_QCA_MIPS/JIKEAP_AP116Q_QCA953X_100M_QCA9887_EPORT_7.5_2023103000.bin.rar,JIKEAP_AP116Q_QCA953X_100M_QCA9887_EPORT_7.5_2023103000.bin.rar,6868129,29c76a9701da79ffbc680dd546655837,2023,20231030,集客无线AP_QCA_MIPS
2023/20231030/集客无线AP_QCA_MIPS/JIKEAP_AP117Q_QCA956X_1000M_QCA9882_7.5_2023103000.bin.rar,JIKEAP_AP117Q_QCA956X_1000M_QCA9882_7.5_2023103000.bin.rar,7667922,af4b59dc6715286ff8aba23309f4310c,2023,20231030,集客无线AP_QCA_MIPS
2023/20231030/集客无线AP_QCA_MIPS/JIKEAP_AP120_QCA934X_1000M_FREE_7.5_2023103000.bin.rar,JIKEAP_AP120_QCA934X_1000M_FREE_7.5_2023103000.bin.rar,6884534,6e55783cb6952db5bb43281a98dd8ee0,2023,20231030,集客无线AP_QCA_MIPS
2023/20231030/集客无线AP_QCA_MIPS/JIKEAP_AP126F_QCA953X_100M_8M_7.5_2023103000.bin.rar,JIKEAP_AP126F_QCA953X_100M_8M_7.5_2023103000.bin.rar,6507277,06b38b39202d59493fc8098967e725b8,2023,20231030,集客无线AP_QCA_MIPS
2023/20231030/集客无线AP_QCA_MIPS/JIKEAP_AP130F-H_QCA953X_100M_7.5_2023103000.bin.rar,JIKEAP_AP130F-H_QCA953X_100M_7.5_2023103000.bin.rar,6510526,d9cfc9baa89d6a9084ffb7efc51d1dc3,2023,20231030,集客无线AP_QCA_MIPS
2023/20231030/集客无线AP_QCA_MIPS/JIKEAP_AP130T_QCA934X_100M_AR9341_7.5_2023103000.bin.rar,JIKEAP_AP130T_QCA934X_100M_AR9341_7.5_2023103000.bin.rar,6507010,b4f21cbf9e0a7f321dc4bb5a87e8d9b5,2023,20231030,集客无线AP_QCA_MIPS
2023/20231030/集客无线AP_QCA_MIPS/JIKEAP_AP135T-H_QCA953X_100M_AR9341_7.5_2023103000.bin.rar,JIKEAP_AP135T-H_QCA953X_100M_AR9341_7.5_2023103000.bin.rar,6507220,d58cbdba2d4a9c534a561ec97abf4e95,2023,20231030,集客无线AP_QCA_MIPS
2023/20231030/集客无线AP_QCA_MIPS/JIKEAP_AP136Y-H_QCA953X_100M_7.5_2023103000.bin.rar,JIKEAP_AP136Y-H_QCA953X_100M_7.5_2023103000.bin.rar,6508702,20e33622aed8f26041d81e8bdece5449,2023,20231030,集客无线AP_QCA_MIPS
2023/20231030/集客无线AP_QCA_MIPS/JIKEAP_AP147_QCA953X_100M_QCA9887_FREE_7.5_2023103000.bin.rar,JIKEAP_AP147_QCA953X_100M_QCA9887_FREE_7.5_2023103000.bin.rar,7645716,e51433646b24823d91e90295332d012a,2023,20231030,集客无线AP_QCA_MIPS
2023/20231030/集客无线AP_QCA_MIPS/JIKEAP_AP153Y-H_QCA953X_7.5_2023103000.bin.rar,JIKEAP_AP153Y-H_QCA953X_7.5_2023103000.bin.rar,6508729,5f01e37964902c8dfe0f077751265b2e,2023,20231030,集客无线AP_QCA_MIPS
2023/20231030/集客无线AP_QCA_MIPS/JIKEAP_AP185W_QCA934X_7.5_2023103000.bin.rar,JIKEAP_AP185W_QCA934X_7.5_2023103000.bin.rar,6507265,8aefb0edeab86e8b9c31505abbf91686,2023,20231030,集客无线AP_QCA_MIPS
2023/20231030/集客无线AP_QCA_MIPS/JIKEAP_AP220G_AP220G_QCA956X_1000M_QCA9886_7.5_2023103000.bin.rar,JIKEAP_AP220G_AP220G_QCA956X_1000M_QCA9886_7.5_2023103000.bin.rar,7756554,02e1eec77d95966d969e560b26c6ab37,2023,20231030,集客无线AP_QCA_MIPS
2023/20231030/集客无线AP_QCA_MIPS/JIKEAP_AP222G_QCA956X_7.5_2023103000.bin.rar,JIKEAP_AP222G_QCA956X_7.5_2023103000.bin.rar,7756963,3732f1b49609f899db5c159ff215b74d,2023,20231030,集客无线AP_QCA_MIPS
2023/20231030/集客无线AP_QCA_MIPS/JIKEAP_AP223G_AP223G_QCA956X_1000M_QCA9886_7.5_2023103000.bin.rar,JIKEAP_AP223G_AP223G_QCA956X_1000M_QCA9886_7.5_2023103000.bin.rar,7733933,d29c7aec03614becd0e71af0b5908791,2023,20231030,集客无线AP_QCA_MIPS
2023/20231030/集客无线AP_QCA_MIPS/JIKEAP_AP260F-H_QCA953X_100M_QCA9887_7.5_2023103000.bin.rar,JIKEAP_AP260F-H_QCA953X_100M_QCA9887_7.5_2023103000.bin.rar,6869637,512290fca5e8005f8ad3e47c54a110d3,2023,20231030,集客无线AP_QCA_MIPS
2023/20231030/集客无线AP_QCA_MIPS/JIKEAP_AP260T-H_QCA953X_100M_AR9X82_7.5_2023103000.bin.rar,JIKEAP_AP260T-H_QCA953X_100M_AR9X82_7.5_2023103000.bin.rar,6508608,4ecc6621029729ac421f4fed3c9d94af,2023,20231030,集客无线AP_QCA_MIPS
2023/20231030/集客无线AP_QCA_MIPS/JIKEAP_AP261Y-H_QCA953X_100M_QCA9887_7.5_2023103000.bin.rar,JIKEAP_AP261Y-H_QCA953X_100M_QCA9887_7.5_2023103000.bin.rar,6867960,9f22b8efa57bf7544350f62d72c9ad4a,2023,20231030,集客无线AP_QCA_MIPS
2023/20231030/集客无线AP_QCA_MIPS/JIKEAP_AP262Y-H_QCA956X_1000M_QCA9882_7.5_2023103000.bin.rar,JIKEAP_AP262Y-H_QCA956X_1000M_QCA9882_7.5_2023103000.bin.rar,7667932,c396aa35eea3c2ab013ee7386443d327,2023,20231030,集客无线AP_QCA_MIPS
2023/20231030/集客无线AP_QCA_MIPS/JIKEAP_AP263YS_QCA956X_1000M_QCA9880_7.5_2023103000.bin.rar,JIKEAP_AP263YS_QCA956X_1000M_QCA9880_7.5_2023103000.bin.rar,8020246,4c8be8e57462f1be1186567a4d69db86,2023,20231030,集客无线AP_QCA_MIPS
2023/20231030/集客无线AP_QCA_MIPS/JIKEAP_AP266G-H_QCA955X_1000M_QCA9880_7.5_2023103000.bin.rar,JIKEAP_AP266G-H_QCA955X_1000M_QCA9880_7.5_2023103000.bin.rar,7666868,a6042574f171b9a49998748c7dc38ae6,2023,20231030,集客无线AP_QCA_MIPS
2023/20231030/集客无线AP_QCA_MIPS/JIKEAP_AP267F-H_QCA956X_1000M_QCA9886_7.5_2023103000.bin.rar,JIKEAP_AP267F-H_QCA956X_1000M_QCA9886_7.5_2023103000.bin.rar,7756654,690c421f8c6de6b9b0eaedcdcd03be73,2023,20231030,集客无线AP_QCA_MIPS
2023/20231030/集客无线AP_QCA_MIPS/JIKEAP_AP267F-Hv2_AP267F-HV2_QCA956X_1000M_QCA9886_7.5_2023103000.bin.rar,JIKEAP_AP267F-Hv2_AP267F-HV2_QCA956X_1000M_QCA9886_7.5_2023103000.bin.rar,7756593,edcde579e038ddf18955a36bd5dd3bc4,2023,20231030,集客无线AP_QCA_MIPS
2023/20231030/集客无线AP_QCA_MIPS/JIKEAP_AP267KY-H_QCA956X_1000M_QCA9886_7.5_2023103000.bin.rar,JIKEAP_AP267KY-H_QCA956X_1000M_QCA9886_7.5_2023103000.bin.rar,7756553,8dc1264de94466e9d8a8f51d41a59166,2023,20231030,集客无线AP_QCA_MIPS
2023/20231030/集客无线AP_QCA_MIPS/JIKEAP_AP280F-H_QCA953X_100M_QCA9887_7.5_2023103000.bin.rar,JIKEAP_AP280F-H_QCA953X_100M_QCA9887_7.5_2023103000.bin.rar,6869635,f3fafa5c15252ef77b2338f8cab0f8c5,2023,20231030,集客无线AP_QCA_MIPS
2023/20231030/集客无线AP_QCA_MIPS/JIKEAP_AP280Y-H_QCA953X_7.5_2023103000.bin.rar,JIKEAP_AP280Y-H_QCA953X_7.5_2023103000.bin.rar,6868014,3bd5dbe226fff97b531b51999fd395d7,2023,20231030,集客无线AP_QCA_MIPS
2023/20231030/集客无线AP_QCA_MIPS/JIKEAP_AP281Y-H_AP281YV2_QCA956X_7.5_2023103000.bin.rar,JIKEAP_AP281Y-H_AP281YV2_QCA956X_7.5_2023103000.bin.rar,7756838,c64063f4183fc6b50c96c0f590ca7483,2023,20231030,集客无线AP_QCA_MIPS
2023/20231030/集客无线AP_QCA_MIPS/JIKEAP_AP281Y-H_QCA956X_7.5_2023103000.bin.rar,JIKEAP_AP281Y-H_QCA956X_7.5_2023103000.bin.rar,7759848,f27ca9f16dc82fd9f605aa63bcc2ad49,2023,20231030,集客无线AP_QCA_MIPS
2023/20231030/集客无线AP_QCA_MIPS/JIKEAP_AP282T-H_QCA956X_7.5_2023103000.bin.rar,JIKEAP_AP282T-H_QCA956X_7.5_2023103000.bin.rar,8540653,adb8e5569a9d9d287d498e89d9cc14d5,2023,20231030,集客无线AP_QCA_MIPS
2023/20231030/集客无线AP_QCA_MIPS/JIKEAP_AP283Y-H_QCA956X_7.5_2023103000.bin.rar,JIKEAP_AP283Y-H_QCA956X_7.5_2023103000.bin.rar,7667811,79c84c793a79cc8956a488a95b5832db,2023,20231030,集客无线AP_QCA_MIPS
2023/20231030/集客无线AP_QCA_MIPS/JIKEAP_AP284Y-H_QCA956X_7.5_2023103000.bin.rar,JIKEAP_AP284Y-H_QCA956X_7.5_2023103000.bin.rar,7756680,beacc2ef43363156cc58b8feb652fb7e,2023,20231030,集客无线AP_QCA_MIPS
2023/20231030/集客无线AP_QCA_MIPS/JIKEAP_AP3513NA_QCA934X_7.5_2023103000.bin.rar,JIKEAP_AP3513NA_QCA934X_7.5_2023103000.bin.rar,6507308,591ed3f9f1de8ea34cf8d5d972ff4927,2023,20231030,集客无线AP_QCA_MIPS
2023/20231030/集客无线AP_QCA_MIPS/JIKEAP_AP49_QCA953X_7.5_2023103000.bin.rar,JIKEAP_AP49_QCA953X_7.5_2023103000.bin.rar,6911991,2416ac06e65532efbd6c0bb25224a732,2023,20231030,集客无线AP_QCA_MIPS
2023/20231030/集客无线AP_QCA_MIPS/JIKEAP_AP630_QCA953X_100M_EPORT_7.5_2023103000.bin.rar,JIKEAP_AP630_QCA953X_100M_EPORT_7.5_2023103000.bin.rar,6508615,36558b1e637e26b24074a5bfaeb0564b,2023,20231030,集客无线AP_QCA_MIPS
2023/20231030/集客无线AP_QCA_MIPS/JIKEAP_AP630v2_AP630V2_QCA953X_100M_EPORT_7.5_2023103000.bin.rar,JIKEAP_AP630v2_AP630V2_QCA953X_100M_EPORT_7.5_2023103000.bin.rar,6507349,5003f70640fcc61ebd3f354c3d75bba3,2023,20231030,集客无线AP_QCA_MIPS
2023/20231030/集客无线AP_QCA_MIPS/JIKEAP_AP675_QCA953X_100M_EPORT_7.5_2023103000.bin.rar,JIKEAP_AP675_QCA953X_100M_EPORT_7.5_2023103000.bin.rar,6867992,fa0161782021388954498a0a208a954c,2023,20231030,集客无线AP_QCA_MIPS
2023/20231030/集客无线AP_QCA_MIPS/JIKEAP_AP830H_QCA953X_100M_7.5_2023103000.bin.rar,JIKEAP_AP830H_QCA953X_100M_7.5_2023103000.bin.rar,6510513,9cc1adfcdb1eca2c05a4c880f74acec0,2023,20231030,集客无线AP_QCA_MIPS
2023/20231030/集客无线AP_QCA_MIPS/JIKEAP_AP875H_QCA953X_100M_QCA9887_7.5_2023103000.bin.rar,JIKEAP_AP875H_QCA953X_100M_QCA9887_7.5_2023103000.bin.rar,6869516,5a6b0cf9f0efd4c031796342befc6fec,2023,20231030,集客无线AP_QCA_MIPS
2023/20231030/集客无线AP_QCA_MIPS/JIKEAP_AP9344_35P0_AP9344P0_QCA934X_1000M_7.5_2023103000.bin.rar,JIKEAP_AP9344_35P0_AP9344P0_QCA934X_1000M_7.5_2023103000.bin.rar,6508818,ec1e94c6f5164361c5005c5e01fad533,2023,20231030,集客无线AP_QCA_MIPS
2023/20231030/集客无线AP_QCA_MIPS/JIKEAP_AP9344_35P4_AP9344P4_QCA934X_1000M_7.5_2023103000.bin.rar,JIKEAP_AP9344_35P4_AP9344P4_QCA934X_1000M_7.5_2023103000.bin.rar,6508775,947a13cf2d181dfb6f8058e9e863a423,2023,20231030,集客无线AP_QCA_MIPS
2023/20231030/集客无线AP_QCA_MIPS/JIKEAP_AP9344_8327_QCA934X_1000M_7.5_2023103000.bin.rar,JIKEAP_AP9344_8327_QCA934X_1000M_7.5_2023103000.bin.rar,6507134,36d274243617434c49cd0fab94bfe1cb,2023,20231030,集客无线AP_QCA_MIPS
2023/20231030/集客无线AP_QCA_MIPS/JIKEAP_AP9344_M100_QCA934X_100M_7.5_2023103000.bin.rar,JIKEAP_AP9344_M100_QCA934X_100M_7.5_2023103000.bin.rar,6508440,7246a0515b8fbd2b85b2631716bea07b,2023,20231030,集客无线AP_QCA_MIPS
2023/20231030/集客无线AP_QCA_MIPS/JIKEAP_AP9344_RTL_QCA934X_1000M_7.5_2023103000.bin.rar,JIKEAP_AP9344_RTL_QCA934X_1000M_7.5_2023103000.bin.rar,6508493,e71110b037199fe1fa6bc81cb874d745,2023,20231030,集客无线AP_QCA_MIPS
2023/20231030/集客无线AP_QCA_MIPS/JIKEAP_AP941_QCA953X_100M_FREE_7.5_2023103000.bin.rar,JIKEAP_AP941_QCA953X_100M_FREE_7.5_2023103000.bin.rar,6507012,2daf150e867acea0eed2f110dcccbcb2,2023,20231030,集客无线AP_QCA_MIPS
2023/20231030/集客无线AP_QCA_MIPS/JIKEAP_AP9558V_QCA955X_1000M_QCA9880_LEEEL_FREE_7.5_2023103000.bin.rar,JIKEAP_AP9558V_QCA955X_1000M_QCA9880_LEEEL_FREE_7.5_2023103000.bin.rar,7668013,b9c09e3015a01d03eeee1c75de4ea142,2023,20231030,集客无线AP_QCA_MIPS
2023/20231030/集客无线AP_QCA_MIPS/JIKEAP_AP9558_QCA955X_1000M_QCA9880_FREE_7.5_2023103000.bin.rar,JIKEAP_AP9558_QCA955X_1000M_QCA9880_FREE_7.5_2023103000.bin.rar,7668047,24d46f0a2658c2812fcdc797b53657f7,2023,20231030,集客无线AP_QCA_MIPS
2023/20231030/集客无线AP_QCA_MIPS/JIKEAP_ARIMA2210_QCA934X_EPORT_7.5_2023103000.bin.rar,JIKEAP_ARIMA2210_QCA934X_EPORT_7.5_2023103000.bin.rar,6507095,db4ce26a1890c4119034a96dabbf9a19,2023,20231030,集客无线AP_QCA_MIPS
2023/20231030/集客无线AP_QCA_MIPS/JIKEAP_FX-2ac_FX2AC_QCA956X_7.5_2023103000.bin.rar,JIKEAP_FX-2ac_FX2AC_QCA956X_7.5_2023103000.bin.rar,7662675,16fa624320b6cb0abf2abb205832e8de,2023,20231030,集客无线AP_QCA_MIPS
2023/20231030/集客无线AP_QCA_MIPS/JIKEAP_MI100_QCA934X_100M_7.5_2023103000.bin.rar,JIKEAP_MI100_QCA934X_100M_7.5_2023103000.bin.rar,6507316,9ecc5cdab63eaa22c2a286e0c2de26e6,2023,20231030,集客无线AP_QCA_MIPS
2023/20231030/集客无线AP_QCA_MIPS/JIKEAP_WPJ563_QCA956X_1000M_QCA9880_7.5_2023103000.bin.rar,JIKEAP_WPJ563_QCA956X_1000M_QCA9880_7.5_2023103000.bin.rar,8020185,0c8f52c1b23fde58d44fd759fbb99be1,2023,20231030,集客无线AP_QCA_MIPS
2023/20231030/集客无线AP_QCA_MIPS/JIKEAP_XD102_QCA953X_7.5_2023103000.bin.rar,JIKEAP_XD102_QCA953X_7.5_2023103000.bin.rar,6507458,e8a8b1d40e02e23e5d07697414f2a4c5,2023,20231030,集客无线AP_QCA_MIPS
2023/20231030/集客无线AP_QCA_MIPS/JIKEAP_XD1202G_QCA956X_7.5_2023103000.bin.rar,JIKEAP_XD1202G_QCA956X_7.5_2023103000.bin.rar,7756873,a71489d97a46bdf03f1cd7f1f36dfa4c,2023,20231030,集客无线AP_QCA_MIPS
2023/20231030/集客无线AP_QCA_MIPS/release_notes.txt,release_notes.txt,5872,08cf46955c1acc70c1935dfe6efcc48b,2023,20231030,集客无线AP_QCA_MIPS
2023/20231228/集客无线AP_MTK_ARM/JIKEAP_AP250MD_MT7981_K5_NAND_UBI_AUTO_FREE_7.5_2023122800.bin.rar,JIKEAP_AP250MD_MT7981_K5_NAND_UBI_AUTO_FREE_7.5_2023122800.bin.rar,9056053,ca7165a16082a16c6f58016a65e6bf9b,2023,20231228,集客无线AP_MTK_ARM
2023/20231228/集客无线AP_MTK_ARM/JIKEAP_AP250_MT7981_K5_WIFI6_3000M_FREE_7.5_2023122800.bin.rar,JIKEAP_AP250_MT7981_K5_WIFI6_3000M_FREE_7.5_2023122800.bin.rar,8927170,0ba00b74ee4b9a798d8c8ee1508367d4,2023,20231228,集客无线AP_MTK_ARM
2023/20231228/集客无线AP_MTK_ARM/JIKEAP_AX2030FM_MT7981_K5_7.5_2023122800.bin.rar,JIKEAP_AX2030FM_MT7981_K5_7.5_2023122800.bin.rar,8909032,92d02cca07624f18c4b1505cf5dba320,2023,20231228,集客无线AP_MTK_ARM
2023/20231228/集客无线AP_MTK_ARM/JIKEAP_AX3000AMX_MT7981_K5_WIFI6_3000M_2_5G_7.5_2023122800.bin.rar,JIKEAP_AX3000AMX_MT7981_K5_WIFI6_3000M_2_5G_7.5_2023122800.bin.rar,8908277,6ec7614286568756e1c2914f2073a168,2023,20231228,集客无线AP_MTK_ARM
2023/20231228/集客无线AP_MTK_ARM/JIKEAP_AX3000AM_MT7981_K5_WIFI6_3000M_7.5_2023122800.bin.rar,JIKEAP_AX3000AM_MT7981_K5_WIFI6_3000M_7.5_2023122800.bin.rar,8923043,b4f0c5bac8b2755098f06d9a9ad5775a,2023,20231228,集客无线AP_MTK_ARM
2023/20231228/集客无线AP_MTK_ARM/JIKEAP_AX3000FM_MT7981_K5_7.5_2023122800.bin.rar,JIKEAP_AX3000FM_MT7981_K5_7.5_2023122800.bin.rar,8908497,23db701f21563409e08edae3c46429f0,2023,20231228,集客无线AP_MTK_ARM
2023/20231228/集客无线AP_MTK_ARM/JIKEAP_AX3025FM_MT7981_K5_7.5_2023122800.bin.rar,JIKEAP_AX3025FM_MT7981_K5_7.5_2023122800.bin.rar,8909025,ce91118ecb3374f7c5890bf2db4e401c,2023,20231228,集客无线AP_MTK_ARM
2023/20231228/集客无线AP_MTK_ARM/JIKEAP_FAPM3001_MT7981_K5_7.5_2023122800.bin.rar,JIKEAP_FAPM3001_MT7981_K5_7.5_2023122800.bin.rar,8908248,2817e2b1a172ba823e395bd0f9d79c66,2023,20231228,集客无线AP_MTK_ARM
2023/20231228/集客无线AP_MTK_ARM/release_notes.txt,release_notes.txt,6572,9d835f5d5c018c0069639324a9239492,2023,20231228,集客无线AP_MTK_ARM
2023/20231228/集客无线AP_MTK_MIPS/JIKEAP_AP107IOT_MT7620_K4_EPORT_7.5_2023122800.bin.rar,JIKEAP_AP107IOT_MT7620_K4_EPORT_7.5_2023122800.bin.rar,5767645,777d58b02aaa2883c70ed98bf76d92c0,2023,20231228,集客无线AP_MTK_MIPS
2023/20231228/集客无线AP_MTK_MIPS/JIKEAP_AP110F_MT7628_K4_EPORT_7.5_2023122800.bin.rar,JIKEAP_AP110F_MT7628_K4_EPORT_7.5_2023122800.bin.rar,4890602,b0bdcffd42431e0d2bd1504daf69982b,2023,20231228,集客无线AP_MTK_MIPS
2023/20231228/集客无线AP_MTK_MIPS/JIKEAP_AP118A_MT7628_K4_EPORT_7.5_2023122800.bin.rar,JIKEAP_AP118A_MT7628_K4_EPORT_7.5_2023122800.bin.rar,6483328,2ac554c0dc2647ada76356c6161aaf53,2023,20231228,集客无线AP_MTK_MIPS
2023/20231228/集客无线AP_MTK_MIPS/JIKEAP_AP118F_AP118F0_MT7628_K4_EPORT_7.5_2023122800.bin.rar,JIKEAP_AP118F_AP118F0_MT7628_K4_EPORT_7.5_2023122800.bin.rar,6479559,2ee27aabc090c21f854641b82c16d797,2023,20231228,集客无线AP_MTK_MIPS
2023/20231228/集客无线AP_MTK_MIPS/JIKEAP_AP118F_MT7628_K4_EPORT_7.5_2023122800.bin.rar,JIKEAP_AP118F_MT7628_K4_EPORT_7.5_2023122800.bin.rar,6483896,d36eefe39f932309753554b59aa69bb2,2023,20231228,集客无线AP_MTK_MIPS
2023/20231228/集客无线AP_MTK_MIPS/JIKEAP_AP118Y_MT7628_K4_EPORT_7.5_2023122800.bin.rar,JIKEAP_AP118Y_MT7628_K4_EPORT_7.5_2023122800.bin.rar,6483805,ba05f79932932ac1cd4825e4fa20011c,2023,20231228,集客无线AP_MTK_MIPS
2023/20231228/集客无线AP_MTK_MIPS/JIKEAP_AP210G_MT7620_K4_EPORT_7.5_2023122800.bin.rar,JIKEAP_AP210G_MT7620_K4_EPORT_7.5_2023122800.bin.rar,6541676,12396b3e1bf99056233190c4d75bc2fb,2023,20231228,集客无线AP_MTK_MIPS
2023/20231228/集客无线AP_MTK_MIPS/JIKEAP_AP212-L_AP212L_MT7621_K4_EPORT_7.5_2023122800.bin.rar,JIKEAP_AP212-L_AP212L_MT7621_K4_EPORT_7.5_2023122800.bin.rar,6029803,e7c77b6ac269b048859a91952738c3dc,2023,20231228,集客无线AP_MTK_MIPS
2023/20231228/集客无线AP_MTK_MIPS/JIKEAP_AP212G_AP212G0_MT7621_K4_EPORT_7.5_2023122800.bin.rar,JIKEAP_AP212G_AP212G0_MT7621_K4_EPORT_7.5_2023122800.bin.rar,6029803,39df9bab85795abf2c93b891184cfca9,2023,20231228,集客无线AP_MTK_MIPS
2023/20231228/集客无线AP_MTK_MIPS/JIKEAP_AP212G_MT7621_K4_EPORT_7.5_2023122800.bin.rar,JIKEAP_AP212G_MT7621_K4_EPORT_7.5_2023122800.bin.rar,6029787,99a162be39ca26774209792501b42b6e,2023,20231228,集客无线AP_MTK_MIPS
2023/20231228/集客无线AP_MTK_MIPS/JIKEAP_AP213G_MT7620_K4_EPORT_7.5_2023122800.bin.rar,JIKEAP_AP213G_MT7620_K4_EPORT_7.5_2023122800.bin.rar,6190577,4c6de6cbf1357d33e8bc199d214bdb8c,2023,20231228,集客无线AP_MTK_MIPS
2023/20231228/集客无线AP_MTK_MIPS/JIKEAP_AP216G_MT7621_K4_EPORT_7.5_2023122800.bin.rar,JIKEAP_AP216G_MT7621_K4_EPORT_7.5_2023122800.bin.rar,7012306,5a03d01a39a2345c3462c903e47a9f62,2023,20231228,集客无线AP_MTK_MIPS
2023/20231228/集客无线AP_MTK_MIPS/JIKEAP_AP230EP_MT7620_K4_EPORT_FREE_7.5_2023122800.bin.rar,JIKEAP_AP230EP_MT7620_K4_EPORT_FREE_7.5_2023122800.bin.rar,6832647,344b513a9a6b0309475e5d5ad8686d81,2023,20231228,集客无线AP_MTK_MIPS
2023/20231228/集客无线AP_MTK_MIPS/JIKEAP_AP230G_MT7620_K4_RTL_EPORT_FREE_7.5_2023122800.bin.rar,JIKEAP_AP230G_MT7620_K4_RTL_EPORT_FREE_7.5_2023122800.bin.rar,6831720,6db3346c0c14cba049284401e92098c6,2023,20231228,集客无线AP_MTK_MIPS
2023/20231228/集客无线AP_MTK_MIPS/JIKEAP_AP230IP_MT7620_K4_EPORT_FREE_7.5_2023122800.bin.rar,JIKEAP_AP230IP_MT7620_K4_EPORT_FREE_7.5_2023122800.bin.rar,6831659,ed945c423e4764cc78e7765d10e82c78,2023,20231228,集客无线AP_MTK_MIPS
2023/20231228/集客无线AP_MTK_MIPS/JIKEAP_AP238AN_MT7628_K4_LEEEL_EPORT_FREE_7.5_2023122800.bin.rar,JIKEAP_AP238AN_MT7628_K4_LEEEL_EPORT_FREE_7.5_2023122800.bin.rar,7099951,8c9feb251b686a3bb2fb94dcbbfc2043,2023,20231228,集客无线AP_MTK_MIPS
2023/20231228/集客无线AP_MTK_MIPS/JIKEAP_AP238IOT_MT7628_K4_LEEEL_EPORT_FREE_7.5_2023122800.bin.rar,JIKEAP_AP238IOT_MT7628_K4_LEEEL_EPORT_FREE_7.5_2023122800.bin.rar,7924779,f2d80c3e3f6d87aee2da6d45e6c7b3a3,2023,20231228,集客无线AP_MTK_MIPS
2023/20231228/集客无线AP_MTK_MIPS/JIKEAP_AP238MQ_MT7628_K4_LEEEL_EPORT_7.5_2023122800.bin.rar,JIKEAP_AP238MQ_MT7628_K4_LEEEL_EPORT_7.5_2023122800.bin.rar,7190515,854895ca64ddf0d13ba262ffaa3cf80e,2023,20231228,集客无线AP_MTK_MIPS
2023/20231228/集客无线AP_MTK_MIPS/JIKEAP_AP240P_MT7621_K4_SWITCH_LEEEE_EPORT_FREE_7.5_2023122800.bin.rar,JIKEAP_AP240P_MT7621_K4_SWITCH_LEEEE_EPORT_FREE_7.5_2023122800.bin.rar,4992432,853e0e2e1597db5fa219f1b9a9e8d81e,2023,20231228,集客无线AP_MTK_MIPS
2023/20231228/集客无线AP_MTK_MIPS/JIKEAP_AP240SFP_MT7621_K4_SWITCH_LEEEE_FREE_7.5_2023122800.bin.rar,JIKEAP_AP240SFP_MT7621_K4_SWITCH_LEEEE_FREE_7.5_2023122800.bin.rar,4996411,c01581581df8dfb3f74d7c5c9e2bb16b,2023,20231228,集客无线AP_MTK_MIPS
2023/20231228/集客无线AP_MTK_MIPS/JIKEAP_AP242P_MT7621_K4_LLLLL_64M_FREE_7.5_2023122800.bin.rar,JIKEAP_AP242P_MT7621_K4_LLLLL_64M_FREE_7.5_2023122800.bin.rar,7356820,7ee4ac4bf5192409965d72e68f90ab12,2023,20231228,集客无线AP_MTK_MIPS
2023/20231228/集客无线AP_MTK_MIPS/JIKEAP_AP246HI_MT7621_K4_1000_FREE_7.5_2023122800.bin.rar,JIKEAP_AP246HI_MT7621_K4_1000_FREE_7.5_2023122800.bin.rar,7583195,ce29d4e561e4dd6a87759327ed764728,2023,20231228,集客无线AP_MTK_MIPS
2023/20231228/集客无线AP_MTK_MIPS/JIKEAP_AP246P_MT7621_K4_MT7603_MT7615N_FREE_7.5_2023122800.bin.rar,JIKEAP_AP246P_MT7621_K4_MT7603_MT7615N_FREE_7.5_2023122800.bin.rar,8396364,e3812a97c48d8885e7bc7b21c0212d64,2023,20231228,集客无线AP_MTK_MIPS
2023/20231228/集客无线AP_MTK_MIPS/JIKEAP_AP24_MT7621_K4_LEEEL_EPORT_FREE_7.5_2023122800.bin.rar,JIKEAP_AP24_MT7621_K4_LEEEL_EPORT_FREE_7.5_2023122800.bin.rar,7365705,3c01639cdce73cf6d243649da565bb30,2023,20231228,集客无线AP_MTK_MIPS
2023/20231228/集客无线AP_MTK_MIPS/JIKEAP_AP261F-H_AP261F-H0_MT7621_K4_7.5_2023122800.bin.rar,JIKEAP_AP261F-H_AP261F-H0_MT7621_K4_7.5_2023122800.bin.rar,6029799,1d761b79364957354fa18aa01aab0e21,2023,20231228,集客无线AP_MTK_MIPS
2023/20231228/集客无线AP_MTK_MIPS/JIKEAP_AP261F-H_MT7621_K4_7.5_2023122800.bin.rar,JIKEAP_AP261F-H_MT7621_K4_7.5_2023122800.bin.rar,6029779,ee883e0769e41729b4187d536c354080,2023,20231228,集客无线AP_MTK_MIPS
2023/20231228/集客无线AP_MTK_MIPS/JIKEAP_AP601_MT7620_K4_LEEEE_EPORT_FREE_7.5_2023122800.bin.rar,JIKEAP_AP601_MT7620_K4_LEEEE_EPORT_FREE_7.5_2023122800.bin.rar,4948856,f181cef847f91c6649414633eb4097fa,2023,20231228,集客无线AP_MTK_MIPS
2023/20231228/集客无线AP_MTK_MIPS/JIKEAP_AX1800B_MT7621_K4_EPORT_7.5_2023122800.bin.rar,JIKEAP_AX1800B_MT7621_K4_EPORT_7.5_2023122800.bin.rar,6337219,5be5f079ede7203f0ed4fe80bcbf0f50,2023,20231228,集客无线AP_MTK_MIPS
2023/20231228/集客无线AP_MTK_MIPS/JIKEAP_AX1800FM_AX1800FM0_MT7621_K4_7.5_2023122800.bin.rar,JIKEAP_AX1800FM_AX1800FM0_MT7621_K4_7.5_2023122800.bin.rar,6333699,fcfae5895dbe62f2b684964fc9a58c53,2023,20231228,集客无线AP_MTK_MIPS
2023/20231228/集客无线AP_MTK_MIPS/JIKEAP_AX1800FM_MT7621_K4_7.5_2023122800.bin.rar,JIKEAP_AX1800FM_MT7621_K4_7.5_2023122800.bin.rar,6339985,bc0cad352d9875c0808c157fb05c44df,2023,20231228,集客无线AP_MTK_MIPS
2023/20231228/集客无线AP_MTK_MIPS/JIKEAP_AX1800H_MT7621_K4_MT7915DN_WIFI6_NAND_FREE_7.5_2023122800.bin.rar,JIKEAP_AX1800H_MT7621_K4_MT7915DN_WIFI6_NAND_FREE_7.5_2023122800.bin.rar,6556920,ef5bcf034ddfc2b1720e9fe6921b6313,2023,20231228,集客无线AP_MTK_MIPS
2023/20231228/集客无线AP_MTK_MIPS/JIKEAP_AX1800IoT_AX1800IOT_MT7621_K4_7.5_2023122800.bin.rar,JIKEAP_AX1800IoT_AX1800IOT_MT7621_K4_7.5_2023122800.bin.rar,7162150,e8deca27fa41351b2e6251d4a262d3f2,2023,20231228,集客无线AP_MTK_MIPS
2023/20231228/集客无线AP_MTK_MIPS/JIKEAP_AX1800S_MT7621_K4_MT7915DN_WIFI6_7.5_2023122800.bin.rar,JIKEAP_AX1800S_MT7621_K4_MT7915DN_WIFI6_7.5_2023122800.bin.rar,6337636,b33cd7a3f6e05698e63a325f41cedb5a,2023,20231228,集客无线AP_MTK_MIPS
2023/20231228/集客无线AP_MTK_MIPS/JIKEAP_AX2018-GPON_AX2018GP_MT7621_K4_EPORT_7.5_2023122800.bin.rar,JIKEAP_AX2018-GPON_AX2018GP_MT7621_K4_EPORT_7.5_2023122800.bin.rar,6337405,b972d3bdab751b1d8718125d1bc4701c,2023,20231228,集客无线AP_MTK_MIPS
2023/20231228/集客无线AP_MTK_MIPS/JIKEAP_AX2018FTR_MT7621_K4_EPORT_7.5_2023122800.bin.rar,JIKEAP_AX2018FTR_MT7621_K4_EPORT_7.5_2023122800.bin.rar,6337406,60630588d18704c262bb2e4f78374e41,2023,20231228,集客无线AP_MTK_MIPS
2023/20231228/集客无线AP_MTK_MIPS/JIKEAP_AX2020_MT7621_K4_EPORT_7.5_2023122800.bin.rar,JIKEAP_AX2020_MT7621_K4_EPORT_7.5_2023122800.bin.rar,6337254,8111a452ad87280f6505378e4ca82038,2023,20231228,集客无线AP_MTK_MIPS
2023/20231228/集客无线AP_MTK_MIPS/JIKEAP_AX2021_0AX2021_MT7621_K4_EPORT_7.5_2023122800.bin.rar,JIKEAP_AX2021_0AX2021_MT7621_K4_EPORT_7.5_2023122800.bin.rar,6333688,f4941466a2d9e7251023181dde9df8cc,2023,20231228,集客无线AP_MTK_MIPS
2023/20231228/集客无线AP_MTK_MIPS/JIKEAP_AX2021_MT7621_K4_EPORT_7.5_2023122800.bin.rar,JIKEAP_AX2021_MT7621_K4_EPORT_7.5_2023122800.bin.rar,6340768,526af402af663c22ffed7c71fa3f1730,2023,20231228,集客无线AP_MTK_MIPS
2023/20231228/集客无线AP_MTK_MIPS/JIKEAP_AX2022MQ_MT7621_K4_EPORT_7.5_2023122800.bin.rar,JIKEAP_AX2022MQ_MT7621_K4_EPORT_7.5_2023122800.bin.rar,6427921,940457c48cb81936dc6e8b48b6d7a328,2023,20231228,集客无线AP_MTK_MIPS
2023/20231228/集客无线AP_MTK_MIPS/JIKEAP_AX2022_MT7621_K4_EPORT_7.5_2023122800.bin.rar,JIKEAP_AX2022_MT7621_K4_EPORT_7.5_2023122800.bin.rar,7162478,e27deee9be15acd6247585f9516fed0e,2023,20231228,集客无线AP_MTK_MIPS
2023/20231228/集客无线AP_MTK_MIPS/JIKEAP_PAK590055_MT7621_K4_EPORT_7.5_2023122800.bin.rar,JIKEAP_PAK590055_MT7621_K4_EPORT_7.5_2023122800.bin.rar,6029793,8c37b1205880b7a4b8467a7cc22fa122,2023,20231228,集客无线AP_MTK_MIPS
2023/20231228/集客无线AP_MTK_MIPS/JIKEAP_XB1200G_MT7621_K4_EPORT_7.5_2023122800.bin.rar,JIKEAP_XB1200G_MT7621_K4_EPORT_7.5_2023122800.bin.rar,6029790,df9ce4a666d93152298a1a0f1426f152,2023,20231228,集客无线AP_MTK_MIPS
2023/20231228/集客无线AP_MTK_MIPS/JIKEAP_XB790SF_MT7621_K4_EPORT_7.5_2023122800.bin.rar,JIKEAP_XB790SF_MT7621_K4_EPORT_7.5_2023122800.bin.rar,6337269,cb58cc692cf335c2337391311283e7c2,2023,20231228,集客无线AP_MTK_MIPS
2023/20231228/集客无线AP_MTK_MIPS/JIKEAP_XB8800_MT7620_K4_EPORT_7.5_2023122800.bin.rar,JIKEAP_XB8800_MT7620_K4_EPORT_7.5_2023122800.bin.rar,4949077,f1be220c943c55e724bc80989b4cec9b,2023,20231228,集客无线AP_MTK_MIPS
2023/20231228/集客无线AP_MTK_MIPS/release_notes.txt,release_notes.txt,6572,9d835f5d5c018c0069639324a9239492,2023,20231228,集客无线AP_MTK_MIPS
2023/20231228/集客无线AP_QCA_ARM/JIKEAP_AC58U_IPQ40XX_1000M_IPQ4018_FREE_7.5_2023122800.bin.rar,JIKEAP_AC58U_IPQ40XX_1000M_IPQ4018_FREE_7.5_2023122800.bin.rar,11835647,5ce92d5715dbaebe1fd26f3a6a39d1cd,2023,20231228,集客无线AP_QCA_ARM
2023/20231228/集客无线AP_QCA_ARM/JIKEAP_AC58U_IPQ40XX_7.5_2023122800_opboot.bin.rar,JIKEAP_AC58U_IPQ40XX_7.5_2023122800_opboot.bin.rar,11835274,9bc3eeedc0e3f9835b9bc530af8b64aa,2023,20231228,集客无线AP_QCA_ARM
2023/20231228/集客无线AP_QCA_ARM/JIKEAP_ACRH17_IPQ40XX_1000M_QCA9984_HT160_EPORT_FREE_7.5_2023122800.bin.rar,JIKEAP_ACRH17_IPQ40XX_1000M_QCA9984_HT160_EPORT_FREE_7.5_2023122800.bin.rar,13742891,22db44000ca2e963e94795f885b86211,2023,20231228,集客无线AP_QCA_ARM
2023/20231228/集客无线AP_QCA_ARM/JIKEAP_ACRH17_IPQ40XX_7.5_2023122800_opboot.bin.rar,JIKEAP_ACRH17_IPQ40XX_7.5_2023122800_opboot.bin.rar,13743394,37e0a95f4557ada193eae89482bd6c7d,2023,20231228,集客无线AP_QCA_ARM
2023/20231228/集客无线AP_QCA_ARM/JIKEAP_AP118L_IPQ40XX_1000M_EPORT_7.5_2023122800.bin.rar,JIKEAP_AP118L_IPQ40XX_1000M_EPORT_7.5_2023122800.bin.rar,13489793,9a1a233ac81e004533359d2e1c3dbebb,2023,20231228,集客无线AP_QCA_ARM
2023/20231228/集客无线AP_QCA_ARM/JIKEAP_AP268F-H_IPQ40XX_7.5_2023122800.bin.rar,JIKEAP_AP268F-H_IPQ40XX_7.5_2023122800.bin.rar,13638029,01adc7f7799c2d5cf7cfbd40dc52a317,2023,20231228,集客无线AP_QCA_ARM
2023/20231228/集客无线AP_QCA_ARM/JIKEAP_AP268F-IoT_AP268IOT_IPQ40XX_7.5_2023122800.bin.rar,JIKEAP_AP268F-IoT_AP268IOT_IPQ40XX_7.5_2023122800.bin.rar,13476307,317517759f7bcaeb13dbb70a5ced38d2,2023,20231228,集客无线AP_QCA_ARM
2023/20231228/集客无线AP_QCA_ARM/JIKEAP_AP269X-HG_IPQ40XX_1000M_7.5_2023122800.bin.rar,JIKEAP_AP269X-HG_IPQ40XX_1000M_7.5_2023122800.bin.rar,13489560,9eca201eda1ac1e8584eb30e51e3fdec,2023,20231228,集客无线AP_QCA_ARM
2023/20231228/集客无线AP_QCA_ARM/JIKEAP_AP285F-H_IPQ40XX_1000M_7.5_2023122800.bin.rar,JIKEAP_AP285F-H_IPQ40XX_1000M_7.5_2023122800.bin.rar,13491269,ad53891dc3e62ffe35bd73e68e4acf56,2023,20231228,集客无线AP_QCA_ARM
2023/20231228/集客无线AP_QCA_ARM/JIKEAP_AP285KY-H_IPQ40XX_7.5_2023122800.bin.rar,JIKEAP_AP285KY-H_IPQ40XX_7.5_2023122800.bin.rar,13385822,d5e31f703b12a409b4d4c67732a9de3b,2023,20231228,集客无线AP_QCA_ARM
2023/20231228/集客无线AP_QCA_ARM/JIKEAP_AP320F-H_IPQ40XX_1000M_3RADIO_7.5_2023122800.bin.rar,JIKEAP_AP320F-H_IPQ40XX_1000M_3RADIO_7.5_2023122800.bin.rar,13456874,6ee925205cdfacb1b0476f77b5e5e4e5,2023,20231228,集客无线AP_QCA_ARM
2023/20231228/集客无线AP_QCA_ARM/JIKEAP_AP320KY-H_IPQ40XX_7.5_2023122800.bin.rar,JIKEAP_AP320KY-H_IPQ40XX_7.5_2023122800.bin.rar,13573257,fd29f102fd9f60eaeb47ed2bd56ba242,2023,20231228,集客无线AP_QCA_ARM
2023/20231228/集客无线AP_QCA_ARM/JIKEAP_AP320KYRUS_IPQ40XX_7.5_2023122800.bin.rar,JIKEAP_AP320KYRUS_IPQ40XX_7.5_2023122800.bin.rar,13573389,73daa327b24089ce74098553e19aabe3,2023,20231228,集客无线AP_QCA_ARM
2023/20231228/集客无线AP_QCA_ARM/JIKEAP_AP320Y-H_IPQ40XX_1000M_3RADIO_7.5_2023122800.bin.rar,JIKEAP_AP320Y-H_IPQ40XX_1000M_3RADIO_7.5_2023122800.bin.rar,13491413,8377008af38358f544ba21f368ed69e0,2023,20231228,集客无线AP_QCA_ARM
2023/20231228/集客无线AP_QCA_ARM/JIKEAP_AP320YRUS_IPQ40XX_1000M_3RADIO_7.5_2023122800.bin.rar,JIKEAP_AP320YRUS_IPQ40XX_1000M_3RADIO_7.5_2023122800.bin.rar,13491376,291803a70464c6bc9d50df501a4633f2,2023,20231228,集客无线AP_QCA_ARM
2023/20231228/集客无线AP_QCA_ARM/JIKEAP_AP330F-H_IPQ40XX_1000M_3RADIO_HT160_7.5_2023122800.bin.rar,JIKEAP_AP330F-H_IPQ40XX_1000M_3RADIO_HT160_7.5_2023122800.bin.rar,13457110,b0530a3359f9bfef6037d02f97c3334b,2023,20231228,集客无线AP_QCA_ARM
2023/20231228/集客无线AP_QCA_ARM/JIKEAP_AP386X_IPQ40XX_1000M_3RADIO_7.5_2023122800.bin.rar,JIKEAP_AP386X_IPQ40XX_1000M_3RADIO_7.5_2023122800.bin.rar,13491395,2fa79518bfb2c49079259fe98c0f998a,2023,20231228,集客无线AP_QCA_ARM
2023/20231228/集客无线AP_QCA_ARM/JIKEAP_AX1800F_IPQ60XX_1000M_WIFI6_7.5_2023122800.bin.rar,JIKEAP_AX1800F_IPQ60XX_1000M_WIFI6_7.5_2023122800.bin.rar,12444915,488f8dc748e3a9c451dcb1e5120f462e,2023,20231228,集客无线AP_QCA_ARM
2023/20231228/集客无线AP_QCA_ARM/JIKEAP_AX1800Y_IPQ60XX_7.5_2023122800.bin.rar,JIKEAP_AX1800Y_IPQ60XX_7.5_2023122800.bin.rar,12740441,908b9468d4316d816198c40a449d693b,2023,20231228,集客无线AP_QCA_ARM
2023/20231228/集客无线AP_QCA_ARM/JIKEAP_AX1801-MESH_AX1801MESH_IPQ60XX_7.5_2023122800.bin.rar,JIKEAP_AX1801-MESH_AX1801MESH_IPQ60XX_7.5_2023122800.bin.rar,15063920,8df5de4833578bfc1219d8e37fc28dbd,2023,20231228,集客无线AP_QCA_ARM
2023/20231228/集客无线AP_QCA_ARM/JIKEAP_AX2030A_IPQ50XX_EPORT_7.5_2023122800.bin.rar,JIKEAP_AX2030A_IPQ50XX_EPORT_7.5_2023122800.bin.rar,13450752,3df0c9de5c003be4ac6743a9084c6b16,2023,20231228,集客无线AP_QCA_ARM
2023/20231228/集客无线AP_QCA_ARM/JIKEAP_AX2034W_IPQ50XX_EPORT_7.5_2023122800.bin.rar,JIKEAP_AX2034W_IPQ50XX_EPORT_7.5_2023122800.bin.rar,13957196,cc341ff84d61fd038590dbd0ae9af8fe,2023,20231228,集客无线AP_QCA_ARM
2023/20231228/集客无线AP_QCA_ARM/JIKEAP_AX2180_IPQ60XX_1000M_WIFI6_7.5_2023122800.bin.rar,JIKEAP_AX2180_IPQ60XX_1000M_WIFI6_7.5_2023122800.bin.rar,14851664,43ecc9f503758a7f607ee7f22e8ef71b,2023,20231228,集客无线AP_QCA_ARM
2023/20231228/集客无线AP_QCA_ARM/JIKEAP_AX3000F-SFP_AX3000FX_IPQ50XX_SFP_7.5_2023122800.bin.rar,JIKEAP_AX3000F-SFP_AX3000FX_IPQ50XX_SFP_7.5_2023122800.bin.rar,13948764,f2dcb67f2cc65dc2b28113028f27500a,2023,20231228,集客无线AP_QCA_ARM
2023/20231228/集客无线AP_QCA_ARM/JIKEAP_AX3000FY_IPQ50XX_7.5_2023122800.bin.rar,JIKEAP_AX3000FY_IPQ50XX_7.5_2023122800.bin.rar,13936817,2b45b798c086ed39ae9e378d46d04d11,2023,20231228,集客无线AP_QCA_ARM
2023/20231228/集客无线AP_QCA_ARM/JIKEAP_AX3000F_IPQ50XX_7.5_2023122800.bin.rar,JIKEAP_AX3000F_IPQ50XX_7.5_2023122800.bin.rar,13934761,849c6fd724b8213ecb727caedf2ce1d4,2023,20231228,集客无线AP_QCA_ARM
2023/20231228/集客无线AP_QCA_ARM/JIKEAP_AX3000X_IPQ50XX_7.5_2023122800.bin.rar,JIKEAP_AX3000X_IPQ50XX_7.5_2023122800.bin.rar,13716537,7d5baf1fd7ac557190482cc011d30610,2023,20231228,集客无线AP_QCA_ARM
2023/20231228/集客无线AP_QCA_ARM/JIKEAP_AX3001-MESH_AX3001MESH_IPQ50XX_7.5_2023122800.bin.rar,JIKEAP_AX3001-MESH_AX3001MESH_IPQ50XX_7.5_2023122800.bin.rar,15889574,d96b9d05d1b629b5c0178ef0d6f46fc7,2023,20231228,集客无线AP_QCA_ARM
2023/20231228/集客无线AP_QCA_ARM/JIKEAP_AX3025Y_IPQ807X_2500M_WIFI6_HT160_7.5_2023122800.bin.rar,JIKEAP_AX3025Y_IPQ807X_2500M_WIFI6_HT160_7.5_2023122800.bin.rar,15627435,c34e44db34c4922deceabc8c8dc72257,2023,20231228,集客无线AP_QCA_ARM
2023/20231228/集客无线AP_QCA_ARM/JIKEAP_AX3050KY_IPQ807X_5000M_WIFI6_HT160_7.5_2023122800.bin.rar,JIKEAP_AX3050KY_IPQ807X_5000M_WIFI6_HT160_7.5_2023122800.bin.rar,13315406,0d8cada616da44cd4325c031ccff59eb,2023,20231228,集客无线AP_QCA_ARM
2023/20231228/集客无线AP_QCA_ARM/JIKEAP_AX5400KY_IPQ50XX_7.5_2023122800.bin.rar,JIKEAP_AX5400KY_IPQ50XX_7.5_2023122800.bin.rar,14176656,25d057bdac7d6bab0cdaf6986ce7b19b,2023,20231228,集客无线AP_QCA_ARM
2023/20231228/集客无线AP_QCA_ARM/JIKEAP_AX5425Y-3-RU_AX5425Y3RU_IPQ50XX_7.5_2023122800.bin.rar,JIKEAP_AX5425Y-3-RU_AX5425Y3RU_IPQ50XX_7.5_2023122800.bin.rar,13963566,2650f6f0b6558537425bc72f9a1667b5,2023,20231228,集客无线AP_QCA_ARM
2023/20231228/集客无线AP_QCA_ARM/JIKEAP_AX5RM_IPQ60XX_1000M_WIFI6_FREE_7.5_2023122800.bin.rar,JIKEAP_AX5RM_IPQ60XX_1000M_WIFI6_FREE_7.5_2023122800.bin.rar,12612955,4d0fcee73580fbc238caa4c7d37a45fa,2023,20231228,集客无线AP_QCA_ARM
2023/20231228/集客无线AP_QCA_ARM/JIKEAP_AX8180X_IPQ60XX_7.5_2023122800.bin.rar,JIKEAP_AX8180X_IPQ60XX_7.5_2023122800.bin.rar,12759952,16965f15d52190580c2ce5e781dfce4d,2023,20231228,集客无线AP_QCA_ARM
2023/20231228/集客无线AP_QCA_ARM/JIKEAP_AX8180Y_IPQ60XX_7.5_2023122800.bin.rar,JIKEAP_AX8180Y_IPQ60XX_7.5_2023122800.bin.rar,12895862,25736022f2ec8ca6809dff1eab1c5dda,2023,20231228,集客无线AP_QCA_ARM
2023/20231228/集客无线AP_QCA_ARM/JIKEAP_AX8300A-SFP_AX8300ASFP_IPQ50XX_7.5_2023122800.bin.rar,JIKEAP_AX8300A-SFP_AX8300ASFP_IPQ50XX_7.5_2023122800.bin.rar,13942260,b9955cc98e48e06b089b52f72de9ab57,2023,20231228,集客无线AP_QCA_ARM
2023/20231228/集客无线AP_QCA_ARM/JIKEAP_AX8300A-SFP_IPQ50XX_7.5_2023122800.bin.rar,JIKEAP_AX8300A-SFP_IPQ50XX_7.5_2023122800.bin.rar,13937749,84aa12d1f7499b3a859543a50e34a20c,2023,20231228,集客无线AP_QCA_ARM
2023/20231228/集客无线AP_QCA_ARM/JIKEAP_AX8301L_IPQ50XX_7.5_2023122800.bin.rar,JIKEAP_AX8301L_IPQ50XX_7.5_2023122800.bin.rar,13936848,80c3e0919f1aecc35ca8cade9b2f0f3b,2023,20231228,集客无线AP_QCA_ARM
2023/20231228/集客无线AP_QCA_ARM/JIKEAP_B3000_IPQ50XX_AR8033_NOR32_EPORT_FREE_7.5_2023122800.bin.rar,JIKEAP_B3000_IPQ50XX_AR8033_NOR32_EPORT_FREE_7.5_2023122800.bin.rar,13095684,5830a9954b51f28c2023385473e8cfc5,2023,20231228,集客无线AP_QCA_ARM
2023/20231228/集客无线AP_QCA_ARM/JIKEAP_CM520_IPQ40XX_1000M_NAND_EPORT_FREE_7.5_2023122800.bin.rar,JIKEAP_CM520_IPQ40XX_1000M_NAND_EPORT_FREE_7.5_2023122800.bin.rar,13764237,41fce719ef8b80293687e7e17e524701,2023,20231228,集客无线AP_QCA_ARM
2023/20231228/集客无线AP_QCA_ARM/JIKEAP_CM520_IPQ40XX_7.5_2023122800_opboot.bin.rar,JIKEAP_CM520_IPQ40XX_7.5_2023122800_opboot.bin.rar,13760394,eaa4544ed32e055e33d2aa911f7ebf40,2023,20231228,集客无线AP_QCA_ARM
2023/20231228/集客无线AP_QCA_ARM/JIKEAP_EA1303_IPQ50XX_7.5_2023122800.bin.rar,JIKEAP_EA1303_IPQ50XX_7.5_2023122800.bin.rar,14168412,2525f4e3cea64a8dc87bbfb1e08f5c4e,2023,20231228,集客无线AP_QCA_ARM
2023/20231228/集客无线AP_QCA_ARM/JIKEAP_HM1800_IPQ60XX_1000M_WIFI6_7.5_2023122800.bin.rar,JIKEAP_HM1800_IPQ60XX_1000M_WIFI6_7.5_2023122800.bin.rar,12801992,d6478e80d77afdad0ec3375c6b67773f,2023,20231228,集客无线AP_QCA_ARM
2023/20231228/集客无线AP_QCA_ARM/JIKEAP_N3000_IPQ50XX_NAND_FREE_7.5_2023122800.bin.rar,JIKEAP_N3000_IPQ50XX_NAND_FREE_7.5_2023122800.bin.rar,13358527,8fa9445c4f0dff5b56246f457145f855,2023,20231228,集客无线AP_QCA_ARM
2023/20231228/集客无线AP_QCA_ARM/JIKEAP_WIA3600_IPQ50XX_QCA8337_NAND_7.5_2023122800.bin.rar,JIKEAP_WIA3600_IPQ50XX_QCA8337_NAND_7.5_2023122800.bin.rar,13438208,abdfc3f274f158b52ff4d8fe250896f6,2023,20231228,集客无线AP_QCA_ARM
2023/20231228/集客无线AP_QCA_ARM/JIKEAP_WP963_IPQ50XX_AR8033_NOR16_EPORT_7.5_2023122800.bin.rar,JIKEAP_WP963_IPQ50XX_AR8033_NOR16_EPORT_7.5_2023122800.bin.rar,12739614,7c0d14cc1c82771d0119306c69b3b849,2023,20231228,集客无线AP_QCA_ARM
2023/20231228/集客无线AP_QCA_ARM/JIKEAP_WP973_IPQ50XX_NAND_7.5_2023122800.bin.rar,JIKEAP_WP973_IPQ50XX_NAND_7.5_2023122800.bin.rar,13936912,91db59e1000fb8c909a12369af00140b,2023,20231228,集客无线AP_QCA_ARM
2023/20231228/集客无线AP_QCA_ARM/JIKEAP_WP973_V0_IPQ50XX_NOR_NAND_7.5_2023122800.bin.rar,JIKEAP_WP973_V0_IPQ50XX_NOR_NAND_7.5_2023122800.bin.rar,13937372,29541a5ca6fc30438cbf5e13002af7fe,2023,20231228,集客无线AP_QCA_ARM
2023/20231228/集客无线AP_QCA_ARM/release_notes.txt,release_notes.txt,5872,08cf46955c1acc70c1935dfe6efcc48b,2023,20231228,集客无线AP_QCA_ARM
2023/20231228/集客无线AP_QCA_ARM/ubi-JIKEAP_AC58U.img,ubi-JIKEAP_AC58U.img,12845056,cf269ae620a61a8a4921fb0b4e20aa0b,2023,20231228,集客无线AP_QCA_ARM
2023/20231228/集客无线AP_QCA_ARM/ubi-JIKEAP_ACRH17.img,ubi-JIKEAP_ACRH17.img,14680064,ab8c0ec26c884123b69c88f5eaec5e36,2023,20231228,集客无线AP_QCA_ARM
2023/20231228/集客无线AP_QCA_ARM/ubi-JIKEAP_AX5RM.img,ubi-JIKEAP_AX5RM.img,13631488,27dd169a0df229ab3a1293eade386072,2023,20231228,集客无线AP_QCA_ARM
2023/20231228/集客无线AP_QCA_ARM/ubi-JIKEAP_CM520.img,ubi-JIKEAP_CM520.img,14680064,f62b3b183bc8a46d95631c90dd52a062,2023,20231228,集客无线AP_QCA_ARM
2023/20231228/集客无线AP_QCA_ARM/ubi-JIKEAP_N3000.img,ubi-JIKEAP_N3000.img,14548992,64463e102c70bdfe4ac6b960175bd89e,2023,20231228,集客无线AP_QCA_ARM
2023/20231228/集客无线AP_QCA_MIPS/JIKEAP_AP0141_QCA934X_1000M_7.5_2023122800.bin.rar,JIKEAP_AP0141_QCA934X_1000M_7.5_2023122800.bin.rar,6518913,f684385affe2895a89254f2f10886c65,2023,20231228,集客无线AP_QCA_MIPS
2023/20231228/集客无线AP_QCA_MIPS/JIKEAP_AP110T_QCA933X_100M_EPORT_FREE_7.5_2023122800.bin.rar,JIKEAP_AP110T_QCA933X_100M_EPORT_FREE_7.5_2023122800.bin.rar,6518522,85c14821f8a55ce445e2c9257a5e76dd,2023,20231228,集客无线AP_QCA_MIPS
2023/20231228/集客无线AP_QCA_MIPS/JIKEAP_AP112F_QCA953X_100M_16M_EPORT_7.5_2023122800.bin.rar,JIKEAP_AP112F_QCA953X_100M_16M_EPORT_7.5_2023122800.bin.rar,6520189,bb41e795eb6f88bb2a8045cb57b1d78b,2023,20231228,集客无线AP_QCA_MIPS
2023/20231228/集客无线AP_QCA_MIPS/JIKEAP_AP112Fv2_AP112FV2_QCA953X_100M_8M_EPORT_7.5_2023122800.bin.rar,JIKEAP_AP112Fv2_AP112FV2_QCA953X_100M_8M_EPORT_7.5_2023122800.bin.rar,6518977,c0db1edd0884929ddd39ae5a4604976a,2023,20231228,集客无线AP_QCA_MIPS
2023/20231228/集客无线AP_QCA_MIPS/JIKEAP_AP112J_QCA953X_100M_EPORT_7.5_2023122800.bin.rar,JIKEAP_AP112J_QCA953X_100M_EPORT_7.5_2023122800.bin.rar,6520347,96c8ce8a6f23466844cb7ad06fa4e2f7,2023,20231228,集客无线AP_QCA_MIPS
2023/20231228/集客无线AP_QCA_MIPS/JIKEAP_AP112Q_QCA934X_100M_EPORT_7.5_2023122800.bin.rar,JIKEAP_AP112Q_QCA934X_100M_EPORT_7.5_2023122800.bin.rar,6519518,7a4478557cfc68f07f1402b882a36c59,2023,20231228,集客无线AP_QCA_MIPS
2023/20231228/集客无线AP_QCA_MIPS/JIKEAP_AP112T_QCA953X_100M_EPORT_7.5_2023122800.bin.rar,JIKEAP_AP112T_QCA953X_100M_EPORT_7.5_2023122800.bin.rar,6518840,04acde97a759e7bff3adb2af7388fd8c,2023,20231228,集客无线AP_QCA_MIPS
2023/20231228/集客无线AP_QCA_MIPS/JIKEAP_AP112Y_QCA953X_100M_EPORT_7.5_2023122800.bin.rar,JIKEAP_AP112Y_QCA953X_100M_EPORT_7.5_2023122800.bin.rar,6520305,7939081e68e786c283b22dae7e413ced,2023,20231228,集客无线AP_QCA_MIPS
2023/20231228/集客无线AP_QCA_MIPS/JIKEAP_AP116F_QCA953X_100M_QCA9887_EPORT_7.5_2023122800.bin.rar,JIKEAP_AP116F_QCA953X_100M_QCA9887_EPORT_7.5_2023122800.bin.rar,6879785,a87b57f4ed929531c2ed106ad1bd65e4,2023,20231228,集客无线AP_QCA_MIPS
2023/20231228/集客无线AP_QCA_MIPS/JIKEAP_AP116Q_QCA953X_100M_QCA9887_EPORT_7.5_2023122800.bin.rar,JIKEAP_AP116Q_QCA953X_100M_QCA9887_EPORT_7.5_2023122800.bin.rar,6879800,391ba2d3e8e58836aedd4b961ea2e9d1,2023,20231228,集客无线AP_QCA_MIPS
2023/20231228/集客无线AP_QCA_MIPS/JIKEAP_AP117Q_QCA956X_1000M_QCA9882_7.5_2023122800.bin.rar,JIKEAP_AP117Q_QCA956X_1000M_QCA9882_7.5_2023122800.bin.rar,7679558,37eb8ee9140c4c6536edfd1ba33a82c7,2023,20231228,集客无线AP_QCA_MIPS
2023/20231228/集客无线AP_QCA_MIPS/JIKEAP_AP120_QCA934X_1000M_FREE_7.5_2023122800.bin.rar,JIKEAP_AP120_QCA934X_1000M_FREE_7.5_2023122800.bin.rar,6896224,7ea8dd6e5dedd1feba5447b44dac13ed,2023,20231228,集客无线AP_QCA_MIPS
2023/20231228/集客无线AP_QCA_MIPS/JIKEAP_AP126F_QCA953X_100M_8M_7.5_2023122800.bin.rar,JIKEAP_AP126F_QCA953X_100M_8M_7.5_2023122800.bin.rar,6519015,ec87c502b17f6b53a8bddb991e96dad3,2023,20231228,集客无线AP_QCA_MIPS
2023/20231228/集客无线AP_QCA_MIPS/JIKEAP_AP130F-H_QCA953X_100M_7.5_2023122800.bin.rar,JIKEAP_AP130F-H_QCA953X_100M_7.5_2023122800.bin.rar,6521832,cae3fac8562d6ff92a78121ade458c65,2023,20231228,集客无线AP_QCA_MIPS
2023/20231228/集客无线AP_QCA_MIPS/JIKEAP_AP130T_QCA934X_100M_AR9341_7.5_2023122800.bin.rar,JIKEAP_AP130T_QCA934X_100M_AR9341_7.5_2023122800.bin.rar,6518715,fddeef4a97aa44b6153aa3cac6687107,2023,20231228,集客无线AP_QCA_MIPS
2023/20231228/集客无线AP_QCA_MIPS/JIKEAP_AP135T-H_QCA953X_100M_AR9341_7.5_2023122800.bin.rar,JIKEAP_AP135T-H_QCA953X_100M_AR9341_7.5_2023122800.bin.rar,6518720,262a244b6592752f781fd28447450390,2023,20231228,集客无线AP_QCA_MIPS
2023/20231228/集客无线AP_QCA_MIPS/JIKEAP_AP136Y-H_QCA953X_100M_7.5_2023122800.bin.rar,JIKEAP_AP136Y-H_QCA953X_100M_7.5_2023122800.bin.rar,6520244,1d7d7180dacb082055f1a2214fb554c7,2023,20231228,集客无线AP_QCA_MIPS
2023/20231228/集客无线AP_QCA_MIPS/JIKEAP_AP147_QCA953X_100M_QCA9887_FREE_7.5_2023122800.bin.rar,JIKEAP_AP147_QCA953X_100M_QCA9887_FREE_7.5_2023122800.bin.rar,7656964,3f40787d23dc8b44b76bde3e45b63cdf,2023,20231228,集客无线AP_QCA_MIPS
2023/20231228/集客无线AP_QCA_MIPS/JIKEAP_AP153Y-H_QCA953X_7.5_2023122800.bin.rar,JIKEAP_AP153Y-H_QCA953X_7.5_2023122800.bin.rar,6520220,262d78863ff88d2e6122a0a7322580dd,2023,20231228,集客无线AP_QCA_MIPS
2023/20231228/集客无线AP_QCA_MIPS/JIKEAP_AP185W_QCA934X_7.5_2023122800.bin.rar,JIKEAP_AP185W_QCA934X_7.5_2023122800.bin.rar,6518882,4ee4d7a7dac895095f3e433fbc05dfaf,2023,20231228,集客无线AP_QCA_MIPS
2023/20231228/集客无线AP_QCA_MIPS/JIKEAP_AP220G_AP220G_QCA956X_1000M_QCA9886_7.5_2023122800.bin.rar,JIKEAP_AP220G_AP220G_QCA956X_1000M_QCA9886_7.5_2023122800.bin.rar,7768198,72a02459fcbd81da62ddd779d7d10777,2023,20231228,集客无线AP_QCA_MIPS
2023/20231228/集客无线AP_QCA_MIPS/JIKEAP_AP222G_QCA956X_7.5_2023122800.bin.rar,JIKEAP_AP222G_QCA956X_7.5_2023122800.bin.rar,7768630,6fe0a89303c03e11603c7542fb0fe3b8,2023,20231228,集客无线AP_QCA_MIPS
2023/20231228/集客无线AP_QCA_MIPS/JIKEAP_AP223G_AP223G_QCA956X_1000M_QCA9886_7.5_2023122800.bin.rar,JIKEAP_AP223G_AP223G_QCA956X_1000M_QCA9886_7.5_2023122800.bin.rar,7745421,e72c3a7fd08ad12a23459f226bc4f2b6,2023,20231228,集客无线AP_QCA_MIPS
2023/20231228/集客无线AP_QCA_MIPS/JIKEAP_AP260F-H_QCA953X_100M_QCA9887_7.5_2023122800.bin.rar,JIKEAP_AP260F-H_QCA953X_100M_QCA9887_7.5_2023122800.bin.rar,6881153,d9d9f6cc98ac4001c66aa45ccef53f34,2023,20231228,集客无线AP_QCA_MIPS
2023/20231228/集客无线AP_QCA_MIPS/JIKEAP_AP260T-H_QCA953X_100M_AR9X82_7.5_2023122800.bin.rar,JIKEAP_AP260T-H_QCA953X_100M_AR9X82_7.5_2023122800.bin.rar,6520082,4e04b5264f34cecc7ac623154bf34cc3,2023,20231228,集客无线AP_QCA_MIPS
2023/20231228/集客无线AP_QCA_MIPS/JIKEAP_AP261Y-H_QCA953X_100M_QCA9887_7.5_2023122800.bin.rar,JIKEAP_AP261Y-H_QCA953X_100M_QCA9887_7.5_2023122800.bin.rar,6879633,a1aeba4366254b08c5a8f792e1fa6429,2023,20231228,集客无线AP_QCA_MIPS
2023/20231228/集客无线AP_QCA_MIPS/JIKEAP_AP262Y-H_QCA956X_1000M_QCA9882_7.5_2023122800.bin.rar,JIKEAP_AP262Y-H_QCA956X_1000M_QCA9882_7.5_2023122800.bin.rar,7679505,252bb75a072632881c255071ffaaf726,2023,20231228,集客无线AP_QCA_MIPS
2023/20231228/集客无线AP_QCA_MIPS/JIKEAP_AP263YS_QCA956X_1000M_QCA9880_7.5_2023122800.bin.rar,JIKEAP_AP263YS_QCA956X_1000M_QCA9880_7.5_2023122800.bin.rar,8032032,085de1868659d13ae0fc704209cea3a3,2023,20231228,集客无线AP_QCA_MIPS
2023/20231228/集客无线AP_QCA_MIPS/JIKEAP_AP266G-H_QCA955X_1000M_QCA9880_7.5_2023122800.bin.rar,JIKEAP_AP266G-H_QCA955X_1000M_QCA9880_7.5_2023122800.bin.rar,7678395,60cae37ce42dd4532cee4737b9b6e71e,2023,20231228,集客无线AP_QCA_MIPS
2023/20231228/集客无线AP_QCA_MIPS/JIKEAP_AP267F-H_QCA956X_1000M_QCA9886_7.5_2023122800.bin.rar,JIKEAP_AP267F-H_QCA956X_1000M_QCA9886_7.5_2023122800.bin.rar,7768139,07dd29a3c9b7b8983ef7e5aab4ef0f3e,2023,20231228,集客无线AP_QCA_MIPS
2023/20231228/集客无线AP_QCA_MIPS/JIKEAP_AP267F-Hv2_AP267F-HV2_QCA956X_1000M_QCA9886_7.5_2023122800.bin.rar,JIKEAP_AP267F-Hv2_AP267F-HV2_QCA956X_1000M_QCA9886_7.5_2023122800.bin.rar,7768370,72ce872d215a566d6c0d425560a55f48,2023,20231228,集客无线AP_QCA_MIPS
2023/20231228/集客无线AP_QCA_MIPS/JIKEAP_AP267KY-H_QCA956X_1000M_QCA9886_7.5_2023122800.bin.rar,JIKEAP_AP267KY-H_QCA956X_1000M_QCA9886_7.5_2023122800.bin.rar,7768271,b30b998a1989dc837dbb272dae4f8ee4,2023,20231228,集客无线AP_QCA_MIPS
2023/20231228/集客无线AP_QCA_MIPS/JIKEAP_AP280F-H_QCA953X_100M_QCA9887_7.5_2023122800.bin.rar,JIKEAP_AP280F-H_QCA953X_100M_QCA9887_7.5_2023122800.bin.rar,6881175,113bfcd0b72c680a584b45aa2f4bcfb9,2023,20231228,集客无线AP_QCA_MIPS
2023/20231228/集客无线AP_QCA_MIPS/JIKEAP_AP280Y-H_QCA953X_7.5_2023122800.bin.rar,JIKEAP_AP280Y-H_QCA953X_7.5_2023122800.bin.rar,6879588,baaba7bb42c11369c897697e8503cfca,2023,20231228,集客无线AP_QCA_MIPS
2023/20231228/集客无线AP_QCA_MIPS/JIKEAP_AP281Y-H_AP281YV2_QCA956X_7.5_2023122800.bin.rar,JIKEAP_AP281Y-H_AP281YV2_QCA956X_7.5_2023122800.bin.rar,7768487,fd5ff6974fb91ebf3e67ec94ea718c7b,2023,20231228,集客无线AP_QCA_MIPS
2023/20231228/集客无线AP_QCA_MIPS/JIKEAP_AP281Y-H_QCA956X_7.5_2023122800.bin.rar,JIKEAP_AP281Y-H_QCA956X_7.5_2023122800.bin.rar,7771147,4f043b775ee0ff393638da91049d339d,2023,20231228,集客无线AP_QCA_MIPS
2023/20231228/集客无线AP_QCA_MIPS/JIKEAP_AP282T-H_QCA956X_7.5_2023122800.bin.rar,JIKEAP_AP282T-H_QCA956X_7.5_2023122800.bin.rar,8552202,d657cded0ff12c13422d3d7542b507b6,2023,20231228,集客无线AP_QCA_MIPS
2023/20231228/集客无线AP_QCA_MIPS/JIKEAP_AP283Y-H_QCA956X_7.5_2023122800.bin.rar,JIKEAP_AP283Y-H_QCA956X_7.5_2023122800.bin.rar,7679291,521b615143bfa1f2285acb99f4e25511,2023,20231228,集客无线AP_QCA_MIPS
2023/20231228/集客无线AP_QCA_MIPS/JIKEAP_AP284Y-H_QCA956X_7.5_2023122800.bin.rar,JIKEAP_AP284Y-H_QCA956X_7.5_2023122800.bin.rar,7768382,f05d7e64f3a4be2bdcc28844e2d704bb,2023,20231228,集客无线AP_QCA_MIPS
2023/20231228/集客无线AP_QCA_MIPS/JIKEAP_AP3513NA_QCA934X_7.5_2023122800.bin.rar,JIKEAP_AP3513NA_QCA934X_7.5_2023122800.bin.rar,6518946,42cff844b62bb35782a42f76b6f2f0f8,2023,20231228,集客无线AP_QCA_MIPS
2023/20231228/集客无线AP_QCA_MIPS/JIKEAP_AP49_QCA953X_7.5_2023122800.bin.rar,JIKEAP_AP49_QCA953X_7.5_2023122800.bin.rar,6923784,8468b5d291a9e5e61a146812e292e8a8,2023,20231228,集客无线AP_QCA_MIPS
2023/20231228/集客无线AP_QCA_MIPS/JIKEAP_AP630_QCA953X_100M_EPORT_7.5_2023122800.bin.rar,JIKEAP_AP630_QCA953X_100M_EPORT_7.5_2023122800.bin.rar,6520278,9b001f8fe3cabc14f9d819fd5f5bf1b3,2023,20231228,集客无线AP_QCA_MIPS
2023/20231228/集客无线AP_QCA_MIPS/JIKEAP_AP630v2_AP630V2_QCA953X_100M_EPORT_7.5_2023122800.bin.rar,JIKEAP_AP630v2_AP630V2_QCA953X_100M_EPORT_7.5_2023122800.bin.rar,6519080,b9e1e5211e7711ff37b743c028111806,2023,20231228,集客无线AP_QCA_MIPS
2023/20231228/集客无线AP_QCA_MIPS/JIKEAP_AP675_QCA953X_100M_EPORT_7.5_2023122800.bin.rar,JIKEAP_AP675_QCA953X_100M_EPORT_7.5_2023122800.bin.rar,6879631,48ec286e618bc07ad4667e7ba8f8afc1,2023,20231228,集客无线AP_QCA_MIPS
2023/20231228/集客无线AP_QCA_MIPS/JIKEAP_AP830H_QCA953X_100M_7.5_2023122800.bin.rar,JIKEAP_AP830H_QCA953X_100M_7.5_2023122800.bin.rar,6521939,ab897df508bee66205207e73db7bd644,2023,20231228,集客无线AP_QCA_MIPS
2023/20231228/集客无线AP_QCA_MIPS/JIKEAP_AP875H_QCA953X_100M_QCA9887_7.5_2023122800.bin.rar,JIKEAP_AP875H_QCA953X_100M_QCA9887_7.5_2023122800.bin.rar,6881213,7318899bcc61b151f0ff685e16e08210,2023,20231228,集客无线AP_QCA_MIPS
2023/20231228/集客无线AP_QCA_MIPS/JIKEAP_AP9344_35P0_AP9344P0_QCA934X_1000M_7.5_2023122800.bin.rar,JIKEAP_AP9344_35P0_AP9344P0_QCA934X_1000M_7.5_2023122800.bin.rar,6520079,99ed2d4a6182cd8f2d64622aa6576355,2023,20231228,集客无线AP_QCA_MIPS
2023/20231228/集客无线AP_QCA_MIPS/JIKEAP_AP9344_35P4_AP9344P4_QCA934X_1000M_7.5_2023122800.bin.rar,JIKEAP_AP9344_35P4_AP9344P4_QCA934X_1000M_7.5_2023122800.bin.rar,6520209,d6307932d06c2494e2d7728c98c16892,2023,20231228,集客无线AP_QCA_MIPS
2023/20231228/集客无线AP_QCA_MIPS/JIKEAP_AP9344_8327_QCA934X_1000M_7.5_2023122800.bin.rar,JIKEAP_AP9344_8327_QCA934X_1000M_7.5_2023122800.bin.rar,6518574,fe2be558023d3ebb40893cc233d99905,2023,20231228,集客无线AP_QCA_MIPS
2023/20231228/集客无线AP_QCA_MIPS/JIKEAP_AP9344_M100_QCA934X_100M_7.5_2023122800.bin.rar,JIKEAP_AP9344_M100_QCA934X_100M_7.5_2023122800.bin.rar,6520026,0039478b838fe52e2629b51a2645cd2a,2023,20231228,集客无线AP_QCA_MIPS
2023/20231228/集客无线AP_QCA_MIPS/JIKEAP_AP9344_RTL_QCA934X_1000M_7.5_2023122800.bin.rar,JIKEAP_AP9344_RTL_QCA934X_1000M_7.5_2023122800.bin.rar,6520238,114b15ead49a00e0fa922a811b66accd,2023,20231228,集客无线AP_QCA_MIPS
2023/20231228/集客无线AP_QCA_MIPS/JIKEAP_AP941_QCA953X_100M_FREE_7.5_2023122800.bin.rar,JIKEAP_AP941_QCA953X_100M_FREE_7.5_2023122800.bin.rar,6518659,c2c47c3316d75431e3fcecf5bc1e320d,2023,20231228,集客无线AP_QCA_MIPS
2023/20231228/集客无线AP_QCA_MIPS/JIKEAP_AP9558V_QCA955X_1000M_QCA9880_LEEEL_FREE_7.5_2023122800.bin.rar,JIKEAP_AP9558V_QCA955X_1000M_QCA9880_LEEEL_FREE_7.5_2023122800.bin.rar,7679553,65b0cb364d9b59a22bfaa7b1cfaf3597,2023,20231228,集客无线AP_QCA_MIPS
2023/20231228/集客无线AP_QCA_MIPS/JIKEAP_AP9558_QCA955X_1000M_QCA9880_FREE_7.5_2023122800.bin.rar,JIKEAP_AP9558_QCA955X_1000M_QCA9880_FREE_7.5_2023122800.bin.rar,7679614,3c8856aa0eafc0360d9a3414e65b8bec,2023,20231228,集客无线AP_QCA_MIPS
2023/20231228/集客无线AP_QCA_MIPS/JIKEAP_ARIMA2210_QCA934X_EPORT_7.5_2023122800.bin.rar,JIKEAP_ARIMA2210_QCA934X_EPORT_7.5_2023122800.bin.rar,6518962,4093a87489b7627f9b715a647440ca9d,2023,20231228,集客无线AP_QCA_MIPS
2023/20231228/集客无线AP_QCA_MIPS/JIKEAP_FX-2ac_FX2AC_QCA956X_7.5_2023122800.bin.rar,JIKEAP_FX-2ac_FX2AC_QCA956X_7.5_2023122800.bin.rar,7673490,0f6db8c059081b2ea06df8e9db1e11ef,2023,20231228,集客无线AP_QCA_MIPS
2023/20231228/集客无线AP_QCA_MIPS/JIKEAP_MI100_QCA934X_100M_7.5_2023122800.bin.rar,JIKEAP_MI100_QCA934X_100M_7.5_2023122800.bin.rar,6518776,7c3f52e897dc6f3dff3e1ba56ef4ddc9,2023,20231228,集客无线AP_QCA_MIPS
2023/20231228/集客无线AP_QCA_MIPS/JIKEAP_WPJ563_QCA956X_1000M_QCA9880_7.5_2023122800.bin.rar,JIKEAP_WPJ563_QCA956X_1000M_QCA9880_7.5_2023122800.bin.rar,8031780,b322dd91af506de62900097dfaec1dc3,2023,20231228,集客无线AP_QCA_MIPS
2023/20231228/集客无线AP_QCA_MIPS/JIKEAP_XD102_QCA953X_7.5_2023122800.bin.rar,JIKEAP_XD102_QCA953X_7.5_2023122800.bin.rar,6518989,e794c3ff66da3de80bc0b7a6c85e11dd,2023,20231228,集客无线AP_QCA_MIPS
2023/20231228/集客无线AP_QCA_MIPS/JIKEAP_XD1202G_QCA956X_7.5_2023122800.bin.rar,JIKEAP_XD1202G_QCA956X_7.5_2023122800.bin.rar,7768632,d7c8770a1c5d27155c8327b7cd3f9e08,2023,20231228,集客无线AP_QCA_MIPS
2023/20231228/集客无线AP_QCA_MIPS/release_notes.txt,release_notes.txt,5872,08cf46955c1acc70c1935dfe6efcc48b,2023,20231228,集客无线AP_QCA_MIPS
2024/20240201/JIKEAP精选/JIKEAP_AP110T_QCA933X_100M_EPORT_FREE_7.5_2024020100.bin,JIKEAP_AP110T_QCA933X_100M_EPORT_FREE_7.5_2024020100.bin,6684746,41f81c10fca7bede26047a645fc32557,2024,20240201,JIKEAP精选
2024/20240201/JIKEAP精选/JIKEAP_AP245P_MT7621_K4_MT7615DN_LEEEL_EPORT_FREE_7.5_2024020100.bin,JIKEAP_AP245P_MT7621_K4_MT7615DN_LEEEL_EPORT_FREE_7.5_2024020100.bin,6553838,931c132d46c9ee957782fcfe433b0882,2024,20240201,JIKEAP精选
2024/20240201/JIKEAP精选/JIKEAP_AP246ND_MT7621_K4_MT7603_MT7615N_LLEEL_EPORT_FREE_7.5_2024020100.bin,JIKEAP_AP246ND_MT7621_K4_MT7603_MT7615N_LLEEL_EPORT_FREE_7.5_2024020100.bin,8782063,29820899acb6df3f4c94714ad8c063fa,2024,20240201,JIKEAP精选
2024/20240201/JIKEAP精选/JIKEAP_AP246NND_MT7621_K4_MT7603_MT7615N_LLEEL_EPORT_FREE_7.5_2024020100.bin,JIKEAP_AP246NND_MT7621_K4_MT7603_MT7615N_LLEEL_EPORT_FREE_7.5_2024020100.bin,8782064,03ec3fa125750dec2757d8787dc9d6c4,2024,20240201,JIKEAP精选
2024/20240201/JIKEAP精选/JIKEAP_AP941_QCA953X_100M_FREE_7.5_2024020100.bin,JIKEAP_AP941_QCA953X_100M_FREE_7.5_2024020100.bin,6684746,dccaf92a6e312d1e397fcc6ceff0f99c,2024,20240201,JIKEAP精选
2024/20240201/JIKEAP精选/JIKEAP_AX1800MI_IPQ60XX_1000M_WIFI6_FREE_7.5_2024020100.bin,JIKEAP_AX1800MI_IPQ60XX_1000M_WIFI6_FREE_7.5_2024020100.bin,13898394,4d1d416429f2ef384457204cc61f7f42,2024,20240201,JIKEAP精选
2024/20240201/JIKEAP精选/JIKEAP_AXR3100_IPQ40XX_1000M_QCA9984_HT160_EPORT_FREE_7.5_2024020100.bin,JIKEAP_AXR3100_IPQ40XX_1000M_QCA9984_HT160_EPORT_FREE_7.5_2024020100.bin,14694194,fb35120da0983626af17df461c949022,2024,20240201,JIKEAP精选
2024/20240201/JIKEAP精选/JIKEAP_K2TS_QCA956X_1000M_QCA9886_FREE_7.5_2024020100.bin,JIKEAP_K2TS_QCA956X_1000M_QCA9886_FREE_7.5_2024020100.bin,8192074,9ee4f893f80f0fffb3bdbb52fe1c7436,2024,20240201,JIKEAP精选
2024/20240201/JIKEAP精选/JIKEAP_K2T_QCA956X_1000M_QCA9886_FREE_7.5_2024020100.bin,JIKEAP_K2T_QCA956X_1000M_QCA9886_FREE_7.5_2024020100.bin,8192074,0beee3713874e1dbbc2008ad57cd7b60,2024,20240201,JIKEAP精选
2024/20240201/JIKEAP精选/JIKEAP_N3000V_IPQ50XX_NAND_EPORT_FREE_7.5_2024020100.bin,JIKEAP_N3000V_IPQ50XX_NAND_EPORT_FREE_7.5_2024020100.bin,14816294,cb866e10dfa2c9b3010ab14ee1276dcc,2024,20240201,JIKEAP精选
2024/20240201/JIKEAP精选/ubi-JIKEAP_AX1800MI.img,ubi-JIKEAP_AX1800MI.img,13893632,8f47e62301b457c5ed5649ccd0a8be61,2024,20240201,JIKEAP精选
2024/20240201/JIKEAP精选/ubi-JIKEAP_AXR3100.img,ubi-JIKEAP_AXR3100.img,14680064,c465470861aae6ce9a3e4c92ef0f235d,2024,20240201,JIKEAP精选
2024/20240328/集客无线AP_MTK_ARM/JIKEAP_AP250MD_MT7981_K5_NAND_UBI_AUTO_FREE_7.6_2024032600.bin.rar,JIKEAP_AP250MD_MT7981_K5_NAND_UBI_AUTO_FREE_7.6_2024032600.bin.rar,9213773,47a0c0be457a592e5a8407cb1aebe481,2024,20240328,集客无线AP_MTK_ARM
2024/20240328/集客无线AP_MTK_ARM/JIKEAP_AP250_MT7981_K5_WIFI6_3000M_FREE_7.6_2024032600.bin.rar,JIKEAP_AP250_MT7981_K5_WIFI6_3000M_FREE_7.6_2024032600.bin.rar,9085944,1545e107492659d6274e6d7c5b2a51dc,2024,20240328,集客无线AP_MTK_ARM
2024/20240328/集客无线AP_MTK_ARM/JIKEAP_AX2030FM_MT7981_K5_7.6_2024032600.bin.rar,JIKEAP_AX2030FM_MT7981_K5_7.6_2024032600.bin.rar,9066049,5d3e41bf0cf6aa2223bb053d460b4abf,2024,20240328,集客无线AP_MTK_ARM
2024/20240328/集客无线AP_MTK_ARM/JIKEAP_AX3000AMX_MT7981_K5_WIFI6_3000M_2_5G_7.6_2024032600.bin.rar,JIKEAP_AX3000AMX_MT7981_K5_WIFI6_3000M_2_5G_7.6_2024032600.bin.rar,9065128,6d6f772cd5048e5d11a96751c985a4d1,2024,20240328,集客无线AP_MTK_ARM
2024/20240328/集客无线AP_MTK_ARM/JIKEAP_AX3000AM_MT7981_K5_WIFI6_3000M_7.6_2024032600.bin.rar,JIKEAP_AX3000AM_MT7981_K5_WIFI6_3000M_7.6_2024032600.bin.rar,9079843,6b772dbe6fbf960de89beda98c7a72f7,2024,20240328,集客无线AP_MTK_ARM
2024/20240328/集客无线AP_MTK_ARM/JIKEAP_AX3000FM_MT7981_K5_7.6_2024032600.bin.rar,JIKEAP_AX3000FM_MT7981_K5_7.6_2024032600.bin.rar,9065862,90de05abe7082ad5aaec8fdd39edb04e,2024,20240328,集客无线AP_MTK_ARM
2024/20240328/集客无线AP_MTK_ARM/JIKEAP_AX3000PM_MT7981_K5_WIFI6_3000M_PON_7.6_2024032600.bin.rar,JIKEAP_AX3000PM_MT7981_K5_WIFI6_3000M_PON_7.6_2024032600.bin.rar,9079877,e5214cb0eba8de26e62f2403693f785c,2024,20240328,集客无线AP_MTK_ARM
2024/20240328/集客无线AP_MTK_ARM/JIKEAP_AX3025FM_MT7981_K5_7.6_2024032600.bin.rar,JIKEAP_AX3025FM_MT7981_K5_7.6_2024032600.bin.rar,9066306,08282a0157986ef115951bfc4b4004f1,2024,20240328,集客无线AP_MTK_ARM
2024/20240328/集客无线AP_MTK_ARM/JIKEAP_FAPM3001_MT7981_K5_7.6_2024032600.bin.rar,JIKEAP_FAPM3001_MT7981_K5_7.6_2024032600.bin.rar,9065531,e1acd52df2cd3687895bd7a2dd576537,2024,20240328,集客无线AP_MTK_ARM
2024/20240328/集客无线AP_MTK_ARM/release_notes.txt,release_notes.txt,6572,9d835f5d5c018c0069639324a9239492,2024,20240328,集客无线AP_MTK_ARM
2024/20240328/集客无线AP_MTK_MIPS/JIKEAP_AP107IOT_MT7620_K4_EPORT_7.6_2024032600.bin.rar,JIKEAP_AP107IOT_MT7620_K4_EPORT_7.6_2024032600.bin.rar,5926972,3f32d21b8fc5b3f427d7f86ba0c0ad37,2024,20240328,集客无线AP_MTK_MIPS
2024/20240328/集客无线AP_MTK_MIPS/JIKEAP_AP110F_MT7628_K4_EPORT_7.6_2024032600.bin.rar,JIKEAP_AP110F_MT7628_K4_EPORT_7.6_2024032600.bin.rar,5047939,6e5c88f6a2310d09b75b660e2c865b4f,2024,20240328,集客无线AP_MTK_MIPS
2024/20240328/集客无线AP_MTK_MIPS/JIKEAP_AP118A_MT7628_K4_EPORT_7.6_2024032600.bin.rar,JIKEAP_AP118A_MT7628_K4_EPORT_7.6_2024032600.bin.rar,6640768,f71f92d960a9f67ea3e1f2384fa8c6ab,2024,20240328,集客无线AP_MTK_MIPS
2024/20240328/集客无线AP_MTK_MIPS/JIKEAP_AP118F_AP118F0_MT7628_K4_EPORT_7.6_2024032600.bin.rar,JIKEAP_AP118F_AP118F0_MT7628_K4_EPORT_7.6_2024032600.bin.rar,6636882,fca9b02afe6c919119b151ec8e51ff6a,2024,20240328,集客无线AP_MTK_MIPS
2024/20240328/集客无线AP_MTK_MIPS/JIKEAP_AP118F_MT7628_K4_EPORT_7.6_2024032600.bin.rar,JIKEAP_AP118F_MT7628_K4_EPORT_7.6_2024032600.bin.rar,6641170,b8a23356ec1acce0abc4e85aac3aa564,2024,20240328,集客无线AP_MTK_MIPS
2024/20240328/集客无线AP_MTK_MIPS/JIKEAP_AP118Y_MT7628_K4_EPORT_7.6_2024032600.bin.rar,JIKEAP_AP118Y_MT7628_K4_EPORT_7.6_2024032600.bin.rar,6641149,2f24aa0a3d97284e13ebca4abfb69b2e,2024,20240328,集客无线AP_MTK_MIPS
2024/20240328/集客无线AP_MTK_MIPS/JIKEAP_AP210G_MT7620_K4_EPORT_7.6_2024032600.bin.rar,JIKEAP_AP210G_MT7620_K4_EPORT_7.6_2024032600.bin.rar,6699185,3da14719bd54b480b702dc289ac5feaa,2024,20240328,集客无线AP_MTK_MIPS
2024/20240328/集客无线AP_MTK_MIPS/JIKEAP_AP212-L_AP212L_MT7621_K4_EPORT_7.6_2024032600.bin.rar,JIKEAP_AP212-L_AP212L_MT7621_K4_EPORT_7.6_2024032600.bin.rar,6191332,1fb3abb69793221988b1b360b8211ff1,2024,20240328,集客无线AP_MTK_MIPS
2024/20240328/集客无线AP_MTK_MIPS/JIKEAP_AP212G_AP212G0_MT7621_K4_EPORT_7.6_2024032600.bin.rar,JIKEAP_AP212G_AP212G0_MT7621_K4_EPORT_7.6_2024032600.bin.rar,6191459,f247753b418286abccc512b7caaed49f,2024,20240328,集客无线AP_MTK_MIPS
2024/20240328/集客无线AP_MTK_MIPS/JIKEAP_AP212G_MT7621_K4_EPORT_7.6_2024032600.bin.rar,JIKEAP_AP212G_MT7621_K4_EPORT_7.6_2024032600.bin.rar,6195294,7cd52636ebae3ede8bd238229c0c4fcc,2024,20240328,集客无线AP_MTK_MIPS
2024/20240328/集客无线AP_MTK_MIPS/JIKEAP_AP213G_MT7620_K4_EPORT_7.6_2024032600.bin.rar,JIKEAP_AP213G_MT7620_K4_EPORT_7.6_2024032600.bin.rar,6347845,20b5b3354106d04916a9d753618b7f5a,2024,20240328,集客无线AP_MTK_MIPS
2024/20240328/集客无线AP_MTK_MIPS/JIKEAP_AP216G_MT7621_K4_EPORT_7.6_2024032600.bin.rar,JIKEAP_AP216G_MT7621_K4_EPORT_7.6_2024032600.bin.rar,7169630,f3a1f50196bb540f5e61847f5fc84163,2024,20240328,集客无线AP_MTK_MIPS
2024/20240328/集客无线AP_MTK_MIPS/JIKEAP_AP230EP_MT7620_K4_EPORT_FREE_7.6_2024032600.bin.rar,JIKEAP_AP230EP_MT7620_K4_EPORT_FREE_7.6_2024032600.bin.rar,6989869,f407bfe672e16f87592528a9a8a51e08,2024,20240328,集客无线AP_MTK_MIPS
2024/20240328/集客无线AP_MTK_MIPS/JIKEAP_AP230G_MT7620_K4_RTL_EPORT_FREE_7.6_2024032600.bin.rar,JIKEAP_AP230G_MT7620_K4_RTL_EPORT_FREE_7.6_2024032600.bin.rar,6988882,5d1cdd30ffad35f9d8be63be51caa98a,2024,20240328,集客无线AP_MTK_MIPS
2024/20240328/集客无线AP_MTK_MIPS/JIKEAP_AP230IP_MT7620_K4_EPORT_FREE_7.6_2024032600.bin.rar,JIKEAP_AP230IP_MT7620_K4_EPORT_FREE_7.6_2024032600.bin.rar,6988896,4fc5a1049472382abd98052326b40b3d,2024,20240328,集客无线AP_MTK_MIPS
2024/20240328/集客无线AP_MTK_MIPS/JIKEAP_AP238AN_MT7628_K4_LEEEL_EPORT_FREE_7.6_2024032600.bin.rar,JIKEAP_AP238AN_MT7628_K4_LEEEL_EPORT_FREE_7.6_2024032600.bin.rar,7257302,908330050163fa6f3cd317cc2792ced2,2024,20240328,集客无线AP_MTK_MIPS
2024/20240328/集客无线AP_MTK_MIPS/JIKEAP_AP238IOT_MT7628_K4_LEEEL_EPORT_FREE_7.6_2024032600.bin.rar,JIKEAP_AP238IOT_MT7628_K4_LEEEL_EPORT_FREE_7.6_2024032600.bin.rar,8080965,beffe74736d06e2a7d76ec79f6de2a98,2024,20240328,集客无线AP_MTK_MIPS
2024/20240328/集客无线AP_MTK_MIPS/JIKEAP_AP238MQ_MT7628_K4_LEEEL_EPORT_7.6_2024032600.bin.rar,JIKEAP_AP238MQ_MT7628_K4_LEEEL_EPORT_7.6_2024032600.bin.rar,7340520,01853e88815613cefaade23fd8685d27,2024,20240328,集客无线AP_MTK_MIPS
2024/20240328/集客无线AP_MTK_MIPS/JIKEAP_AP240P_MT7621_K4_SWITCH_LEEEE_EPORT_FREE_7.6_2024032600.bin.rar,JIKEAP_AP240P_MT7621_K4_SWITCH_LEEEE_EPORT_FREE_7.6_2024032600.bin.rar,5149657,7ce18cdf7ffc88bc138e5789dd11bb99,2024,20240328,集客无线AP_MTK_MIPS
2024/20240328/集客无线AP_MTK_MIPS/JIKEAP_AP240SFP_MT7621_K4_SWITCH_LEEEE_FREE_7.6_2024032600.bin.rar,JIKEAP_AP240SFP_MT7621_K4_SWITCH_LEEEE_FREE_7.6_2024032600.bin.rar,5154058,758a83112c8afaaa5ee2120cc2b0142a,2024,20240328,集客无线AP_MTK_MIPS
2024/20240328/集客无线AP_MTK_MIPS/JIKEAP_AP242P_MT7621_K4_LLLLL_64M_FREE_7.6_2024032600.bin.rar,JIKEAP_AP242P_MT7621_K4_LLLLL_64M_FREE_7.6_2024032600.bin.rar,7514355,149143d5149a6ffaa92039c4a062bef1,2024,20240328,集客无线AP_MTK_MIPS
2024/20240328/集客无线AP_MTK_MIPS/JIKEAP_AP246HI_MT7621_K4_1000_FREE_7.6_2024032600.bin.rar,JIKEAP_AP246HI_MT7621_K4_1000_FREE_7.6_2024032600.bin.rar,7740371,cfec1f36f9466bd6c4cf4a0b1be34e7b,2024,20240328,集客无线AP_MTK_MIPS
2024/20240328/集客无线AP_MTK_MIPS/JIKEAP_AP246P_MT7621_K4_MT7603_MT7615N_FREE_7.6_2024032600.bin.rar,JIKEAP_AP246P_MT7621_K4_MT7603_MT7615N_FREE_7.6_2024032600.bin.rar,8553743,3c297c4dc212c90c0c2827a6d897a0cd,2024,20240328,集客无线AP_MTK_MIPS
2024/20240328/集客无线AP_MTK_MIPS/JIKEAP_AP24_MT7621_K4_LEEEL_EPORT_FREE_7.6_2024032600.bin.rar,JIKEAP_AP24_MT7621_K4_LEEEL_EPORT_FREE_7.6_2024032600.bin.rar,7522726,2caef85c52e176288d7b6b0a838fe0a9,2024,20240328,集客无线AP_MTK_MIPS
2024/20240328/集客无线AP_MTK_MIPS/JIKEAP_AP261F-H_AP261F-H0_MT7621_K4_7.6_2024032600.bin.rar,JIKEAP_AP261F-H_AP261F-H0_MT7621_K4_7.6_2024032600.bin.rar,6188763,e32427c53437c72175722a6c359dddcb,2024,20240328,集客无线AP_MTK_MIPS
2024/20240328/集客无线AP_MTK_MIPS/JIKEAP_AP261F-H_MT7621_K4_7.6_2024032600.bin.rar,JIKEAP_AP261F-H_MT7621_K4_7.6_2024032600.bin.rar,6192651,46ec813bc23ab79cd65a7a188bc81c16,2024,20240328,集客无线AP_MTK_MIPS
2024/20240328/集客无线AP_MTK_MIPS/JIKEAP_AP601_MT7620_K4_LEEEE_EPORT_FREE_7.6_2024032600.bin.rar,JIKEAP_AP601_MT7620_K4_LEEEE_EPORT_FREE_7.6_2024032600.bin.rar,5106005,300c014aaa7c15932a5d52c1baac29d7,2024,20240328,集客无线AP_MTK_MIPS
2024/20240328/集客无线AP_MTK_MIPS/JIKEAP_AX1800B_MT7621_K4_EPORT_7.6_2024032600.bin.rar,JIKEAP_AX1800B_MT7621_K4_EPORT_7.6_2024032600.bin.rar,6494811,d1e131dd7a9ce38dac2b325572e119fb,2024,20240328,集客无线AP_MTK_MIPS
2024/20240328/集客无线AP_MTK_MIPS/JIKEAP_AX1800FM_AX1800FM0_MT7621_K4_7.6_2024032600.bin.rar,JIKEAP_AX1800FM_AX1800FM0_MT7621_K4_7.6_2024032600.bin.rar,6490493,ddb72bf58f41ac0da28b10c9706a08c7,2024,20240328,集客无线AP_MTK_MIPS
2024/20240328/集客无线AP_MTK_MIPS/JIKEAP_AX1800FM_MT7621_K4_7.6_2024032600.bin.rar,JIKEAP_AX1800FM_MT7621_K4_7.6_2024032600.bin.rar,6497353,8e6b1b9082d3f4381ebc7ac66327fb6f,2024,20240328,集客无线AP_MTK_MIPS
2024/20240328/集客无线AP_MTK_MIPS/JIKEAP_AX1800H_MT7621_K4_MT7915DN_WIFI6_NAND_FREE_7.6_2024032600.bin.rar,JIKEAP_AX1800H_MT7621_K4_MT7915DN_WIFI6_NAND_FREE_7.6_2024032600.bin.rar,6713917,8a44d24fa8dd8168bf3d77d2a454d678,2024,20240328,集客无线AP_MTK_MIPS
2024/20240328/集客无线AP_MTK_MIPS/JIKEAP_AX1800IoT_AX1800IOT_MT7621_K4_7.6_2024032600.bin.rar,JIKEAP_AX1800IoT_AX1800IOT_MT7621_K4_7.6_2024032600.bin.rar,7318932,6deb41ff0953c481ebc63e879d5f4ca8,2024,20240328,集客无线AP_MTK_MIPS
2024/20240328/集客无线AP_MTK_MIPS/JIKEAP_AX1800S_MT7621_K4_MT7915DN_WIFI6_7.6_2024032600.bin.rar,JIKEAP_AX1800S_MT7621_K4_MT7915DN_WIFI6_7.6_2024032600.bin.rar,6494848,e40eee509f21141c3735f0a02fcd189e,2024,20240328,集客无线AP_MTK_MIPS
2024/20240328/集客无线AP_MTK_MIPS/JIKEAP_AX2018-GPON_AX2018GP_MT7621_K4_EPORT_7.6_2024032600.bin.rar,JIKEAP_AX2018-GPON_AX2018GP_MT7621_K4_EPORT_7.6_2024032600.bin.rar,6494961,095ceb8ddf85ec7297d379f1f3a4240d,2024,20240328,集客无线AP_MTK_MIPS
2024/20240328/集客无线AP_MTK_MIPS/JIKEAP_AX2020_MT7621_K4_EPORT_7.6_2024032600.bin.rar,JIKEAP_AX2020_MT7621_K4_EPORT_7.6_2024032600.bin.rar,6494742,183ba7fe615257f03ba7ca40d983013e,2024,20240328,集客无线AP_MTK_MIPS
2024/20240328/集客无线AP_MTK_MIPS/JIKEAP_AX2021_0AX2021_MT7621_K4_EPORT_7.6_2024032600.bin.rar,JIKEAP_AX2021_0AX2021_MT7621_K4_EPORT_7.6_2024032600.bin.rar,6490637,da2caab8cd1e6026fce02d749e2237a2,2024,20240328,集客无线AP_MTK_MIPS
2024/20240328/集客无线AP_MTK_MIPS/JIKEAP_AX2021_MT7621_K4_EPORT_7.6_2024032600.bin.rar,JIKEAP_AX2021_MT7621_K4_EPORT_7.6_2024032600.bin.rar,6497582,81ec8de0b9c449b79a67421cf4a13b59,2024,20240328,集客无线AP_MTK_MIPS
2024/20240328/集客无线AP_MTK_MIPS/JIKEAP_AX2022MQ_MT7621_K4_EPORT_7.6_2024032600.bin.rar,JIKEAP_AX2022MQ_MT7621_K4_EPORT_7.6_2024032600.bin.rar,6584130,fae348019131a896d450177b3ce8c37c,2024,20240328,集客无线AP_MTK_MIPS
2024/20240328/集客无线AP_MTK_MIPS/JIKEAP_AX2022_MT7621_K4_EPORT_7.6_2024032600.bin.rar,JIKEAP_AX2022_MT7621_K4_EPORT_7.6_2024032600.bin.rar,7318936,57078d8fbc0a79e493fb230eb08bec4a,2024,20240328,集客无线AP_MTK_MIPS
2024/20240328/集客无线AP_MTK_MIPS/JIKEAP_PAK590055_MT7621_K4_EPORT_7.6_2024032600.bin.rar,JIKEAP_PAK590055_MT7621_K4_EPORT_7.6_2024032600.bin.rar,6191380,e7d67e8a3e93785a1c7775339f6dc7e2,2024,20240328,集客无线AP_MTK_MIPS
2024/20240328/集客无线AP_MTK_MIPS/JIKEAP_XB1200G_MT7621_K4_EPORT_7.6_2024032600.bin.rar,JIKEAP_XB1200G_MT7621_K4_EPORT_7.6_2024032600.bin.rar,6195320,3e6205993891fd340c0e8785161c19f9,2024,20240328,集客无线AP_MTK_MIPS
2024/20240328/集客无线AP_MTK_MIPS/JIKEAP_XB8800_MT7620_K4_EPORT_7.6_2024032600.bin.rar,JIKEAP_XB8800_MT7620_K4_EPORT_7.6_2024032600.bin.rar,5106344,9e48173710a8f50a4f848e6b805b012d,2024,20240328,集客无线AP_MTK_MIPS
2024/20240328/集客无线AP_MTK_MIPS/release_notes.txt,release_notes.txt,6572,9d835f5d5c018c0069639324a9239492,2024,20240328,集客无线AP_MTK_MIPS
2024/20240328/集客无线AP_QCA_ARM/JIKEAP_AC58U_IPQ40XX_1000M_IPQ4018_FREE_7.6_2024032600.bin.rar,JIKEAP_AC58U_IPQ40XX_1000M_IPQ4018_FREE_7.6_2024032600.bin.rar,11992024,d6a048cf046034a41d9d639927d74f1b,2024,20240328,集客无线AP_QCA_ARM
2024/20240328/集客无线AP_QCA_ARM/JIKEAP_AC58U_IPQ40XX_7.6_2024032600_opboot.bin.rar,JIKEAP_AC58U_IPQ40XX_7.6_2024032600_opboot.bin.rar,11991753,933a32c4ef1ebdab2212b9691e29bb67,2024,20240328,集客无线AP_QCA_ARM
2024/20240328/集客无线AP_QCA_ARM/JIKEAP_ACRH17_IPQ40XX_1000M_QCA9984_HT160_EPORT_FREE_7.6_2024032600.bin.rar,JIKEAP_ACRH17_IPQ40XX_1000M_QCA9984_HT160_EPORT_FREE_7.6_2024032600.bin.rar,13899477,cae98af14467f31ba556368239fee33f,2024,20240328,集客无线AP_QCA_ARM
2024/20240328/集客无线AP_QCA_ARM/JIKEAP_ACRH17_IPQ40XX_7.6_2024032600_opboot.bin.rar,JIKEAP_ACRH17_IPQ40XX_7.6_2024032600_opboot.bin.rar,13900529,b4cce398e6fefda41766590a06f82e45,2024,20240328,集客无线AP_QCA_ARM
2024/20240328/集客无线AP_QCA_ARM/JIKEAP_AP118L_IPQ40XX_1000M_EPORT_7.6_2024032600.bin.rar,JIKEAP_AP118L_IPQ40XX_1000M_EPORT_7.6_2024032600.bin.rar,13646929,65c3c74ac94ee008b454620573f6da23,2024,20240328,集客无线AP_QCA_ARM
2024/20240328/集客无线AP_QCA_ARM/JIKEAP_AP268F-H_IPQ40XX_7.6_2024032600.bin.rar,JIKEAP_AP268F-H_IPQ40XX_7.6_2024032600.bin.rar,13795165,aa222c490201e57d4e05f4f69a17b11d,2024,20240328,集客无线AP_QCA_ARM
2024/20240328/集客无线AP_QCA_ARM/JIKEAP_AP268F-IoT_AP268IOT_IPQ40XX_7.6_2024032600.bin.rar,JIKEAP_AP268F-IoT_AP268IOT_IPQ40XX_7.6_2024032600.bin.rar,13633463,9d0f013cf54be37b0305611202f41895,2024,20240328,集客无线AP_QCA_ARM
2024/20240328/集客无线AP_QCA_ARM/JIKEAP_AP269X-HG_IPQ40XX_1000M_7.6_2024032600.bin.rar,JIKEAP_AP269X-HG_IPQ40XX_1000M_7.6_2024032600.bin.rar,13646706,7bfc7935148f58a29c354649e05ad9c6,2024,20240328,集客无线AP_QCA_ARM
2024/20240328/集客无线AP_QCA_ARM/JIKEAP_AP285F-H_IPQ40XX_1000M_7.6_2024032600.bin.rar,JIKEAP_AP285F-H_IPQ40XX_1000M_7.6_2024032600.bin.rar,13648677,b2666d35d1a96c18c8012cffb9e029e7,2024,20240328,集客无线AP_QCA_ARM
2024/20240328/集客无线AP_QCA_ARM/JIKEAP_AP285KY-H_IPQ40XX_7.6_2024032600.bin.rar,JIKEAP_AP285KY-H_IPQ40XX_7.6_2024032600.bin.rar,13543383,d3bf107789117f3e48f012f45ed8426f,2024,20240328,集客无线AP_QCA_ARM
2024/20240328/集客无线AP_QCA_ARM/JIKEAP_AP320F-H_IPQ40XX_1000M_3RADIO_7.6_2024032600.bin.rar,JIKEAP_AP320F-H_IPQ40XX_1000M_3RADIO_7.6_2024032600.bin.rar,13614395,20812463643450b42df74e20cea89f0f,2024,20240328,集客无线AP_QCA_ARM
2024/20240328/集客无线AP_QCA_ARM/JIKEAP_AP320KY-H_IPQ40XX_7.6_2024032600.bin.rar,JIKEAP_AP320KY-H_IPQ40XX_7.6_2024032600.bin.rar,13730078,8b79ae30dd1903533e5e0e31b6dbbcd3,2024,20240328,集客无线AP_QCA_ARM
2024/20240328/集客无线AP_QCA_ARM/JIKEAP_AP320KYRUS_IPQ40XX_7.6_2024032600.bin.rar,JIKEAP_AP320KYRUS_IPQ40XX_7.6_2024032600.bin.rar,13730281,1c395ec85c13faca5173387d95222769,2024,20240328,集客无线AP_QCA_ARM
2024/20240328/集客无线AP_QCA_ARM/JIKEAP_AP320Y-H_IPQ40XX_1000M_3RADIO_7.6_2024032600.bin.rar,JIKEAP_AP320Y-H_IPQ40XX_1000M_3RADIO_7.6_2024032600.bin.rar,13648671,09f401ca58922750483935c9094c48f3,2024,20240328,集客无线AP_QCA_ARM
2024/20240328/集客无线AP_QCA_ARM/JIKEAP_AP320YRUS_IPQ40XX_1000M_3RADIO_7.6_2024032600.bin.rar,JIKEAP_AP320YRUS_IPQ40XX_1000M_3RADIO_7.6_2024032600.bin.rar,13648484,62215003ec5f99132fc27e61f27acb04,2024,20240328,集客无线AP_QCA_ARM
2024/20240328/集客无线AP_QCA_ARM/JIKEAP_AP330F-H_IPQ40XX_1000M_3RADIO_HT160_7.6_2024032600.bin.rar,JIKEAP_AP330F-H_IPQ40XX_1000M_3RADIO_HT160_7.6_2024032600.bin.rar,13614551,82922bea888a70479549c7e0075da561,2024,20240328,集客无线AP_QCA_ARM
2024/20240328/集客无线AP_QCA_ARM/JIKEAP_AP386X_IPQ40XX_1000M_3RADIO_7.6_2024032600.bin.rar,JIKEAP_AP386X_IPQ40XX_1000M_3RADIO_7.6_2024032600.bin.rar,13648433,bdf02901fd1acf33b579e3de8da4b5f5,2024,20240328,集客无线AP_QCA_ARM
2024/20240328/集客无线AP_QCA_ARM/JIKEAP_AX1800F_IPQ60XX_1000M_WIFI6_7.6_2024032600.bin.rar,JIKEAP_AX1800F_IPQ60XX_1000M_WIFI6_7.6_2024032600.bin.rar,12601872,10518d247618d5d672f289f69a5e4632,2024,20240328,集客无线AP_QCA_ARM
2024/20240328/集客无线AP_QCA_ARM/JIKEAP_AX1800Y_IPQ60XX_7.6_2024032600.bin.rar,JIKEAP_AX1800Y_IPQ60XX_7.6_2024032600.bin.rar,12897818,a9e3a79144847b3bcfef83be90112036,2024,20240328,集客无线AP_QCA_ARM
2024/20240328/集客无线AP_QCA_ARM/JIKEAP_AX1801-MESH_AX1801MESH_IPQ60XX_7.6_2024032600.bin.rar,JIKEAP_AX1801-MESH_AX1801MESH_IPQ60XX_7.6_2024032600.bin.rar,15221016,e5eec2036faae56b6050f1ebdf31d403,2024,20240328,集客无线AP_QCA_ARM
2024/20240328/集客无线AP_QCA_ARM/JIKEAP_AX2030A_IPQ50XX_EPORT_7.6_2024032600.bin.rar,JIKEAP_AX2030A_IPQ50XX_EPORT_7.6_2024032600.bin.rar,13606627,6e4556b1d795b372bb6b5f55943d776e,2024,20240328,集客无线AP_QCA_ARM
2024/20240328/集客无线AP_QCA_ARM/JIKEAP_AX2034W_IPQ50XX_EPORT_7.6_2024032600.bin.rar,JIKEAP_AX2034W_IPQ50XX_EPORT_7.6_2024032600.bin.rar,14114696,9a43286d8f04888e80ab15f48dbf6e23,2024,20240328,集客无线AP_QCA_ARM
2024/20240328/集客无线AP_QCA_ARM/JIKEAP_AX2180_IPQ60XX_1000M_WIFI6_7.6_2024032600.bin.rar,JIKEAP_AX2180_IPQ60XX_1000M_WIFI6_7.6_2024032600.bin.rar,15007378,e53677d0d1e2e217fa29701ddcd9dd80,2024,20240328,集客无线AP_QCA_ARM
2024/20240328/集客无线AP_QCA_ARM/JIKEAP_AX3000F-SFP_AX3000FX_IPQ50XX_SFP_7.6_2024032600.bin.rar,JIKEAP_AX3000F-SFP_AX3000FX_IPQ50XX_SFP_7.6_2024032600.bin.rar,14106997,ab4f28cf996e62bcb5c8623fc8437cc6,2024,20240328,集客无线AP_QCA_ARM
2024/20240328/集客无线AP_QCA_ARM/JIKEAP_AX3000FY_IPQ50XX_7.6_2024032600.bin.rar,JIKEAP_AX3000FY_IPQ50XX_7.6_2024032600.bin.rar,14093270,7f49446495613a15245755fd933d6727,2024,20240328,集客无线AP_QCA_ARM
2024/20240328/集客无线AP_QCA_ARM/JIKEAP_AX3000F_IPQ50XX_7.6_2024032600.bin.rar,JIKEAP_AX3000F_IPQ50XX_7.6_2024032600.bin.rar,14093090,4161733df2dc63e808c1c0d3554f2c10,2024,20240328,集客无线AP_QCA_ARM
2024/20240328/集客无线AP_QCA_ARM/JIKEAP_AX3000X_IPQ50XX_7.6_2024032600.bin.rar,JIKEAP_AX3000X_IPQ50XX_7.6_2024032600.bin.rar,13873822,90c52cb63aa2c078e3adece95be4d478,2024,20240328,集客无线AP_QCA_ARM
2024/20240328/集客无线AP_QCA_ARM/JIKEAP_AX3001-MESH_AX3001MESH_IPQ50XX_7.6_2024032600.bin.rar,JIKEAP_AX3001-MESH_AX3001MESH_IPQ50XX_7.6_2024032600.bin.rar,16046634,d905c5bd5b96e7ef0060c102ef59a857,2024,20240328,集客无线AP_QCA_ARM
2024/20240328/集客无线AP_QCA_ARM/JIKEAP_AX3025Y_IPQ807X_2500M_WIFI6_HT160_7.6_2024032600.bin.rar,JIKEAP_AX3025Y_IPQ807X_2500M_WIFI6_HT160_7.6_2024032600.bin.rar,15784829,bb9c86edddfcb787fbbc6cc2d6b76167,2024,20240328,集客无线AP_QCA_ARM
2024/20240328/集客无线AP_QCA_ARM/JIKEAP_AX3050KY_IPQ807X_5000M_WIFI6_HT160_7.6_2024032600.bin.rar,JIKEAP_AX3050KY_IPQ807X_5000M_WIFI6_HT160_7.6_2024032600.bin.rar,13471948,f0c9b25c1770c343fc1921677bd357f1,2024,20240328,集客无线AP_QCA_ARM
2024/20240328/集客无线AP_QCA_ARM/JIKEAP_AX5400KY_IPQ50XX_7.6_2024032600.bin.rar,JIKEAP_AX5400KY_IPQ50XX_7.6_2024032600.bin.rar,14333392,8f3aa9c55a649a47f3e04b665767b09b,2024,20240328,集客无线AP_QCA_ARM
2024/20240328/集客无线AP_QCA_ARM/JIKEAP_AX5425Y-3-RU_AX5425Y3RU_IPQ50XX_7.6_2024032600.bin.rar,JIKEAP_AX5425Y-3-RU_AX5425Y3RU_IPQ50XX_7.6_2024032600.bin.rar,14120687,0fa39c848f77dfb8e5399911419e4685,2024,20240328,集客无线AP_QCA_ARM
2024/20240328/集客无线AP_QCA_ARM/JIKEAP_AX5RM_IPQ60XX_1000M_WIFI6_FREE_7.6_2024032600.bin.rar,JIKEAP_AX5RM_IPQ60XX_1000M_WIFI6_FREE_7.6_2024032600.bin.rar,12769866,eb2027066db3ab87253fbe54a0ee641f,2024,20240328,集客无线AP_QCA_ARM
2024/20240328/集客无线AP_QCA_ARM/JIKEAP_AX8180X_IPQ60XX_7.6_2024032600.bin.rar,JIKEAP_AX8180X_IPQ60XX_7.6_2024032600.bin.rar,12916259,4250e78ee23ef60fb60ce6734c082dc1,2024,20240328,集客无线AP_QCA_ARM
2024/20240328/集客无线AP_QCA_ARM/JIKEAP_AX8180Y_IPQ60XX_7.6_2024032600.bin.rar,JIKEAP_AX8180Y_IPQ60XX_7.6_2024032600.bin.rar,13053049,665317ec5ae26e287e9e0d3ec85340d9,2024,20240328,集客无线AP_QCA_ARM
2024/20240328/集客无线AP_QCA_ARM/JIKEAP_AX8300A-SFP_AX8300ASFP_IPQ50XX_7.6_2024032600.bin.rar,JIKEAP_AX8300A-SFP_AX8300ASFP_IPQ50XX_7.6_2024032600.bin.rar,14100356,fcbb0667a5499a340380e8653b42bcc1,2024,20240328,集客无线AP_QCA_ARM
2024/20240328/集客无线AP_QCA_ARM/JIKEAP_AX8300A-SFP_IPQ50XX_7.6_2024032600.bin.rar,JIKEAP_AX8300A-SFP_IPQ50XX_7.6_2024032600.bin.rar,14094544,1b6b8843f23b357bf486f0d0c1c30c3e,2024,20240328,集客无线AP_QCA_ARM
2024/20240328/集客无线AP_QCA_ARM/JIKEAP_AX8301L_IPQ50XX_7.6_2024032600.bin.rar,JIKEAP_AX8301L_IPQ50XX_7.6_2024032600.bin.rar,14094333,57d0c329db5e0ac36f6f89fdaa86db3f,2024,20240328,集客无线AP_QCA_ARM
2024/20240328/集客无线AP_QCA_ARM/JIKEAP_B3000_IPQ50XX_AR8033_NOR32_EPORT_FREE_7.6_2024032600.bin.rar,JIKEAP_B3000_IPQ50XX_AR8033_NOR32_EPORT_FREE_7.6_2024032600.bin.rar,13253367,06a11b2f51b607231bec2b5d73506cd0,2024,20240328,集客无线AP_QCA_ARM
2024/20240328/集客无线AP_QCA_ARM/JIKEAP_CM520_IPQ40XX_1000M_NAND_EPORT_FREE_7.6_2024032600.bin.rar,JIKEAP_CM520_IPQ40XX_1000M_NAND_EPORT_FREE_7.6_2024032600.bin.rar,13921358,d39563b723722488eea92d36a6ca9952,2024,20240328,集客无线AP_QCA_ARM
2024/20240328/集客无线AP_QCA_ARM/JIKEAP_CM520_IPQ40XX_7.6_2024032600_opboot.bin.rar,JIKEAP_CM520_IPQ40XX_7.6_2024032600_opboot.bin.rar,13918024,49af2e6a7b51efe30099092a48fc108d,2024,20240328,集客无线AP_QCA_ARM
2024/20240328/集客无线AP_QCA_ARM/JIKEAP_EA1303_IPQ50XX_7.6_2024032600.bin.rar,JIKEAP_EA1303_IPQ50XX_7.6_2024032600.bin.rar,14325712,714918a9ef24cd8593643d780c4630bd,2024,20240328,集客无线AP_QCA_ARM
2024/20240328/集客无线AP_QCA_ARM/JIKEAP_HM1800_IPQ60XX_1000M_WIFI6_7.6_2024032600.bin.rar,JIKEAP_HM1800_IPQ60XX_1000M_WIFI6_7.6_2024032600.bin.rar,12959109,03d84f5a2ca4a2cc9abe546f88884239,2024,20240328,集客无线AP_QCA_ARM
2024/20240328/集客无线AP_QCA_ARM/JIKEAP_N3000_IPQ50XX_NAND_FREE_7.6_2024032600.bin.rar,JIKEAP_N3000_IPQ50XX_NAND_FREE_7.6_2024032600.bin.rar,13515861,dbef492bde6b1f6b45a335e4595032f3,2024,20240328,集客无线AP_QCA_ARM
2024/20240328/集客无线AP_QCA_ARM/JIKEAP_WIA3600_IPQ50XX_QCA8337_NAND_7.6_2024032600.bin.rar,JIKEAP_WIA3600_IPQ50XX_QCA8337_NAND_7.6_2024032600.bin.rar,13594575,d0e2be4176696e87c95be321d280c972,2024,20240328,集客无线AP_QCA_ARM
2024/20240328/集客无线AP_QCA_ARM/JIKEAP_WP963_IPQ50XX_AR8033_NOR16_EPORT_7.6_2024032600.bin.rar,JIKEAP_WP963_IPQ50XX_AR8033_NOR16_EPORT_7.6_2024032600.bin.rar,12896350,8f2bf0bb1be0763a3521d12167aa74b8,2024,20240328,集客无线AP_QCA_ARM
2024/20240328/集客无线AP_QCA_ARM/JIKEAP_WP973_IPQ50XX_NAND_7.6_2024032600.bin.rar,JIKEAP_WP973_IPQ50XX_NAND_7.6_2024032600.bin.rar,14094037,fad882e6b36fd8f5055755f2afbc39ae,2024,20240328,集客无线AP_QCA_ARM
2024/20240328/集客无线AP_QCA_ARM/JIKEAP_WP973_V0_IPQ50XX_NOR_NAND_7.6_2024032600.bin.rar,JIKEAP_WP973_V0_IPQ50XX_NOR_NAND_7.6_2024032600.bin.rar,14094709,5cb7daa7c0d686f102461232112a4554,2024,20240328,集客无线AP_QCA_ARM
2024/20240328/集客无线AP_QCA_ARM/release_notes.txt,release_notes.txt,5872,08cf46955c1acc70c1935dfe6efcc48b,2024,20240328,集客无线AP_QCA_ARM
2024/20240328/集客无线AP_QCA_ARM/ubi-JIKEAP_AC58U.img,ubi-JIKEAP_AC58U.img,12845056,1521f95ed1e6ce1c9e186d9f5ebdef24,2024,20240328,集客无线AP_QCA_ARM
2024/20240328/集客无线AP_QCA_ARM/ubi-JIKEAP_ACRH17.img,ubi-JIKEAP_ACRH17.img,14680064,ced3156f2123a17e73746011feb7e1ca,2024,20240328,集客无线AP_QCA_ARM
2024/20240328/集客无线AP_QCA_ARM/ubi-JIKEAP_AX5RM.img,ubi-JIKEAP_AX5RM.img,13893632,cd361f110d5bf1d040577eca82c9cd34,2024,20240328,集客无线AP_QCA_ARM
2024/20240328/集客无线AP_QCA_ARM/ubi-JIKEAP_CM520.img,ubi-JIKEAP_CM520.img,14680064,68e8d040456f1078393945db1aeb4464,2024,20240328,集客无线AP_QCA_ARM
2024/20240328/集客无线AP_QCA_ARM/ubi-JIKEAP_N3000.img,ubi-JIKEAP_N3000.img,14811136,0f0ba28fb47d51c63d433ca303444cd0,2024,20240328,集客无线AP_QCA_ARM
2024/20240328/集客无线AP_QCA_MIPS/JIKEAP_AP0141_QCA934X_1000M_7.6_2024032600.bin.rar,JIKEAP_AP0141_QCA934X_1000M_7.6_2024032600.bin.rar,6676553,de56e6baf33e013ced2acf11809877e4,2024,20240328,集客无线AP_QCA_MIPS
2024/20240328/集客无线AP_QCA_MIPS/JIKEAP_AP110T_QCA933X_100M_EPORT_FREE_7.6_2024032600.bin.rar,JIKEAP_AP110T_QCA933X_100M_EPORT_FREE_7.6_2024032600.bin.rar,6675955,d6ef9bf8d0a9dfc388291f0f9842263e,2024,20240328,集客无线AP_QCA_MIPS
2024/20240328/集客无线AP_QCA_MIPS/JIKEAP_AP112F_QCA953X_100M_16M_EPORT_7.6_2024032600.bin.rar,JIKEAP_AP112F_QCA953X_100M_16M_EPORT_7.6_2024032600.bin.rar,6677858,a842fc694526bc3822fb7e81555e8345,2024,20240328,集客无线AP_QCA_MIPS
2024/20240328/集客无线AP_QCA_MIPS/JIKEAP_AP112Fv2_AP112FV2_QCA953X_100M_8M_EPORT_7.6_2024032600.bin.rar,JIKEAP_AP112Fv2_AP112FV2_QCA953X_100M_8M_EPORT_7.6_2024032600.bin.rar,6676668,39b0cf2bb22c9dae155293ccfaccd288,2024,20240328,集客无线AP_QCA_MIPS
2024/20240328/集客无线AP_QCA_MIPS/JIKEAP_AP112J_QCA953X_100M_EPORT_7.6_2024032600.bin.rar,JIKEAP_AP112J_QCA953X_100M_EPORT_7.6_2024032600.bin.rar,6677973,37ca1e7c7bb3ce2aa08648952186ba45,2024,20240328,集客无线AP_QCA_MIPS
2024/20240328/集客无线AP_QCA_MIPS/JIKEAP_AP112Q_QCA934X_100M_EPORT_7.6_2024032600.bin.rar,JIKEAP_AP112Q_QCA934X_100M_EPORT_7.6_2024032600.bin.rar,6677061,6f9bf3486bc1acbe25fbbdc92f1d3e83,2024,20240328,集客无线AP_QCA_MIPS
2024/20240328/集客无线AP_QCA_MIPS/JIKEAP_AP112T_QCA953X_100M_EPORT_7.6_2024032600.bin.rar,JIKEAP_AP112T_QCA953X_100M_EPORT_7.6_2024032600.bin.rar,6676447,0cd534f717cff9273236f0a0e8d3d081,2024,20240328,集客无线AP_QCA_MIPS
2024/20240328/集客无线AP_QCA_MIPS/JIKEAP_AP112Y_QCA953X_100M_EPORT_7.6_2024032600.bin.rar,JIKEAP_AP112Y_QCA953X_100M_EPORT_7.6_2024032600.bin.rar,6677931,abdfa244824215133916631f775985bf,2024,20240328,集客无线AP_QCA_MIPS
2024/20240328/集客无线AP_QCA_MIPS/JIKEAP_AP116F_QCA953X_100M_QCA9887_EPORT_7.6_2024032600.bin.rar,JIKEAP_AP116F_QCA953X_100M_QCA9887_EPORT_7.6_2024032600.bin.rar,7037563,cb692cf4c8ee1e6374c2adc28c4222de,2024,20240328,集客无线AP_QCA_MIPS
2024/20240328/集客无线AP_QCA_MIPS/JIKEAP_AP116Q_QCA953X_100M_QCA9887_EPORT_7.6_2024032600.bin.rar,JIKEAP_AP116Q_QCA953X_100M_QCA9887_EPORT_7.6_2024032600.bin.rar,7037624,51a29ed1bfe0c13529615f6a3301140f,2024,20240328,集客无线AP_QCA_MIPS
2024/20240328/集客无线AP_QCA_MIPS/JIKEAP_AP117Q_QCA956X_1000M_QCA9882_7.6_2024032600.bin.rar,JIKEAP_AP117Q_QCA956X_1000M_QCA9882_7.6_2024032600.bin.rar,7836999,675e48acb02cfe3808887cd2fdc21904,2024,20240328,集客无线AP_QCA_MIPS
2024/20240328/集客无线AP_QCA_MIPS/JIKEAP_AP120_QCA934X_1000M_FREE_7.6_2024032600.bin.rar,JIKEAP_AP120_QCA934X_1000M_FREE_7.6_2024032600.bin.rar,7053895,364b8be7607fd589a5c5b1c8c2a820a3,2024,20240328,集客无线AP_QCA_MIPS
2024/20240328/集客无线AP_QCA_MIPS/JIKEAP_AP126F_QCA953X_100M_8M_7.6_2024032600.bin.rar,JIKEAP_AP126F_QCA953X_100M_8M_7.6_2024032600.bin.rar,6676544,dda5cd59598fbc7e54be4bba685254ff,2024,20240328,集客无线AP_QCA_MIPS
2024/20240328/集客无线AP_QCA_MIPS/JIKEAP_AP130F-H_QCA953X_100M_7.6_2024032600.bin.rar,JIKEAP_AP130F-H_QCA953X_100M_7.6_2024032600.bin.rar,6679354,1737aa1ad6421f214b0581fa93873661,2024,20240328,集客无线AP_QCA_MIPS
2024/20240328/集客无线AP_QCA_MIPS/JIKEAP_AP130T_QCA934X_100M_AR9341_7.6_2024032600.bin.rar,JIKEAP_AP130T_QCA934X_100M_AR9341_7.6_2024032600.bin.rar,6676307,62d00c52580906b2231e3a5607d4afe9,2024,20240328,集客无线AP_QCA_MIPS
2024/20240328/集客无线AP_QCA_MIPS/JIKEAP_AP135T-H_QCA953X_100M_AR9341_7.6_2024032600.bin.rar,JIKEAP_AP135T-H_QCA953X_100M_AR9341_7.6_2024032600.bin.rar,6676456,3609006deebd02583d0da95214c4947f,2024,20240328,集客无线AP_QCA_MIPS
2024/20240328/集客无线AP_QCA_MIPS/JIKEAP_AP136Y-H_QCA953X_100M_7.6_2024032600.bin.rar,JIKEAP_AP136Y-H_QCA953X_100M_7.6_2024032600.bin.rar,6677881,bbce9e9cf12d3efaccf7b26590f97f75,2024,20240328,集客无线AP_QCA_MIPS
2024/20240328/集客无线AP_QCA_MIPS/JIKEAP_AP147_QCA953X_100M_QCA9887_FREE_7.6_2024032600.bin.rar,JIKEAP_AP147_QCA953X_100M_QCA9887_FREE_7.6_2024032600.bin.rar,7814576,776db4d4e397f1bd87ccdbfdaea8fbf7,2024,20240328,集客无线AP_QCA_MIPS
2024/20240328/集客无线AP_QCA_MIPS/JIKEAP_AP153Y-H_QCA953X_7.6_2024032600.bin.rar,JIKEAP_AP153Y-H_QCA953X_7.6_2024032600.bin.rar,6677920,690efce6b41e0c8832afe5a3020897cf,2024,20240328,集客无线AP_QCA_MIPS
2024/20240328/集客无线AP_QCA_MIPS/JIKEAP_AP185W_QCA934X_7.6_2024032600.bin.rar,JIKEAP_AP185W_QCA934X_7.6_2024032600.bin.rar,6676561,5ca6c03702d6c30c6b28b00ddc5d85c7,2024,20240328,集客无线AP_QCA_MIPS
2024/20240328/集客无线AP_QCA_MIPS/JIKEAP_AP220G_AP220G_QCA956X_1000M_QCA9886_7.6_2024032600.bin.rar,JIKEAP_AP220G_AP220G_QCA956X_1000M_QCA9886_7.6_2024032600.bin.rar,7925843,f1dcdc9f0e755142469487ee22cef50b,2024,20240328,集客无线AP_QCA_MIPS
2024/20240328/集客无线AP_QCA_MIPS/JIKEAP_AP222G_QCA956X_7.6_2024032600.bin.rar,JIKEAP_AP222G_QCA956X_7.6_2024032600.bin.rar,7926321,cce9cbfb8b971fb99397c3b70011621c,2024,20240328,集客无线AP_QCA_MIPS
2024/20240328/集客无线AP_QCA_MIPS/JIKEAP_AP223G_AP223G_QCA956X_1000M_QCA9886_7.6_2024032600.bin.rar,JIKEAP_AP223G_AP223G_QCA956X_1000M_QCA9886_7.6_2024032600.bin.rar,7903069,fc5b74fdac3a6548d16e073b7044ca8f,2024,20240328,集客无线AP_QCA_MIPS
2024/20240328/集客无线AP_QCA_MIPS/JIKEAP_AP260F-H_QCA953X_100M_QCA9887_7.6_2024032600.bin.rar,JIKEAP_AP260F-H_QCA953X_100M_QCA9887_7.6_2024032600.bin.rar,7038818,ef020480b1aa175b62d3e7a74480bb57,2024,20240328,集客无线AP_QCA_MIPS
2024/20240328/集客无线AP_QCA_MIPS/JIKEAP_AP260T-H_QCA953X_100M_AR9X82_7.6_2024032600.bin.rar,JIKEAP_AP260T-H_QCA953X_100M_AR9X82_7.6_2024032600.bin.rar,6677693,b4a23d2de71f49c604ff447dfb7a53d9,2024,20240328,集客无线AP_QCA_MIPS
2024/20240328/集客无线AP_QCA_MIPS/JIKEAP_AP261Y-H_QCA953X_100M_QCA9887_7.6_2024032600.bin.rar,JIKEAP_AP261Y-H_QCA953X_100M_QCA9887_7.6_2024032600.bin.rar,7037609,93afc4cdfae590e2a0371cf7c4289617,2024,20240328,集客无线AP_QCA_MIPS
2024/20240328/集客无线AP_QCA_MIPS/JIKEAP_AP262Y-H_QCA956X_1000M_QCA9882_7.6_2024032600.bin.rar,JIKEAP_AP262Y-H_QCA956X_1000M_QCA9882_7.6_2024032600.bin.rar,7837009,acabb2d1bfecc8c9f8a2dc00b89a3c3b,2024,20240328,集客无线AP_QCA_MIPS
2024/20240328/集客无线AP_QCA_MIPS/JIKEAP_AP263YS_QCA956X_1000M_QCA9880_7.6_2024032600.bin.rar,JIKEAP_AP263YS_QCA956X_1000M_QCA9880_7.6_2024032600.bin.rar,8189478,992fe21aeb07ab9c64dccc1ca7361f0a,2024,20240328,集客无线AP_QCA_MIPS
2024/20240328/集客无线AP_QCA_MIPS/JIKEAP_AP266G-H_QCA955X_1000M_QCA9880_7.6_2024032600.bin.rar,JIKEAP_AP266G-H_QCA955X_1000M_QCA9880_7.6_2024032600.bin.rar,7835950,1ffef142dcafb0b23c0bf51b018965e2,2024,20240328,集客无线AP_QCA_MIPS
2024/20240328/集客无线AP_QCA_MIPS/JIKEAP_AP267F-H_QCA956X_1000M_QCA9886_7.6_2024032600.bin.rar,JIKEAP_AP267F-H_QCA956X_1000M_QCA9886_7.6_2024032600.bin.rar,7925890,a74575c8b2051aefbc96d0c0685e471d,2024,20240328,集客无线AP_QCA_MIPS
2024/20240328/集客无线AP_QCA_MIPS/JIKEAP_AP267F-Hv2_AP267F-HV2_QCA956X_1000M_QCA9886_7.6_2024032600.bin.rar,JIKEAP_AP267F-Hv2_AP267F-HV2_QCA956X_1000M_QCA9886_7.6_2024032600.bin.rar,7925964,8629040fd09540bcc081fa5e1046db24,2024,20240328,集客无线AP_QCA_MIPS
2024/20240328/集客无线AP_QCA_MIPS/JIKEAP_AP267KY-H_QCA956X_1000M_QCA9886_7.6_2024032600.bin.rar,JIKEAP_AP267KY-H_QCA956X_1000M_QCA9886_7.6_2024032600.bin.rar,7925887,9c790bd753414965ae401ca98e35a5a3,2024,20240328,集客无线AP_QCA_MIPS
2024/20240328/集客无线AP_QCA_MIPS/JIKEAP_AP280F-H_QCA953X_100M_QCA9887_7.6_2024032600.bin.rar,JIKEAP_AP280F-H_QCA953X_100M_QCA9887_7.6_2024032600.bin.rar,7038717,989bdeaab6833721db4de8f71685c6d8,2024,20240328,集客无线AP_QCA_MIPS
2024/20240328/集客无线AP_QCA_MIPS/JIKEAP_AP280Y-H_QCA953X_7.6_2024032600.bin.rar,JIKEAP_AP280Y-H_QCA953X_7.6_2024032600.bin.rar,7037415,4cec5cd5f8c1592a0a6188864490cb3c,2024,20240328,集客无线AP_QCA_MIPS
2024/20240328/集客无线AP_QCA_MIPS/JIKEAP_AP281Y-H_AP281YV2_QCA956X_7.6_2024032600.bin.rar,JIKEAP_AP281Y-H_AP281YV2_QCA956X_7.6_2024032600.bin.rar,7926186,34e0d7757b4509e9fdb28bfcbae599a3,2024,20240328,集客无线AP_QCA_MIPS
2024/20240328/集客无线AP_QCA_MIPS/JIKEAP_AP281Y-H_QCA956X_7.6_2024032600.bin.rar,JIKEAP_AP281Y-H_QCA956X_7.6_2024032600.bin.rar,7928847,36aa9ee5e16f3cfdfaf6f662256765cc,2024,20240328,集客无线AP_QCA_MIPS
2024/20240328/集客无线AP_QCA_MIPS/JIKEAP_AP282T-H_QCA956X_7.6_2024032600.bin.rar,JIKEAP_AP282T-H_QCA956X_7.6_2024032600.bin.rar,8709665,2262cd6d046da186f8d0f314e52b9b33,2024,20240328,集客无线AP_QCA_MIPS
2024/20240328/集客无线AP_QCA_MIPS/JIKEAP_AP283Y-H_QCA956X_7.6_2024032600.bin.rar,JIKEAP_AP283Y-H_QCA956X_7.6_2024032600.bin.rar,7836889,9143fe6967fbc5b80a3aa25aeafe214d,2024,20240328,集客无线AP_QCA_MIPS
2024/20240328/集客无线AP_QCA_MIPS/JIKEAP_AP284Y-H_QCA956X_7.6_2024032600.bin.rar,JIKEAP_AP284Y-H_QCA956X_7.6_2024032600.bin.rar,7926131,2aaf6e591f3e4762601db458c9d54143,2024,20240328,集客无线AP_QCA_MIPS
2024/20240328/集客无线AP_QCA_MIPS/JIKEAP_AP3513NA_QCA934X_7.6_2024032600.bin.rar,JIKEAP_AP3513NA_QCA934X_7.6_2024032600.bin.rar,6676534,9cd70ac9b92a661811a3050570de1288,2024,20240328,集客无线AP_QCA_MIPS
2024/20240328/集客无线AP_QCA_MIPS/JIKEAP_AP49_QCA953X_7.6_2024032600.bin.rar,JIKEAP_AP49_QCA953X_7.6_2024032600.bin.rar,7081271,ea921ea28abc0e406d928036cb021175,2024,20240328,集客无线AP_QCA_MIPS
2024/20240328/集客无线AP_QCA_MIPS/JIKEAP_AP630_QCA953X_100M_EPORT_7.6_2024032600.bin.rar,JIKEAP_AP630_QCA953X_100M_EPORT_7.6_2024032600.bin.rar,6677849,9bc6a3b716585d3444a03554bbcc7914,2024,20240328,集客无线AP_QCA_MIPS
2024/20240328/集客无线AP_QCA_MIPS/JIKEAP_AP630v2_AP630V2_QCA953X_100M_EPORT_7.6_2024032600.bin.rar,JIKEAP_AP630v2_AP630V2_QCA953X_100M_EPORT_7.6_2024032600.bin.rar,6676615,0ad5058cb9b566d97db333b809d70bbc,2024,20240328,集客无线AP_QCA_MIPS
2024/20240328/集客无线AP_QCA_MIPS/JIKEAP_AP675_QCA953X_100M_EPORT_7.6_2024032600.bin.rar,JIKEAP_AP675_QCA953X_100M_EPORT_7.6_2024032600.bin.rar,7037528,b0c023c023b129234341d1222bbcd940,2024,20240328,集客无线AP_QCA_MIPS
2024/20240328/集客无线AP_QCA_MIPS/JIKEAP_AP830H_QCA953X_100M_7.6_2024032600.bin.rar,JIKEAP_AP830H_QCA953X_100M_7.6_2024032600.bin.rar,6679445,173284d08b76b31130c26743c05765b8,2024,20240328,集客无线AP_QCA_MIPS
2024/20240328/集客无线AP_QCA_MIPS/JIKEAP_AP875H_QCA953X_100M_QCA9887_7.6_2024032600.bin.rar,JIKEAP_AP875H_QCA953X_100M_QCA9887_7.6_2024032600.bin.rar,7038579,07a427d3dbd8b03ff34145cf796de982,2024,20240328,集客无线AP_QCA_MIPS
2024/20240328/集客无线AP_QCA_MIPS/JIKEAP_AP9344_35P0_AP9344P0_QCA934X_1000M_7.6_2024032600.bin.rar,JIKEAP_AP9344_35P0_AP9344P0_QCA934X_1000M_7.6_2024032600.bin.rar,6677835,c5af57e71fb87b4656ac5d8a70586c7b,2024,20240328,集客无线AP_QCA_MIPS
2024/20240328/集客无线AP_QCA_MIPS/JIKEAP_AP9344_35P4_AP9344P4_QCA934X_1000M_7.6_2024032600.bin.rar,JIKEAP_AP9344_35P4_AP9344P4_QCA934X_1000M_7.6_2024032600.bin.rar,6677807,4c44d7dfe36dbdc4c23ea68a9c22b293,2024,20240328,集客无线AP_QCA_MIPS
2024/20240328/集客无线AP_QCA_MIPS/JIKEAP_AP9344_8327_QCA934X_1000M_7.6_2024032600.bin.rar,JIKEAP_AP9344_8327_QCA934X_1000M_7.6_2024032600.bin.rar,6676195,3573f66e80515fef3dde0157b63ad329,2024,20240328,集客无线AP_QCA_MIPS
2024/20240328/集客无线AP_QCA_MIPS/JIKEAP_AP9344_M100_QCA934X_100M_7.6_2024032600.bin.rar,JIKEAP_AP9344_M100_QCA934X_100M_7.6_2024032600.bin.rar,6677697,ab23ef089db2aebd655c2683a5ae646b,2024,20240328,集客无线AP_QCA_MIPS
2024/20240328/集客无线AP_QCA_MIPS/JIKEAP_AP9344_RTL_QCA934X_1000M_7.6_2024032600.bin.rar,JIKEAP_AP9344_RTL_QCA934X_1000M_7.6_2024032600.bin.rar,6677891,45649ae92157f004582c7895075852ab,2024,20240328,集客无线AP_QCA_MIPS
2024/20240328/集客无线AP_QCA_MIPS/JIKEAP_AP941_QCA953X_100M_FREE_7.6_2024032600.bin.rar,JIKEAP_AP941_QCA953X_100M_FREE_7.6_2024032600.bin.rar,6676190,f17218c9b0998cc7239721dbffabf8e6,2024,20240328,集客无线AP_QCA_MIPS
2024/20240328/集客无线AP_QCA_MIPS/JIKEAP_AP9558V_QCA955X_1000M_QCA9880_LEEEL_FREE_7.6_2024032600.bin.rar,JIKEAP_AP9558V_QCA955X_1000M_QCA9880_LEEEL_FREE_7.6_2024032600.bin.rar,7837096,6491627e4a54e4545de4c885858a694e,2024,20240328,集客无线AP_QCA_MIPS
2024/20240328/集客无线AP_QCA_MIPS/JIKEAP_AP9558_QCA955X_1000M_QCA9880_FREE_7.6_2024032600.bin.rar,JIKEAP_AP9558_QCA955X_1000M_QCA9880_FREE_7.6_2024032600.bin.rar,7837071,d9c729f092e42cead292a8af5d7a23fd,2024,20240328,集客无线AP_QCA_MIPS
2024/20240328/集客无线AP_QCA_MIPS/JIKEAP_ARIMA2210_QCA934X_EPORT_7.6_2024032600.bin.rar,JIKEAP_ARIMA2210_QCA934X_EPORT_7.6_2024032600.bin.rar,6676515,1fa12d8ea08777f4e1342de2f70fc7a5,2024,20240328,集客无线AP_QCA_MIPS
2024/20240328/集客无线AP_QCA_MIPS/JIKEAP_FX-2ac_FX2AC_QCA956X_7.6_2024032600.bin.rar,JIKEAP_FX-2ac_FX2AC_QCA956X_7.6_2024032600.bin.rar,7831279,dd52f872c1abfe97b9c44ca0a2b1cf46,2024,20240328,集客无线AP_QCA_MIPS
2024/20240328/集客无线AP_QCA_MIPS/JIKEAP_MI100_QCA934X_100M_7.6_2024032600.bin.rar,JIKEAP_MI100_QCA934X_100M_7.6_2024032600.bin.rar,6676459,57eca50946d7670276a59663b6ffe4a7,2024,20240328,集客无线AP_QCA_MIPS
2024/20240328/集客无线AP_QCA_MIPS/JIKEAP_WPJ563_QCA956X_1000M_QCA9880_7.6_2024032600.bin.rar,JIKEAP_WPJ563_QCA956X_1000M_QCA9880_7.6_2024032600.bin.rar,8189562,9575a2105bbe9d5904576ffa722c617b,2024,20240328,集客无线AP_QCA_MIPS
2024/20240328/集客无线AP_QCA_MIPS/JIKEAP_XD102_QCA953X_7.6_2024032600.bin.rar,JIKEAP_XD102_QCA953X_7.6_2024032600.bin.rar,6676704,b44bea55759d9ee97a06239f76c9502c,2024,20240328,集客无线AP_QCA_MIPS
2024/20240328/集客无线AP_QCA_MIPS/JIKEAP_XD1202G_QCA956X_7.6_2024032600.bin.rar,JIKEAP_XD1202G_QCA956X_7.6_2024032600.bin.rar,7926171,b99769636d39bced3ae49a58ec8fc09e,2024,20240328,集客无线AP_QCA_MIPS
2024/20240328/集客无线AP_QCA_MIPS/release_notes.txt,release_notes.txt,5872,08cf46955c1acc70c1935dfe6efcc48b,2024,20240328,集客无线AP_QCA_MIPS
2024/20240510/集客无线AP_MTK_ARM/JIKEAP_AP250MD_MT7981_K5_NAND_UBI_AUTO_FREE_7.6_2024050900.bin.rar,JIKEAP_AP250MD_MT7981_K5_NAND_UBI_AUTO_FREE_7.6_2024050900.bin.rar,9230266,d2c667b1bbdc30ba77c441fa5159cbe7,2024,20240510,集客无线AP_MTK_ARM
2024/20240510/集客无线AP_MTK_ARM/JIKEAP_AP250_MT7981_K5_WIFI6_3000M_FREE_7.6_2024050900.bin.rar,JIKEAP_AP250_MT7981_K5_WIFI6_3000M_FREE_7.6_2024050900.bin.rar,9101490,271ee73342627a66f0f002d0770629b2,2024,20240510,集客无线AP_MTK_ARM
2024/20240510/集客无线AP_MTK_ARM/JIKEAP_AX2030FM_MT7981_K5_7.6_2024050900.bin.rar,JIKEAP_AX2030FM_MT7981_K5_7.6_2024050900.bin.rar,9083309,e64b32772900655125b154058cfc9228,2024,20240510,集客无线AP_MTK_ARM
2024/20240510/集客无线AP_MTK_ARM/JIKEAP_AX3000AMX_MT7981_K5_WIFI6_3000M_2_5G_7.6_2024050900.bin.rar,JIKEAP_AX3000AMX_MT7981_K5_WIFI6_3000M_2_5G_7.6_2024050900.bin.rar,9081891,88277e5133d0c3b4df650b54a4a271be,2024,20240510,集客无线AP_MTK_ARM
2024/20240510/集客无线AP_MTK_ARM/JIKEAP_AX3000AM_MT7981_K5_WIFI6_3000M_7.6_2024050900.bin.rar,JIKEAP_AX3000AM_MT7981_K5_WIFI6_3000M_7.6_2024050900.bin.rar,9097588,6c7e2670292a7353e6095afb2a75f1b2,2024,20240510,集客无线AP_MTK_ARM
2024/20240510/集客无线AP_MTK_ARM/JIKEAP_AX3000FM_MT7981_K5_7.6_2024050900.bin.rar,JIKEAP_AX3000FM_MT7981_K5_7.6_2024050900.bin.rar,9083571,3fc4df5ad1dc0a67b955d95b83961d49,2024,20240510,集客无线AP_MTK_ARM
2024/20240510/集客无线AP_MTK_ARM/JIKEAP_AX3000PM_MT7981_K5_WIFI6_3000M_PON_7.6_2024050900.bin.rar,JIKEAP_AX3000PM_MT7981_K5_WIFI6_3000M_PON_7.6_2024050900.bin.rar,9097535,dbc28c9a2a104f56c9a70a9ba50078ed,2024,20240510,集客无线AP_MTK_ARM
2024/20240510/集客无线AP_MTK_ARM/JIKEAP_AX3025FM_MT7981_K5_7.6_2024050900.bin.rar,JIKEAP_AX3025FM_MT7981_K5_7.6_2024050900.bin.rar,9082494,0483e9208281ac1f6e8647a184ee93f5,2024,20240510,集客无线AP_MTK_ARM
2024/20240510/集客无线AP_MTK_ARM/JIKEAP_FAPM3001_MT7981_K5_7.6_2024050900.bin.rar,JIKEAP_FAPM3001_MT7981_K5_7.6_2024050900.bin.rar,9081839,9e97e2faf2687b1da53e15fc726a26ae,2024,20240510,集客无线AP_MTK_ARM
2024/20240510/集客无线AP_MTK_ARM/release_notes.txt,release_notes.txt,6572,9d835f5d5c018c0069639324a9239492,2024,20240510,集客无线AP_MTK_ARM
2024/20240510/集客无线AP_MTK_MIPS/JIKEAP_AP107IOT_MT7620_K4_EPORT_7.6_2024050900.bin.rar,JIKEAP_AP107IOT_MT7620_K4_EPORT_7.6_2024050900.bin.rar,5928090,d5a299c4322db58da781696278138ac3,2024,20240510,集客无线AP_MTK_MIPS
2024/20240510/集客无线AP_MTK_MIPS/JIKEAP_AP110F_MT7628_K4_EPORT_7.6_2024050900.bin.rar,JIKEAP_AP110F_MT7628_K4_EPORT_7.6_2024050900.bin.rar,5049248,e1bd320033b22b8b219d41d412bd6914,2024,20240510,集客无线AP_MTK_MIPS
2024/20240510/集客无线AP_MTK_MIPS/JIKEAP_AP118A_MT7628_K4_EPORT_7.6_2024050900.bin.rar,JIKEAP_AP118A_MT7628_K4_EPORT_7.6_2024050900.bin.rar,6642116,88a0bca3af580706fc79c86620b8ae7d,2024,20240510,集客无线AP_MTK_MIPS
2024/20240510/集客无线AP_MTK_MIPS/JIKEAP_AP118F_AP118F0_MT7628_K4_EPORT_7.6_2024050900.bin.rar,JIKEAP_AP118F_AP118F0_MT7628_K4_EPORT_7.6_2024050900.bin.rar,6636070,48af82c6e14563ac51f537cffd5a5f90,2024,20240510,集客无线AP_MTK_MIPS
2024/20240510/集客无线AP_MTK_MIPS/JIKEAP_AP118F_MT7628_K4_EPORT_7.6_2024050900.bin.rar,JIKEAP_AP118F_MT7628_K4_EPORT_7.6_2024050900.bin.rar,6642589,5389068cbdc82ef0e3e065b4c378c122,2024,20240510,集客无线AP_MTK_MIPS
2024/20240510/集客无线AP_MTK_MIPS/JIKEAP_AP118Y_MT7628_K4_EPORT_7.6_2024050900.bin.rar,JIKEAP_AP118Y_MT7628_K4_EPORT_7.6_2024050900.bin.rar,6642403,0aa770d7a19844b0afa3ef7d83356c67,2024,20240510,集客无线AP_MTK_MIPS
2024/20240510/集客无线AP_MTK_MIPS/JIKEAP_AP210G_MT7620_K4_EPORT_7.6_2024050900.bin.rar,JIKEAP_AP210G_MT7620_K4_EPORT_7.6_2024050900.bin.rar,6700651,eb200e51c70e0404a688900f954f11a7,2024,20240510,集客无线AP_MTK_MIPS
2024/20240510/集客无线AP_MTK_MIPS/JIKEAP_AP212-L_AP212L_MT7621_K4_EPORT_7.6_2024050900.bin.rar,JIKEAP_AP212-L_AP212L_MT7621_K4_EPORT_7.6_2024050900.bin.rar,6188455,9429ffa00c500a56b5cb9915ded6c537,2024,20240510,集客无线AP_MTK_MIPS
2024/20240510/集客无线AP_MTK_MIPS/JIKEAP_AP212G_AP212G0_MT7621_K4_EPORT_7.6_2024050900.bin.rar,JIKEAP_AP212G_AP212G0_MT7621_K4_EPORT_7.6_2024050900.bin.rar,6188503,6468a25e53e79c5ecdebbc4332505acd,2024,20240510,集客无线AP_MTK_MIPS
2024/20240510/集客无线AP_MTK_MIPS/JIKEAP_AP212G_MT7621_K4_EPORT_7.6_2024050900.bin.rar,JIKEAP_AP212G_MT7621_K4_EPORT_7.6_2024050900.bin.rar,6194178,a3de4711eb9e29e8b3ca1d777098a0f8,2024,20240510,集客无线AP_MTK_MIPS
2024/20240510/集客无线AP_MTK_MIPS/JIKEAP_AP213G_MT7620_K4_EPORT_7.6_2024050900.bin.rar,JIKEAP_AP213G_MT7620_K4_EPORT_7.6_2024050900.bin.rar,6349008,34a0704d9ba1f0fb8c13ce409e30efdd,2024,20240510,集客无线AP_MTK_MIPS
2024/20240510/集客无线AP_MTK_MIPS/JIKEAP_AP216G_MT7621_K4_EPORT_7.6_2024050900.bin.rar,JIKEAP_AP216G_MT7621_K4_EPORT_7.6_2024050900.bin.rar,7170788,9ef39eee5f5c39e31467649a9885caf8,2024,20240510,集客无线AP_MTK_MIPS
2024/20240510/集客无线AP_MTK_MIPS/JIKEAP_AP230EP_MT7620_K4_EPORT_FREE_7.6_2024050900.bin.rar,JIKEAP_AP230EP_MT7620_K4_EPORT_FREE_7.6_2024050900.bin.rar,6991049,716a79186b10340545f8017b08866c82,2024,20240510,集客无线AP_MTK_MIPS
2024/20240510/集客无线AP_MTK_MIPS/JIKEAP_AP230G_MT7620_K4_RTL_EPORT_FREE_7.6_2024050900.bin.rar,JIKEAP_AP230G_MT7620_K4_RTL_EPORT_FREE_7.6_2024050900.bin.rar,6990319,a29566753f591e559492fa0312e72249,2024,20240510,集客无线AP_MTK_MIPS
2024/20240510/集客无线AP_MTK_MIPS/JIKEAP_AP230IP_MT7620_K4_EPORT_FREE_7.6_2024050900.bin.rar,JIKEAP_AP230IP_MT7620_K4_EPORT_FREE_7.6_2024050900.bin.rar,6990382,a40ac7b569ac6010bfc27c282b4fe8be,2024,20240510,集客无线AP_MTK_MIPS
2024/20240510/集客无线AP_MTK_MIPS/JIKEAP_AP238AN_MT7628_K4_LEEEL_EPORT_FREE_7.6_2024050900.bin.rar,JIKEAP_AP238AN_MT7628_K4_LEEEL_EPORT_FREE_7.6_2024050900.bin.rar,7257313,66a0dcbc9289a29c595a133f234181c8,2024,20240510,集客无线AP_MTK_MIPS
2024/20240510/集客无线AP_MTK_MIPS/JIKEAP_AP238IOT_MT7628_K4_LEEEL_EPORT_FREE_7.6_2024050900.bin.rar,JIKEAP_AP238IOT_MT7628_K4_LEEEL_EPORT_FREE_7.6_2024050900.bin.rar,8080831,2ce356a3329c41e7138fc3deb91b79df,2024,20240510,集客无线AP_MTK_MIPS
2024/20240510/集客无线AP_MTK_MIPS/JIKEAP_AP238MQ_MT7628_K4_LEEEL_EPORT_7.6_2024050900.bin.rar,JIKEAP_AP238MQ_MT7628_K4_LEEEL_EPORT_7.6_2024050900.bin.rar,7340520,bce166ebc0d18731911b2a3f6a519d22,2024,20240510,集客无线AP_MTK_MIPS
2024/20240510/集客无线AP_MTK_MIPS/JIKEAP_AP240P_MT7621_K4_SWITCH_LEEEE_EPORT_FREE_7.6_2024050900.bin.rar,JIKEAP_AP240P_MT7621_K4_SWITCH_LEEEE_EPORT_FREE_7.6_2024050900.bin.rar,5151073,160b80b420d68a96060cdd544c32c8b0,2024,20240510,集客无线AP_MTK_MIPS
2024/20240510/集客无线AP_MTK_MIPS/JIKEAP_AP240SFP_MT7621_K4_SWITCH_LEEEE_FREE_7.6_2024050900.bin.rar,JIKEAP_AP240SFP_MT7621_K4_SWITCH_LEEEE_FREE_7.6_2024050900.bin.rar,5155247,4937de42c87a1569a11ce1c39dd5c8f2,2024,20240510,集客无线AP_MTK_MIPS
2024/20240510/集客无线AP_MTK_MIPS/JIKEAP_AP242P_MT7621_K4_LLLLL_64M_FREE_7.6_2024050900.bin.rar,JIKEAP_AP242P_MT7621_K4_LLLLL_64M_FREE_7.6_2024050900.bin.rar,7515296,957ac3b6863489895320db076055054d,2024,20240510,集客无线AP_MTK_MIPS
2024/20240510/集客无线AP_MTK_MIPS/JIKEAP_AP246HI_MT7621_K4_1000_FREE_7.6_2024050900.bin.rar,JIKEAP_AP246HI_MT7621_K4_1000_FREE_7.6_2024050900.bin.rar,7741770,21ffafa21d294610bbb6b9405f8d2eea,2024,20240510,集客无线AP_MTK_MIPS
2024/20240510/集客无线AP_MTK_MIPS/JIKEAP_AP246P_MT7621_K4_MT7603_MT7615N_FREE_7.6_2024050900.bin.rar,JIKEAP_AP246P_MT7621_K4_MT7603_MT7615N_FREE_7.6_2024050900.bin.rar,8556112,ae34923f2418d93a546672cd277f5da1,2024,20240510,集客无线AP_MTK_MIPS
2024/20240510/集客无线AP_MTK_MIPS/JIKEAP_AP24_MT7621_K4_LEEEL_EPORT_FREE_7.6_2024050900.bin.rar,JIKEAP_AP24_MT7621_K4_LEEEL_EPORT_FREE_7.6_2024050900.bin.rar,7523849,8391cf552ad8b5e3987f16b91dba63b0,2024,20240510,集客无线AP_MTK_MIPS
2024/20240510/集客无线AP_MTK_MIPS/JIKEAP_AP261F-H_AP261F-H0_MT7621_K4_7.6_2024050900.bin.rar,JIKEAP_AP261F-H_AP261F-H0_MT7621_K4_7.6_2024050900.bin.rar,6189491,9d9b1600e5707d6158c943c8e4206662,2024,20240510,集客无线AP_MTK_MIPS
2024/20240510/集客无线AP_MTK_MIPS/JIKEAP_AP261F-H_MT7621_K4_7.6_2024050900.bin.rar,JIKEAP_AP261F-H_MT7621_K4_7.6_2024050900.bin.rar,6195427,56972542dff7c9225892e4fb3a376504,2024,20240510,集客无线AP_MTK_MIPS
2024/20240510/集客无线AP_MTK_MIPS/JIKEAP_AP601_MT7620_K4_LEEEE_EPORT_FREE_7.6_2024050900.bin.rar,JIKEAP_AP601_MT7620_K4_LEEEE_EPORT_FREE_7.6_2024050900.bin.rar,5107475,b4ff289bf9585c3f5f8a728b50cf97f8,2024,20240510,集客无线AP_MTK_MIPS
2024/20240510/集客无线AP_MTK_MIPS/JIKEAP_AX1800B_MT7621_K4_EPORT_7.6_2024050900.bin.rar,JIKEAP_AX1800B_MT7621_K4_EPORT_7.6_2024050900.bin.rar,6495969,3b80fd3632b91432658c0ff58c3391b1,2024,20240510,集客无线AP_MTK_MIPS
2024/20240510/集客无线AP_MTK_MIPS/JIKEAP_AX1800FM_AX1800FM0_MT7621_K4_7.6_2024050900.bin.rar,JIKEAP_AX1800FM_AX1800FM0_MT7621_K4_7.6_2024050900.bin.rar,6489911,2b9e55db2170e844206befd3b627ee51,2024,20240510,集客无线AP_MTK_MIPS
2024/20240510/集客无线AP_MTK_MIPS/JIKEAP_AX1800FM_MT7621_K4_7.6_2024050900.bin.rar,JIKEAP_AX1800FM_MT7621_K4_7.6_2024050900.bin.rar,6498019,408b3a5293d0f84117bc370cd1372517,2024,20240510,集客无线AP_MTK_MIPS
2024/20240510/集客无线AP_MTK_MIPS/JIKEAP_AX1800H_MT7621_K4_MT7915DN_WIFI6_NAND_FREE_7.6_2024050900.bin.rar,JIKEAP_AX1800H_MT7621_K4_MT7915DN_WIFI6_NAND_FREE_7.6_2024050900.bin.rar,6715346,317be5f3b33dcbd2b58f5e199af57d48,2024,20240510,集客无线AP_MTK_MIPS
2024/20240510/集客无线AP_MTK_MIPS/JIKEAP_AX1800IoT_AX1800IOT_MT7621_K4_7.6_2024050900.bin.rar,JIKEAP_AX1800IoT_AX1800IOT_MT7621_K4_7.6_2024050900.bin.rar,7319819,b1eef577fe61cb6b6bac8747e758e995,2024,20240510,集客无线AP_MTK_MIPS
2024/20240510/集客无线AP_MTK_MIPS/JIKEAP_AX1800S_MT7621_K4_MT7915DN_WIFI6_7.6_2024050900.bin.rar,JIKEAP_AX1800S_MT7621_K4_MT7915DN_WIFI6_7.6_2024050900.bin.rar,6495941,f7294dd54dabe248743ae5b7a1314a00,2024,20240510,集客无线AP_MTK_MIPS
2024/20240510/集客无线AP_MTK_MIPS/JIKEAP_AX2018-GPON_AX2018GP_MT7621_K4_EPORT_7.6_2024050900.bin.rar,JIKEAP_AX2018-GPON_AX2018GP_MT7621_K4_EPORT_7.6_2024050900.bin.rar,6496465,c06284050315ef5d80c9630685971548,2024,20240510,集客无线AP_MTK_MIPS
2024/20240510/集客无线AP_MTK_MIPS/JIKEAP_AX2020_MT7621_K4_EPORT_7.6_2024050900.bin.rar,JIKEAP_AX2020_MT7621_K4_EPORT_7.6_2024050900.bin.rar,6496085,acf93122ba32683b335b5d7afda8538a,2024,20240510,集客无线AP_MTK_MIPS
2024/20240510/集客无线AP_MTK_MIPS/JIKEAP_AX2021_0AX2021_MT7621_K4_EPORT_7.6_2024050900.bin.rar,JIKEAP_AX2021_0AX2021_MT7621_K4_EPORT_7.6_2024050900.bin.rar,6489922,7f11358ccdbafabe2cb57202c65e5ab7,2024,20240510,集客无线AP_MTK_MIPS
2024/20240510/集客无线AP_MTK_MIPS/JIKEAP_AX2021_MT7621_K4_EPORT_7.6_2024050900.bin.rar,JIKEAP_AX2021_MT7621_K4_EPORT_7.6_2024050900.bin.rar,6498515,4dd22b1257b23fb9851edf4aaf423ed5,2024,20240510,集客无线AP_MTK_MIPS
2024/20240510/集客无线AP_MTK_MIPS/JIKEAP_AX2022MQ_MT7621_K4_EPORT_7.6_2024050900.bin.rar,JIKEAP_AX2022MQ_MT7621_K4_EPORT_7.6_2024050900.bin.rar,6585463,52e88bd0b8ca9a92fc8a87709d7ce389,2024,20240510,集客无线AP_MTK_MIPS
2024/20240510/集客无线AP_MTK_MIPS/JIKEAP_AX2022_MT7621_K4_EPORT_7.6_2024050900.bin.rar,JIKEAP_AX2022_MT7621_K4_EPORT_7.6_2024050900.bin.rar,7319734,0ed456a1afa2990b2d6ca8e8dfd49e9c,2024,20240510,集客无线AP_MTK_MIPS
2024/20240510/集客无线AP_MTK_MIPS/JIKEAP_PAK590055_MT7621_K4_EPORT_7.6_2024050900.bin.rar,JIKEAP_PAK590055_MT7621_K4_EPORT_7.6_2024050900.bin.rar,6188406,ef07da15c85b152fc7fcdbe9a1f1d1c0,2024,20240510,集客无线AP_MTK_MIPS
2024/20240510/集客无线AP_MTK_MIPS/JIKEAP_XB1200G_MT7621_K4_EPORT_7.6_2024050900.bin.rar,JIKEAP_XB1200G_MT7621_K4_EPORT_7.6_2024050900.bin.rar,6194360,cae433f22f535f776c00f19285b1a884,2024,20240510,集客无线AP_MTK_MIPS
2024/20240510/集客无线AP_MTK_MIPS/JIKEAP_XB8800_MT7620_K4_EPORT_7.6_2024050900.bin.rar,JIKEAP_XB8800_MT7620_K4_EPORT_7.6_2024050900.bin.rar,5107596,5eeacafd150bedbd6e4f64bac5c0e661,2024,20240510,集客无线AP_MTK_MIPS
2024/20240510/集客无线AP_MTK_MIPS/release_notes.txt,release_notes.txt,6572,9d835f5d5c018c0069639324a9239492,2024,20240510,集客无线AP_MTK_MIPS
2024/20240510/集客无线AP_MTK_MIPS/release_notes.txt.rar,release_notes.txt.rar,3277,f755f66c5f55f981307d7ae4ce5f8d2f,2024,20240510,集客无线AP_MTK_MIPS
2024/20240510/集客无线AP_MTK_MIPS/蓝奏云镜像下载地址.txt.rar,蓝奏云镜像下载地址.txt.rar,328,c8a55b61bfe9a06fb5bce363ccbc41e6,2024,20240510,集客无线AP_MTK_MIPS
2024/20240510/集客无线AP_QCA_ARM/JIKEAP_AC58U_IPQ40XX_1000M_IPQ4018_FREE_7.6_2024050900.bin.rar,JIKEAP_AC58U_IPQ40XX_1000M_IPQ4018_FREE_7.6_2024050900.bin.rar,11953206,06c172d2157c0a991f138c1484202d93,2024,20240510,集客无线AP_QCA_ARM
2024/20240510/集客无线AP_QCA_ARM/JIKEAP_AC58U_IPQ40XX_7.6_2024050900_opboot.bin.rar,JIKEAP_AC58U_IPQ40XX_7.6_2024050900_opboot.bin.rar,11953082,1ce78275532b2c073c49c2a6648968f4,2024,20240510,集客无线AP_QCA_ARM
2024/20240510/集客无线AP_QCA_ARM/JIKEAP_ACRH17_IPQ40XX_1000M_QCA9984_HT160_EPORT_FREE_7.6_2024050900.bin.rar,JIKEAP_ACRH17_IPQ40XX_1000M_QCA9984_HT160_EPORT_FREE_7.6_2024050900.bin.rar,13859193,ba0921a34cfa1e25bbc1ccc70cc4c9a5,2024,20240510,集客无线AP_QCA_ARM
2024/20240510/集客无线AP_QCA_ARM/JIKEAP_ACRH17_IPQ40XX_7.6_2024050900_opboot.bin.rar,JIKEAP_ACRH17_IPQ40XX_7.6_2024050900_opboot.bin.rar,13860114,069baee26c8f953a0d2578dbf5f27ae8,2024,20240510,集客无线AP_QCA_ARM
2024/20240510/集客无线AP_QCA_ARM/JIKEAP_AP118L_IPQ40XX_1000M_EPORT_7.6_2024050900.bin.rar,JIKEAP_AP118L_IPQ40XX_1000M_EPORT_7.6_2024050900.bin.rar,13608136,46f38c5ca3a0b4bbfbba4885422858be,2024,20240510,集客无线AP_QCA_ARM
2024/20240510/集客无线AP_QCA_ARM/JIKEAP_AP268F-H_IPQ40XX_7.6_2024050900.bin.rar,JIKEAP_AP268F-H_IPQ40XX_7.6_2024050900.bin.rar,13756715,3412bca2a0ac8ec4de6c74471f658274,2024,20240510,集客无线AP_QCA_ARM
2024/20240510/集客无线AP_QCA_ARM/JIKEAP_AP268F-IoT_AP268IOT_IPQ40XX_7.6_2024050900.bin.rar,JIKEAP_AP268F-IoT_AP268IOT_IPQ40XX_7.6_2024050900.bin.rar,13594630,e6bcf4c464a47aac05804cceb243b308,2024,20240510,集客无线AP_QCA_ARM
2024/20240510/集客无线AP_QCA_ARM/JIKEAP_AP269X-HG_IPQ40XX_1000M_7.6_2024050900.bin.rar,JIKEAP_AP269X-HG_IPQ40XX_1000M_7.6_2024050900.bin.rar,13607903,76ae19b68ce4308a7b97618edbbbc4a8,2024,20240510,集客无线AP_QCA_ARM
2024/20240510/集客无线AP_QCA_ARM/JIKEAP_AP285F-H_IPQ40XX_1000M_7.6_2024050900.bin.rar,JIKEAP_AP285F-H_IPQ40XX_1000M_7.6_2024050900.bin.rar,13609905,97c999787912ef1017718cedecbde70b,2024,20240510,集客无线AP_QCA_ARM
2024/20240510/集客无线AP_QCA_ARM/JIKEAP_AP285KY-H_IPQ40XX_7.6_2024050900.bin.rar,JIKEAP_AP285KY-H_IPQ40XX_7.6_2024050900.bin.rar,13504854,35f649803a38a5bf47d6428d863c54d6,2024,20240510,集客无线AP_QCA_ARM
2024/20240510/集客无线AP_QCA_ARM/JIKEAP_AP320F-H_IPQ40XX_1000M_3RADIO_7.6_2024050900.bin.rar,JIKEAP_AP320F-H_IPQ40XX_1000M_3RADIO_7.6_2024050900.bin.rar,13575550,181c0bf7e2a5fe733b42940ee573dbc0,2024,20240510,集客无线AP_QCA_ARM
2024/20240510/集客无线AP_QCA_ARM/JIKEAP_AP320KY-H_IPQ40XX_7.6_2024050900.bin.rar,JIKEAP_AP320KY-H_IPQ40XX_7.6_2024050900.bin.rar,13691810,058562d49ce0637056a2d05c7407a9c8,2024,20240510,集客无线AP_QCA_ARM
2024/20240510/集客无线AP_QCA_ARM/JIKEAP_AP320KYRUS_IPQ40XX_7.6_2024050900.bin.rar,JIKEAP_AP320KYRUS_IPQ40XX_7.6_2024050900.bin.rar,13692124,9ccb459fe311c7cfcd4195448e47309b,2024,20240510,集客无线AP_QCA_ARM
2024/20240510/集客无线AP_QCA_ARM/JIKEAP_AP320Y-H_IPQ40XX_1000M_3RADIO_7.6_2024050900.bin.rar,JIKEAP_AP320Y-H_IPQ40XX_1000M_3RADIO_7.6_2024050900.bin.rar,13610190,7b2fdda4c51d0b5fcc16716fbb99b64f,2024,20240510,集客无线AP_QCA_ARM
2024/20240510/集客无线AP_QCA_ARM/JIKEAP_AP320YRUS_IPQ40XX_1000M_3RADIO_7.6_2024050900.bin.rar,JIKEAP_AP320YRUS_IPQ40XX_1000M_3RADIO_7.6_2024050900.bin.rar,13610026,321129c45a32a77154f6a4c9e3a7c35d,2024,20240510,集客无线AP_QCA_ARM
2024/20240510/集客无线AP_QCA_ARM/JIKEAP_AP330F-H_IPQ40XX_1000M_3RADIO_HT160_7.6_2024050900.bin.rar,JIKEAP_AP330F-H_IPQ40XX_1000M_3RADIO_HT160_7.6_2024050900.bin.rar,13575608,4668a48481b5df65ba32990a2662a0e2,2024,20240510,集客无线AP_QCA_ARM
2024/20240510/集客无线AP_QCA_ARM/JIKEAP_AP386X_IPQ40XX_1000M_3RADIO_7.6_2024050900.bin.rar,JIKEAP_AP386X_IPQ40XX_1000M_3RADIO_7.6_2024050900.bin.rar,13609643,0fd8234045abb24dbd6d759449f46ef5,2024,20240510,集客无线AP_QCA_ARM
2024/20240510/集客无线AP_QCA_ARM/JIKEAP_AX1800F_IPQ60XX_1000M_WIFI6_7.6_2024050900.bin.rar,JIKEAP_AX1800F_IPQ60XX_1000M_WIFI6_7.6_2024050900.bin.rar,12562762,6375d1828d75bc779ec659c1b6230212,2024,20240510,集客无线AP_QCA_ARM
2024/20240510/集客无线AP_QCA_ARM/JIKEAP_AX1800Y_IPQ60XX_7.6_2024050900.bin.rar,JIKEAP_AX1800Y_IPQ60XX_7.6_2024050900.bin.rar,12862594,6a4590a20849826f76769b32dae46311,2024,20240510,集客无线AP_QCA_ARM
2024/20240510/集客无线AP_QCA_ARM/JIKEAP_AX1801-MESH_AX1801MESH_IPQ60XX_7.6_2024050900.bin.rar,JIKEAP_AX1801-MESH_AX1801MESH_IPQ60XX_7.6_2024050900.bin.rar,15187907,c5da4fe6829fa0a123aaf3461f7b6753,2024,20240510,集客无线AP_QCA_ARM
2024/20240510/集客无线AP_QCA_ARM/JIKEAP_AX2030A_IPQ50XX_EPORT_7.6_2024050900.bin.rar,JIKEAP_AX2030A_IPQ50XX_EPORT_7.6_2024050900.bin.rar,13572227,7a2761532cdb4995f303378d25fc081f,2024,20240510,集客无线AP_QCA_ARM
2024/20240510/集客无线AP_QCA_ARM/JIKEAP_AX2034W_IPQ50XX_EPORT_7.6_2024050900.bin.rar,JIKEAP_AX2034W_IPQ50XX_EPORT_7.6_2024050900.bin.rar,14078857,fcf831c71d477d325f2c2c2202241b4d,2024,20240510,集客无线AP_QCA_ARM
2024/20240510/集客无线AP_QCA_ARM/JIKEAP_AX2180_IPQ60XX_1000M_WIFI6_7.6_2024050900.bin.rar,JIKEAP_AX2180_IPQ60XX_1000M_WIFI6_7.6_2024050900.bin.rar,14967307,61242551203ba412139edbbca420fbb3,2024,20240510,集客无线AP_QCA_ARM
2024/20240510/集客无线AP_QCA_ARM/JIKEAP_AX3000F-SFP_AX3000FX_IPQ50XX_SFP_7.6_2024050900.bin.rar,JIKEAP_AX3000F-SFP_AX3000FX_IPQ50XX_SFP_7.6_2024050900.bin.rar,14071005,4066ccbd8463cd7eedd3e0291f2cbab0,2024,20240510,集客无线AP_QCA_ARM
2024/20240510/集客无线AP_QCA_ARM/JIKEAP_AX3000FY_IPQ50XX_7.6_2024050900.bin.rar,JIKEAP_AX3000FY_IPQ50XX_7.6_2024050900.bin.rar,14056273,b707f0ec6fdb1cc0214c69c30c255c98,2024,20240510,集客无线AP_QCA_ARM
2024/20240510/集客无线AP_QCA_ARM/JIKEAP_AX3000F_IPQ50XX_7.6_2024050900.bin.rar,JIKEAP_AX3000F_IPQ50XX_7.6_2024050900.bin.rar,14056801,552b5a6786fe6a97ae9f8c2f71c899f6,2024,20240510,集客无线AP_QCA_ARM
2024/20240510/集客无线AP_QCA_ARM/JIKEAP_AX3000X_IPQ50XX_7.6_2024050900.bin.rar,JIKEAP_AX3000X_IPQ50XX_7.6_2024050900.bin.rar,13841187,a2eee11e68f8d6769c790fbf41f4842c,2024,20240510,集客无线AP_QCA_ARM
2024/20240510/集客无线AP_QCA_ARM/JIKEAP_AX3001-MESH_AX3001MESH_IPQ50XX_7.6_2024050900.bin.rar,JIKEAP_AX3001-MESH_AX3001MESH_IPQ50XX_7.6_2024050900.bin.rar,16010805,6a110ac2f9ef1df0655d11f2f0151ac1,2024,20240510,集客无线AP_QCA_ARM
2024/20240510/集客无线AP_QCA_ARM/JIKEAP_AX3025Y_IPQ807X_2500M_WIFI6_HT160_7.6_2024050900.bin.rar,JIKEAP_AX3025Y_IPQ807X_2500M_WIFI6_HT160_7.6_2024050900.bin.rar,15755476,286eb74c7dfdb9be119c5140cfea1581,2024,20240510,集客无线AP_QCA_ARM
2024/20240510/集客无线AP_QCA_ARM/JIKEAP_AX3050KY_IPQ807X_5000M_WIFI6_HT160_7.6_2024050900.bin.rar,JIKEAP_AX3050KY_IPQ807X_5000M_WIFI6_HT160_7.6_2024050900.bin.rar,13439080,eb999440049f6726f098142746612704,2024,20240510,集客无线AP_QCA_ARM
2024/20240510/集客无线AP_QCA_ARM/JIKEAP_AX5400KY_IPQ50XX_7.6_2024050900.bin.rar,JIKEAP_AX5400KY_IPQ50XX_7.6_2024050900.bin.rar,14297801,38cdad4642d23de4f61b0549c22cd919,2024,20240510,集客无线AP_QCA_ARM
2024/20240510/集客无线AP_QCA_ARM/JIKEAP_AX5425Y-3-RU_AX5425Y3RU_IPQ50XX_7.6_2024050900.bin.rar,JIKEAP_AX5425Y-3-RU_AX5425Y3RU_IPQ50XX_7.6_2024050900.bin.rar,14084864,b497e8a6b3463af1935ac27e39f60ee6,2024,20240510,集客无线AP_QCA_ARM
2024/20240510/集客无线AP_QCA_ARM/JIKEAP_AX5RM_IPQ60XX_1000M_WIFI6_FREE_7.6_2024050900.bin.rar,JIKEAP_AX5RM_IPQ60XX_1000M_WIFI6_FREE_7.6_2024050900.bin.rar,12733797,d1fb1d56ea992dd7dac9736912cecd72,2024,20240510,集客无线AP_QCA_ARM
2024/20240510/集客无线AP_QCA_ARM/JIKEAP_AX8180X_IPQ60XX_7.6_2024050900.bin.rar,JIKEAP_AX8180X_IPQ60XX_7.6_2024050900.bin.rar,12876447,3368fc312abe220f7bd9c074527f25e2,2024,20240510,集客无线AP_QCA_ARM
2024/20240510/集客无线AP_QCA_ARM/JIKEAP_AX8180Y_IPQ60XX_7.6_2024050900.bin.rar,JIKEAP_AX8180Y_IPQ60XX_7.6_2024050900.bin.rar,13012176,a851ff27138cc315ba53e03edc84352a,2024,20240510,集客无线AP_QCA_ARM
2024/20240510/集客无线AP_QCA_ARM/JIKEAP_AX8300A-SFP_AX8300ASFP_IPQ50XX_7.6_2024050900.bin.rar,JIKEAP_AX8300A-SFP_AX8300ASFP_IPQ50XX_7.6_2024050900.bin.rar,14064619,22bb8babf0bbf54378513f791ff6f980,2024,20240510,集客无线AP_QCA_ARM
2024/20240510/集客无线AP_QCA_ARM/JIKEAP_AX8300A-SFP_IPQ50XX_7.6_2024050900.bin.rar,JIKEAP_AX8300A-SFP_IPQ50XX_7.6_2024050900.bin.rar,14060382,082d21ac9a3eea44c81a65abcc26b764,2024,20240510,集客无线AP_QCA_ARM
2024/20240510/集客无线AP_QCA_ARM/JIKEAP_AX8301L_IPQ50XX_7.6_2024050900.bin.rar,JIKEAP_AX8301L_IPQ50XX_7.6_2024050900.bin.rar,14057533,39a037bb5c9b89324fe157666c27be3f,2024,20240510,集客无线AP_QCA_ARM
2024/20240510/集客无线AP_QCA_ARM/JIKEAP_AX8325Q-SFP_AX8325QF_IPQ50XX_SFP_7.6_2024050900.bin.rar,JIKEAP_AX8325Q-SFP_AX8325QF_IPQ50XX_SFP_7.6_2024050900.bin.rar,16035873,c299eba68d5a440178d988e8495eeeb4,2024,20240510,集客无线AP_QCA_ARM
2024/20240510/集客无线AP_QCA_ARM/JIKEAP_AX8540Q-3_AX8540Q_IPQ50XX_SFP_7.6_2024050900.bin.rar,JIKEAP_AX8540Q-3_AX8540Q_IPQ50XX_SFP_7.6_2024050900.bin.rar,14090819,5c4160d5e815b9fedd2c25b56e7e9f06,2024,20240510,集客无线AP_QCA_ARM
2024/20240510/集客无线AP_QCA_ARM/JIKEAP_B3000_IPQ50XX_AR8033_NOR32_EPORT_FREE_7.6_2024050900.bin.rar,JIKEAP_B3000_IPQ50XX_AR8033_NOR32_EPORT_FREE_7.6_2024050900.bin.rar,13221644,5366529eebe648343dc5674b0a4135b9,2024,20240510,集客无线AP_QCA_ARM
2024/20240510/集客无线AP_QCA_ARM/JIKEAP_CM520_IPQ40XX_1000M_NAND_EPORT_FREE_7.6_2024050900.bin.rar,JIKEAP_CM520_IPQ40XX_1000M_NAND_EPORT_FREE_7.6_2024050900.bin.rar,13880909,b5875ab5ede970a1bff5197018e0af93,2024,20240510,集客无线AP_QCA_ARM
2024/20240510/集客无线AP_QCA_ARM/JIKEAP_CM520_IPQ40XX_7.6_2024050900_opboot.bin.rar,JIKEAP_CM520_IPQ40XX_7.6_2024050900_opboot.bin.rar,13877111,6f467dfd4e77819046c090bb32907b55,2024,20240510,集客无线AP_QCA_ARM
2024/20240510/集客无线AP_QCA_ARM/JIKEAP_EA1303_IPQ50XX_7.6_2024050900.bin.rar,JIKEAP_EA1303_IPQ50XX_7.6_2024050900.bin.rar,14290241,c0161cfd32d3a7b5b7d9af66829d8135,2024,20240510,集客无线AP_QCA_ARM
2024/20240510/集客无线AP_QCA_ARM/JIKEAP_HM1800_IPQ60XX_1000M_WIFI6_7.6_2024050900.bin.rar,JIKEAP_HM1800_IPQ60XX_1000M_WIFI6_7.6_2024050900.bin.rar,12926271,2db8c6f74ee2f350d7cca453f50490d2,2024,20240510,集客无线AP_QCA_ARM
2024/20240510/集客无线AP_QCA_ARM/JIKEAP_N3000_IPQ50XX_NAND_FREE_7.6_2024050900.bin.rar,JIKEAP_N3000_IPQ50XX_NAND_FREE_7.6_2024050900.bin.rar,13480841,7d2726cfc2529ab12c2af28f814095b7,2024,20240510,集客无线AP_QCA_ARM
2024/20240510/集客无线AP_QCA_ARM/JIKEAP_WIA3600_IPQ50XX_QCA8337_NAND_7.6_2024050900.bin.rar,JIKEAP_WIA3600_IPQ50XX_QCA8337_NAND_7.6_2024050900.bin.rar,13557996,80111803d160481fcb24338cd800f5dc,2024,20240510,集客无线AP_QCA_ARM
2024/20240510/集客无线AP_QCA_ARM/JIKEAP_WP963_IPQ50XX_AR8033_NOR16_EPORT_7.6_2024050900.bin.rar,JIKEAP_WP963_IPQ50XX_AR8033_NOR16_EPORT_7.6_2024050900.bin.rar,12864475,fdfbc8acd5ae9cfc334a3b80cd4f8a54,2024,20240510,集客无线AP_QCA_ARM
2024/20240510/集客无线AP_QCA_ARM/JIKEAP_WP973_IPQ50XX_NAND_7.6_2024050900.bin.rar,JIKEAP_WP973_IPQ50XX_NAND_7.6_2024050900.bin.rar,14058960,e6e72909f3e38211d870114437886dd0,2024,20240510,集客无线AP_QCA_ARM
2024/20240510/集客无线AP_QCA_ARM/JIKEAP_WP973_V0_IPQ50XX_NOR_NAND_7.6_2024050900.bin.rar,JIKEAP_WP973_V0_IPQ50XX_NOR_NAND_7.6_2024050900.bin.rar,14059144,ab34fab9518a1ea708d2125dbd85e44d,2024,20240510,集客无线AP_QCA_ARM
2024/20240510/集客无线AP_QCA_ARM/release_notes.txt,release_notes.txt,5872,08cf46955c1acc70c1935dfe6efcc48b,2024,20240510,集客无线AP_QCA_ARM
2024/20240510/集客无线AP_QCA_ARM/ubi-JIKEAP_AC58U.img,ubi-JIKEAP_AC58U.img,12845056,5553ffc7061aed17c690f3e84d114808,2024,20240510,集客无线AP_QCA_ARM
2024/20240510/集客无线AP_QCA_ARM/ubi-JIKEAP_ACRH17.img,ubi-JIKEAP_ACRH17.img,14680064,2c630e980bc4f89d44e5ea7b47137255,2024,20240510,集客无线AP_QCA_ARM
2024/20240510/集客无线AP_QCA_ARM/ubi-JIKEAP_AX5RM.img,ubi-JIKEAP_AX5RM.img,13893632,e0466058240c44b86faa33f1b420a137,2024,20240510,集客无线AP_QCA_ARM
2024/20240510/集客无线AP_QCA_ARM/ubi-JIKEAP_CM520.img,ubi-JIKEAP_CM520.img,14680064,3589dc6f1d649945ebae2e056698afbe,2024,20240510,集客无线AP_QCA_ARM
2024/20240510/集客无线AP_QCA_ARM/ubi-JIKEAP_N3000.img,ubi-JIKEAP_N3000.img,14811136,adbb7aaa930a56a2974a7eb967313941,2024,20240510,集客无线AP_QCA_ARM
2024/20240510/集客无线AP_QCA_MIPS/JIKEAP_AP0141_QCA934X_1000M_7.6_2024050900.bin.rar,JIKEAP_AP0141_QCA934X_1000M_7.6_2024050900.bin.rar,6678118,5fd831983cd34cf6d9c4c814c04691a2,2024,20240510,集客无线AP_QCA_MIPS
2024/20240510/集客无线AP_QCA_MIPS/JIKEAP_AP110T_QCA933X_100M_EPORT_FREE_7.6_2024050900.bin.rar,JIKEAP_AP110T_QCA933X_100M_EPORT_FREE_7.6_2024050900.bin.rar,6677526,2daec8488cdfdb7ff68c87be8e00a010,2024,20240510,集客无线AP_QCA_MIPS
2024/20240510/集客无线AP_QCA_MIPS/JIKEAP_AP112F_QCA953X_100M_16M_EPORT_7.6_2024050900.bin.rar,JIKEAP_AP112F_QCA953X_100M_16M_EPORT_7.6_2024050900.bin.rar,6679519,a79e213e26e1687a17cd6a02bedf8f32,2024,20240510,集客无线AP_QCA_MIPS
2024/20240510/集客无线AP_QCA_MIPS/JIKEAP_AP112Fv2_AP112FV2_QCA953X_100M_8M_EPORT_7.6_2024050900.bin.rar,JIKEAP_AP112Fv2_AP112FV2_QCA953X_100M_8M_EPORT_7.6_2024050900.bin.rar,6678249,088db1847705bc8aad84b304e8884a3e,2024,20240510,集客无线AP_QCA_MIPS
2024/20240510/集客无线AP_QCA_MIPS/JIKEAP_AP112J_QCA953X_100M_EPORT_7.6_2024050900.bin.rar,JIKEAP_AP112J_QCA953X_100M_EPORT_7.6_2024050900.bin.rar,6679414,e1b04c8d6fb975132c6b3dc755f763b0,2024,20240510,集客无线AP_QCA_MIPS
2024/20240510/集客无线AP_QCA_MIPS/JIKEAP_AP112Q_QCA934X_100M_EPORT_7.6_2024050900.bin.rar,JIKEAP_AP112Q_QCA934X_100M_EPORT_7.6_2024050900.bin.rar,6678520,717a13853647d9f1225a6f3c262c033c,2024,20240510,集客无线AP_QCA_MIPS
2024/20240510/集客无线AP_QCA_MIPS/JIKEAP_AP112T_QCA953X_100M_EPORT_7.6_2024050900.bin.rar,JIKEAP_AP112T_QCA953X_100M_EPORT_7.6_2024050900.bin.rar,6678260,794f3846f9f08b0fb3e02560735cddcb,2024,20240510,集客无线AP_QCA_MIPS
2024/20240510/集客无线AP_QCA_MIPS/JIKEAP_AP112Y_QCA953X_100M_EPORT_7.6_2024050900.bin.rar,JIKEAP_AP112Y_QCA953X_100M_EPORT_7.6_2024050900.bin.rar,6679616,96f838e077d390fbaae6b034cdac534d,2024,20240510,集客无线AP_QCA_MIPS
2024/20240510/集客无线AP_QCA_MIPS/JIKEAP_AP116F_QCA953X_100M_QCA9887_EPORT_7.6_2024050900.bin.rar,JIKEAP_AP116F_QCA953X_100M_QCA9887_EPORT_7.6_2024050900.bin.rar,7039004,ece995252b02f9125be2414d9ac18347,2024,20240510,集客无线AP_QCA_MIPS
2024/20240510/集客无线AP_QCA_MIPS/JIKEAP_AP116Q_QCA953X_100M_QCA9887_EPORT_7.6_2024050900.bin.rar,JIKEAP_AP116Q_QCA953X_100M_QCA9887_EPORT_7.6_2024050900.bin.rar,7038995,e7ffdd2cdeda1b27794a57f798e49ab3,2024,20240510,集客无线AP_QCA_MIPS
2024/20240510/集客无线AP_QCA_MIPS/JIKEAP_AP117Q_QCA956X_1000M_QCA9882_7.6_2024050900.bin.rar,JIKEAP_AP117Q_QCA956X_1000M_QCA9882_7.6_2024050900.bin.rar,7838709,2409a6cc73445bfdf9369ab66dadbc36,2024,20240510,集客无线AP_QCA_MIPS
2024/20240510/集客无线AP_QCA_MIPS/JIKEAP_AP120_QCA934X_1000M_FREE_7.6_2024050900.bin.rar,JIKEAP_AP120_QCA934X_1000M_FREE_7.6_2024050900.bin.rar,7055483,aa20d5033ad25f03a9b871aba5945d7c,2024,20240510,集客无线AP_QCA_MIPS
2024/20240510/集客无线AP_QCA_MIPS/JIKEAP_AP126F_QCA953X_100M_8M_7.6_2024050900.bin.rar,JIKEAP_AP126F_QCA953X_100M_8M_7.6_2024050900.bin.rar,6677895,5787f9dbf537ae65ca97d39c0fa142f6,2024,20240510,集客无线AP_QCA_MIPS
2024/20240510/集客无线AP_QCA_MIPS/JIKEAP_AP130F-H_QCA953X_100M_7.6_2024050900.bin.rar,JIKEAP_AP130F-H_QCA953X_100M_7.6_2024050900.bin.rar,6681014,03e2e266a77b31adf2b251e02916b617,2024,20240510,集客无线AP_QCA_MIPS
2024/20240510/集客无线AP_QCA_MIPS/JIKEAP_AP130T_QCA934X_100M_AR9341_7.6_2024050900.bin.rar,JIKEAP_AP130T_QCA934X_100M_AR9341_7.6_2024050900.bin.rar,6677897,d4ecc738a405ce5ebfeae44d14e4947b,2024,20240510,集客无线AP_QCA_MIPS
2024/20240510/集客无线AP_QCA_MIPS/JIKEAP_AP135T-H_QCA953X_100M_AR9341_7.6_2024050900.bin.rar,JIKEAP_AP135T-H_QCA953X_100M_AR9341_7.6_2024050900.bin.rar,6677956,b29e4d9a342971a46a447cd84a3749c4,2024,20240510,集客无线AP_QCA_MIPS
2024/20240510/集客无线AP_QCA_MIPS/JIKEAP_AP136Y-H_QCA953X_100M_7.6_2024050900.bin.rar,JIKEAP_AP136Y-H_QCA953X_100M_7.6_2024050900.bin.rar,6679488,19892f72662e8adc7c41c1225644ace9,2024,20240510,集客无线AP_QCA_MIPS
2024/20240510/集客无线AP_QCA_MIPS/JIKEAP_AP147_QCA953X_100M_QCA9887_FREE_7.6_2024050900.bin.rar,JIKEAP_AP147_QCA953X_100M_QCA9887_FREE_7.6_2024050900.bin.rar,7816232,d8ad04c060dd464f2b08ada7553899ac,2024,20240510,集客无线AP_QCA_MIPS
2024/20240510/集客无线AP_QCA_MIPS/JIKEAP_AP153Y-H_QCA953X_7.6_2024050900.bin.rar,JIKEAP_AP153Y-H_QCA953X_7.6_2024050900.bin.rar,6679500,b6512f3ade032915f63a7fb7ca26ffc1,2024,20240510,集客无线AP_QCA_MIPS
2024/20240510/集客无线AP_QCA_MIPS/JIKEAP_AP185W_QCA934X_7.6_2024050900.bin.rar,JIKEAP_AP185W_QCA934X_7.6_2024050900.bin.rar,6678293,45d4a693e2503154f8adad1b2d3207d9,2024,20240510,集客无线AP_QCA_MIPS
2024/20240510/集客无线AP_QCA_MIPS/JIKEAP_AP220G_AP220G_QCA956X_1000M_QCA9886_7.6_2024050900.bin.rar,JIKEAP_AP220G_AP220G_QCA956X_1000M_QCA9886_7.6_2024050900.bin.rar,7927538,db93c8881ff9ee832924f0304669d4b6,2024,20240510,集客无线AP_QCA_MIPS
2024/20240510/集客无线AP_QCA_MIPS/JIKEAP_AP222G_QCA956X_7.6_2024050900.bin.rar,JIKEAP_AP222G_QCA956X_7.6_2024050900.bin.rar,7927779,8cfa38e55a52176c572cb3c0d77585e4,2024,20240510,集客无线AP_QCA_MIPS
2024/20240510/集客无线AP_QCA_MIPS/JIKEAP_AP223G_AP223G_QCA956X_1000M_QCA9886_7.6_2024050900.bin.rar,JIKEAP_AP223G_AP223G_QCA956X_1000M_QCA9886_7.6_2024050900.bin.rar,7904591,ae7556a3be0615e242ff31aa9c134892,2024,20240510,集客无线AP_QCA_MIPS
2024/20240510/集客无线AP_QCA_MIPS/JIKEAP_AP260F-H_QCA953X_100M_QCA9887_7.6_2024050900.bin.rar,JIKEAP_AP260F-H_QCA953X_100M_QCA9887_7.6_2024050900.bin.rar,7040376,0c075e851f4c365cc25baa426ab6ec22,2024,20240510,集客无线AP_QCA_MIPS
2024/20240510/集客无线AP_QCA_MIPS/JIKEAP_AP260T-H_QCA953X_100M_AR9X82_7.6_2024050900.bin.rar,JIKEAP_AP260T-H_QCA953X_100M_AR9X82_7.6_2024050900.bin.rar,6679544,26ab4139cb8ef41c2216769c5be6cd13,2024,20240510,集客无线AP_QCA_MIPS
2024/20240510/集客无线AP_QCA_MIPS/JIKEAP_AP261Y-H_QCA953X_100M_QCA9887_7.6_2024050900.bin.rar,JIKEAP_AP261Y-H_QCA953X_100M_QCA9887_7.6_2024050900.bin.rar,7038986,9325cfbdad68d1456060f4dc7bfb97b8,2024,20240510,集客无线AP_QCA_MIPS
2024/20240510/集客无线AP_QCA_MIPS/JIKEAP_AP262Y-H_QCA956X_1000M_QCA9882_7.6_2024050900.bin.rar,JIKEAP_AP262Y-H_QCA956X_1000M_QCA9882_7.6_2024050900.bin.rar,7838709,04489275a5509462cd4cf246bb72815a,2024,20240510,集客无线AP_QCA_MIPS
2024/20240510/集客无线AP_QCA_MIPS/JIKEAP_AP263YS_QCA956X_1000M_QCA9880_7.6_2024050900.bin.rar,JIKEAP_AP263YS_QCA956X_1000M_QCA9880_7.6_2024050900.bin.rar,8191144,066fbdfe139931b36ab6e0c8f8f6bdc0,2024,20240510,集客无线AP_QCA_MIPS
2024/20240510/集客无线AP_QCA_MIPS/JIKEAP_AP266G-H_QCA955X_1000M_QCA9880_7.6_2024050900.bin.rar,JIKEAP_AP266G-H_QCA955X_1000M_QCA9880_7.6_2024050900.bin.rar,7837508,c8e5419cdc1ab3a3617d185acdf82b67,2024,20240510,集客无线AP_QCA_MIPS
2024/20240510/集客无线AP_QCA_MIPS/JIKEAP_AP267F-H_QCA956X_1000M_QCA9886_7.6_2024050900.bin.rar,JIKEAP_AP267F-H_QCA956X_1000M_QCA9886_7.6_2024050900.bin.rar,7927461,eaf66c71aa621b381d276566f14e1c18,2024,20240510,集客无线AP_QCA_MIPS
2024/20240510/集客无线AP_QCA_MIPS/JIKEAP_AP267F-Hv2_AP267F-HV2_QCA956X_1000M_QCA9886_7.6_2024050900.bin.rar,JIKEAP_AP267F-Hv2_AP267F-HV2_QCA956X_1000M_QCA9886_7.6_2024050900.bin.rar,7927418,ee7016ccaaf40796b4bfb4a6ee551109,2024,20240510,集客无线AP_QCA_MIPS
2024/20240510/集客无线AP_QCA_MIPS/JIKEAP_AP267KY-H_QCA956X_1000M_QCA9886_7.6_2024050900.bin.rar,JIKEAP_AP267KY-H_QCA956X_1000M_QCA9886_7.6_2024050900.bin.rar,7927465,fd3a3c344a857be89e95c2ab8fddfbe4,2024,20240510,集客无线AP_QCA_MIPS
2024/20240510/集客无线AP_QCA_MIPS/JIKEAP_AP280F-H_QCA953X_100M_QCA9887_7.6_2024050900.bin.rar,JIKEAP_AP280F-H_QCA953X_100M_QCA9887_7.6_2024050900.bin.rar,7040318,aada4d5d294bf6022ada5f0a8efaa107,2024,20240510,集客无线AP_QCA_MIPS
2024/20240510/集客无线AP_QCA_MIPS/JIKEAP_AP280Y-H_QCA953X_7.6_2024050900.bin.rar,JIKEAP_AP280Y-H_QCA953X_7.6_2024050900.bin.rar,7038916,70d47faba4e0c04f1ab21ab08d46699b,2024,20240510,集客无线AP_QCA_MIPS
2024/20240510/集客无线AP_QCA_MIPS/JIKEAP_AP281Y-H_QCA956X_7.6_2024050900.bin.rar,JIKEAP_AP281Y-H_QCA956X_7.6_2024050900.bin.rar,7930490,c6cb2bc428c4669d9af68c44bbf34ff7,2024,20240510,集客无线AP_QCA_MIPS
2024/20240510/集客无线AP_QCA_MIPS/JIKEAP_AP282T-H_QCA956X_7.6_2024050900.bin.rar,JIKEAP_AP282T-H_QCA956X_7.6_2024050900.bin.rar,8711125,3d9646f08bb614c6000efb5b312099fa,2024,20240510,集客无线AP_QCA_MIPS
2024/20240510/集客无线AP_QCA_MIPS/JIKEAP_AP283Y-H_QCA956X_7.6_2024050900.bin.rar,JIKEAP_AP283Y-H_QCA956X_7.6_2024050900.bin.rar,7838524,0ba16bdbaa1ed28a7b269abc4eef36b4,2024,20240510,集客无线AP_QCA_MIPS
2024/20240510/集客无线AP_QCA_MIPS/JIKEAP_AP284Y-H_QCA956X_7.6_2024050900.bin.rar,JIKEAP_AP284Y-H_QCA956X_7.6_2024050900.bin.rar,7927563,dd75d144cfa36094b951a0ad76f53c03,2024,20240510,集客无线AP_QCA_MIPS
2024/20240510/集客无线AP_QCA_MIPS/JIKEAP_AP3513NA_QCA934X_7.6_2024050900.bin.rar,JIKEAP_AP3513NA_QCA934X_7.6_2024050900.bin.rar,6677975,bc99fc4726a263a3e8ab1d90550bad01,2024,20240510,集客无线AP_QCA_MIPS
2024/20240510/集客无线AP_QCA_MIPS/JIKEAP_AP49_QCA953X_7.6_2024050900.bin.rar,JIKEAP_AP49_QCA953X_7.6_2024050900.bin.rar,7082932,adf21ea1cd103404429e9e4e75eb47be,2024,20240510,集客无线AP_QCA_MIPS
2024/20240510/集客无线AP_QCA_MIPS/JIKEAP_AP630_QCA953X_100M_EPORT_7.6_2024050900.bin.rar,JIKEAP_AP630_QCA953X_100M_EPORT_7.6_2024050900.bin.rar,6679536,f9785db26710970b02732cdba2913a3a,2024,20240510,集客无线AP_QCA_MIPS
2024/20240510/集客无线AP_QCA_MIPS/JIKEAP_AP630v2_AP630V2_QCA953X_100M_EPORT_7.6_2024050900.bin.rar,JIKEAP_AP630v2_AP630V2_QCA953X_100M_EPORT_7.6_2024050900.bin.rar,6678263,7a1a9f10941a0f02091d571929c72c1e,2024,20240510,集客无线AP_QCA_MIPS
2024/20240510/集客无线AP_QCA_MIPS/JIKEAP_AP675_QCA953X_100M_EPORT_7.6_2024050900.bin.rar,JIKEAP_AP675_QCA953X_100M_EPORT_7.6_2024050900.bin.rar,7038902,7a5fd5db712d577d6e07f4e4e0e6c0ae,2024,20240510,集客无线AP_QCA_MIPS
2024/20240510/集客无线AP_QCA_MIPS/JIKEAP_AP830H_QCA953X_100M_7.6_2024050900.bin.rar,JIKEAP_AP830H_QCA953X_100M_7.6_2024050900.bin.rar,6680932,61eb9f8118c72eeb3bc8f43fb0c00acc,2024,20240510,集客无线AP_QCA_MIPS
2024/20240510/集客无线AP_QCA_MIPS/JIKEAP_AP875H_QCA953X_100M_QCA9887_7.6_2024050900.bin.rar,JIKEAP_AP875H_QCA953X_100M_QCA9887_7.6_2024050900.bin.rar,7040280,7abb0310ffd6cd7487e518db676d23f3,2024,20240510,集客无线AP_QCA_MIPS
2024/20240510/集客无线AP_QCA_MIPS/JIKEAP_AP9344_35P0_AP9344P0_QCA934X_1000M_7.6_2024050900.bin.rar,JIKEAP_AP9344_35P0_AP9344P0_QCA934X_1000M_7.6_2024050900.bin.rar,6679358,2989becb1fdfc368f8d48d802f43f939,2024,20240510,集客无线AP_QCA_MIPS
2024/20240510/集客无线AP_QCA_MIPS/JIKEAP_AP9344_35P4_AP9344P4_QCA934X_1000M_7.6_2024050900.bin.rar,JIKEAP_AP9344_35P4_AP9344P4_QCA934X_1000M_7.6_2024050900.bin.rar,6679405,bba4fe049161f2b9d774a4fbdf0bf0bf,2024,20240510,集客无线AP_QCA_MIPS
2024/20240510/集客无线AP_QCA_MIPS/JIKEAP_AP9344_8327_QCA934X_1000M_7.6_2024050900.bin.rar,JIKEAP_AP9344_8327_QCA934X_1000M_7.6_2024050900.bin.rar,6677745,26cd89fe426cec68f3bef04ca9825b33,2024,20240510,集客无线AP_QCA_MIPS
2024/20240510/集客无线AP_QCA_MIPS/JIKEAP_AP9344_M100_QCA934X_100M_7.6_2024050900.bin.rar,JIKEAP_AP9344_M100_QCA934X_100M_7.6_2024050900.bin.rar,6679231,86094fd9ed3d2adb5044d5f1e4c69849,2024,20240510,集客无线AP_QCA_MIPS
2024/20240510/集客无线AP_QCA_MIPS/JIKEAP_AP9344_RTL_QCA934X_1000M_7.6_2024050900.bin.rar,JIKEAP_AP9344_RTL_QCA934X_1000M_7.6_2024050900.bin.rar,6679470,52140fdbe79ddbe861257d1685fdac5c,2024,20240510,集客无线AP_QCA_MIPS
2024/20240510/集客无线AP_QCA_MIPS/JIKEAP_AP941_QCA953X_100M_FREE_7.6_2024050900.bin.rar,JIKEAP_AP941_QCA953X_100M_FREE_7.6_2024050900.bin.rar,6678012,5889220a8d10245fe2bca6b109271265,2024,20240510,集客无线AP_QCA_MIPS
2024/20240510/集客无线AP_QCA_MIPS/JIKEAP_AP9558V_QCA955X_1000M_QCA9880_LEEEL_FREE_7.6_2024050900.bin.rar,JIKEAP_AP9558V_QCA955X_1000M_QCA9880_LEEEL_FREE_7.6_2024050900.bin.rar,7838869,9b71cec53695f58848c07584abc1ae8b,2024,20240510,集客无线AP_QCA_MIPS
2024/20240510/集客无线AP_QCA_MIPS/JIKEAP_AP9558_QCA955X_1000M_QCA9880_FREE_7.6_2024050900.bin.rar,JIKEAP_AP9558_QCA955X_1000M_QCA9880_FREE_7.6_2024050900.bin.rar,7838833,54478bacd52f68b0750a73801b77595a,2024,20240510,集客无线AP_QCA_MIPS
2024/20240510/集客无线AP_QCA_MIPS/JIKEAP_ARIMA2210_QCA934X_EPORT_7.6_2024050900.bin.rar,JIKEAP_ARIMA2210_QCA934X_EPORT_7.6_2024050900.bin.rar,6678110,08cbbbdd93d0ae66cdfb68af28a03622,2024,20240510,集客无线AP_QCA_MIPS
2024/20240510/集客无线AP_QCA_MIPS/JIKEAP_FX-2ac_FX2AC_QCA956X_7.6_2024050900.bin.rar,JIKEAP_FX-2ac_FX2AC_QCA956X_7.6_2024050900.bin.rar,7832839,da8060977313ea1b3fbdd7af712d3e4f,2024,20240510,集客无线AP_QCA_MIPS
2024/20240510/集客无线AP_QCA_MIPS/JIKEAP_MI100_QCA934X_100M_7.6_2024050900.bin.rar,JIKEAP_MI100_QCA934X_100M_7.6_2024050900.bin.rar,6677904,e37cf58d98d8ce951ff316ac47e2ca9d,2024,20240510,集客无线AP_QCA_MIPS
2024/20240510/集客无线AP_QCA_MIPS/JIKEAP_WPJ563_QCA956X_1000M_QCA9880_7.6_2024050900.bin.rar,JIKEAP_WPJ563_QCA956X_1000M_QCA9880_7.6_2024050900.bin.rar,8191256,84c8f05e32504e120fcf4e974bdbd4fa,2024,20240510,集客无线AP_QCA_MIPS
2024/20240510/集客无线AP_QCA_MIPS/JIKEAP_XD102_QCA953X_7.6_2024050900.bin.rar,JIKEAP_XD102_QCA953X_7.6_2024050900.bin.rar,6678134,eff31c8bae28bcd4b7ebd138a31b11c2,2024,20240510,集客无线AP_QCA_MIPS
2024/20240510/集客无线AP_QCA_MIPS/JIKEAP_XD1202G_QCA956X_7.6_2024050900.bin.rar,JIKEAP_XD1202G_QCA956X_7.6_2024050900.bin.rar,7927732,725a31a872d084f0bfbd7f22c530efc6,2024,20240510,集客无线AP_QCA_MIPS
2024/20240510/集客无线AP_QCA_MIPS/release_notes.txt,release_notes.txt,5872,08cf46955c1acc70c1935dfe6efcc48b,2024,20240510,集客无线AP_QCA_MIPS
2024/20240516/集客无线AP_MTK_ARM/JIKEAP_AP250MD_MT7981_K5_NAND_UBI_AUTO_FREE_7.6_2024051600.bin.rar,JIKEAP_AP250MD_MT7981_K5_NAND_UBI_AUTO_FREE_7.6_2024051600.bin.rar,9233399,d2a9155210e8a0e36ad331641be871e7,2024,20240516,集客无线AP_MTK_ARM
2024/20240516/集客无线AP_MTK_ARM/JIKEAP_AP250_MT7981_K5_WIFI6_3000M_FREE_7.6_2024051600.bin.rar,JIKEAP_AP250_MT7981_K5_WIFI6_3000M_FREE_7.6_2024051600.bin.rar,9104898,2eb1ce2bb75f385870af4f6a073e60c8,2024,20240516,集客无线AP_MTK_ARM
2024/20240516/集客无线AP_MTK_ARM/JIKEAP_AX2030FM_MT7981_K5_7.6_2024051600.bin.rar,JIKEAP_AX2030FM_MT7981_K5_7.6_2024051600.bin.rar,9085942,0ea4128d42e09ff6ed0542342a442725,2024,20240516,集客无线AP_MTK_ARM
2024/20240516/集客无线AP_MTK_ARM/JIKEAP_AX3000AMX_MT7981_K5_WIFI6_3000M_2_5G_7.6_2024051600.bin.rar,JIKEAP_AX3000AMX_MT7981_K5_WIFI6_3000M_2_5G_7.6_2024051600.bin.rar,9085278,683ade2f4256f6a419d26457420b9e5e,2024,20240516,集客无线AP_MTK_ARM
2024/20240516/集客无线AP_MTK_ARM/JIKEAP_AX3000AM_MT7981_K5_WIFI6_3000M_7.6_2024051600.bin.rar,JIKEAP_AX3000AM_MT7981_K5_WIFI6_3000M_7.6_2024051600.bin.rar,9100722,fb2b13aeac0b527530f2da414f94cddc,2024,20240516,集客无线AP_MTK_ARM
2024/20240516/集客无线AP_MTK_ARM/JIKEAP_AX3000FM_MT7981_K5_7.6_2024051600.bin.rar,JIKEAP_AX3000FM_MT7981_K5_7.6_2024051600.bin.rar,9086191,b856a186a3956b23ead80c7c4f1d9883,2024,20240516,集客无线AP_MTK_ARM
2024/20240516/集客无线AP_MTK_ARM/JIKEAP_AX3000PM_MT7981_K5_WIFI6_3000M_PON_7.6_2024051600.bin.rar,JIKEAP_AX3000PM_MT7981_K5_WIFI6_3000M_PON_7.6_2024051600.bin.rar,9100796,6dc02679e68559c1996df08d9152dc27,2024,20240516,集客无线AP_MTK_ARM
2024/20240516/集客无线AP_MTK_ARM/JIKEAP_AX3025FM_MT7981_K5_7.6_2024051600.bin.rar,JIKEAP_AX3025FM_MT7981_K5_7.6_2024051600.bin.rar,9085645,bea8c7badb025400c757b1637b02fea0,2024,20240516,集客无线AP_MTK_ARM
2024/20240516/集客无线AP_MTK_ARM/JIKEAP_FAPM3001_MT7981_K5_7.6_2024051600.bin.rar,JIKEAP_FAPM3001_MT7981_K5_7.6_2024051600.bin.rar,9085209,c008ee137812f41e1dcb4f966f081523,2024,20240516,集客无线AP_MTK_ARM
2024/20240516/集客无线AP_MTK_MIPS/JIKEAP_AP107IOT_MT7620_K4_EPORT_7.6_2024051700.bin.rar,JIKEAP_AP107IOT_MT7620_K4_EPORT_7.6_2024051700.bin.rar,5930423,438690eff31ab414dc8d8460d4c654f8,2024,20240516,集客无线AP_MTK_MIPS
2024/20240516/集客无线AP_MTK_MIPS/JIKEAP_AP110F_MT7628_K4_EPORT_7.6_2024051700.bin.rar,JIKEAP_AP110F_MT7628_K4_EPORT_7.6_2024051700.bin.rar,5051901,4430292a1b51a96e2c28208b92f97241,2024,20240516,集客无线AP_MTK_MIPS
2024/20240516/集客无线AP_MTK_MIPS/JIKEAP_AP118A_MT7628_K4_EPORT_7.6_2024051700.bin.rar,JIKEAP_AP118A_MT7628_K4_EPORT_7.6_2024051700.bin.rar,6644775,fb35fa40159d258d24627e68f0e7f2da,2024,20240516,集客无线AP_MTK_MIPS
2024/20240516/集客无线AP_MTK_MIPS/JIKEAP_AP118F_AP118F0_MT7628_K4_EPORT_7.6_2024051700.bin.rar,JIKEAP_AP118F_AP118F0_MT7628_K4_EPORT_7.6_2024051700.bin.rar,6637056,f06b722e127ecf311d1fe12b5da286ef,2024,20240516,集客无线AP_MTK_MIPS
2024/20240516/集客无线AP_MTK_MIPS/JIKEAP_AP118F_MT7628_K4_EPORT_7.6_2024051700.bin.rar,JIKEAP_AP118F_MT7628_K4_EPORT_7.6_2024051700.bin.rar,6645202,a1307921149dc978fc0acb1b67738ca2,2024,20240516,集客无线AP_MTK_MIPS
2024/20240516/集客无线AP_MTK_MIPS/JIKEAP_AP118Y_MT7628_K4_EPORT_7.6_2024051700.bin.rar,JIKEAP_AP118Y_MT7628_K4_EPORT_7.6_2024051700.bin.rar,6645203,3459584e605f4b6e9dd3e058dbb05b21,2024,20240516,集客无线AP_MTK_MIPS
2024/20240516/集客无线AP_MTK_MIPS/JIKEAP_AP210G_MT7620_K4_EPORT_7.6_2024051700.bin.rar,JIKEAP_AP210G_MT7620_K4_EPORT_7.6_2024051700.bin.rar,6703315,1fc95822f9e712f6590beee52bf49316,2024,20240516,集客无线AP_MTK_MIPS
2024/20240516/集客无线AP_MTK_MIPS/JIKEAP_AP212-L_AP212L_MT7621_K4_EPORT_7.6_2024051700.bin.rar,JIKEAP_AP212-L_AP212L_MT7621_K4_EPORT_7.6_2024051700.bin.rar,6189532,ef09b690ba3afdc4cad70ea862ea51b1,2024,20240516,集客无线AP_MTK_MIPS
2024/20240516/集客无线AP_MTK_MIPS/JIKEAP_AP212G_AP212G0_MT7621_K4_EPORT_7.6_2024051700.bin.rar,JIKEAP_AP212G_AP212G0_MT7621_K4_EPORT_7.6_2024051700.bin.rar,6189136,8d6cc3da5af6a019e36b330d525f198a,2024,20240516,集客无线AP_MTK_MIPS
2024/20240516/集客无线AP_MTK_MIPS/JIKEAP_AP212G_MT7621_K4_EPORT_7.6_2024051700.bin.rar,JIKEAP_AP212G_MT7621_K4_EPORT_7.6_2024051700.bin.rar,6196738,40b489f9dc26bcbc7c90fbd165c97eda,2024,20240516,集客无线AP_MTK_MIPS
2024/20240516/集客无线AP_MTK_MIPS/JIKEAP_AP213G_MT7620_K4_EPORT_7.6_2024051700.bin.rar,JIKEAP_AP213G_MT7620_K4_EPORT_7.6_2024051700.bin.rar,6351832,f7bba2f180e669b1e3c8f57adae36b54,2024,20240516,集客无线AP_MTK_MIPS
2024/20240516/集客无线AP_MTK_MIPS/JIKEAP_AP216G_MT7621_K4_EPORT_7.6_2024051700.bin.rar,JIKEAP_AP216G_MT7621_K4_EPORT_7.6_2024051700.bin.rar,7173249,08770f784125c4fd7b3d3319ceeaf583,2024,20240516,集客无线AP_MTK_MIPS
2024/20240516/集客无线AP_MTK_MIPS/JIKEAP_AP230EP_MT7620_K4_EPORT_FREE_7.6_2024051700.bin.rar,JIKEAP_AP230EP_MT7620_K4_EPORT_FREE_7.6_2024051700.bin.rar,6993715,2711ccf90c5d7d9784833edd341f10ca,2024,20240516,集客无线AP_MTK_MIPS
2024/20240516/集客无线AP_MTK_MIPS/JIKEAP_AP230G_MT7620_K4_RTL_EPORT_FREE_7.6_2024051700.bin.rar,JIKEAP_AP230G_MT7620_K4_RTL_EPORT_FREE_7.6_2024051700.bin.rar,6993164,38c9feca2a4cadb47bd52bbf763449a5,2024,20240516,集客无线AP_MTK_MIPS
2024/20240516/集客无线AP_MTK_MIPS/JIKEAP_AP230IP_MT7620_K4_EPORT_FREE_7.6_2024051700.bin.rar,JIKEAP_AP230IP_MT7620_K4_EPORT_FREE_7.6_2024051700.bin.rar,6993120,05072c6a3ae20686287d3dad922ce41f,2024,20240516,集客无线AP_MTK_MIPS
2024/20240516/集客无线AP_MTK_MIPS/JIKEAP_AP238AN_MT7628_K4_LEEEL_EPORT_FREE_7.6_2024051700.bin.rar,JIKEAP_AP238AN_MT7628_K4_LEEEL_EPORT_FREE_7.6_2024051700.bin.rar,7260015,9a45c8204a3092a2a37fae8f877f2eea,2024,20240516,集客无线AP_MTK_MIPS
2024/20240516/集客无线AP_MTK_MIPS/JIKEAP_AP238IOT_MT7628_K4_LEEEL_EPORT_FREE_7.6_2024051700.bin.rar,JIKEAP_AP238IOT_MT7628_K4_LEEEL_EPORT_FREE_7.6_2024051700.bin.rar,8082966,ffaf49fc74358a1256f9985f8be5a000,2024,20240516,集客无线AP_MTK_MIPS
2024/20240516/集客无线AP_MTK_MIPS/JIKEAP_AP238MQ_MT7628_K4_LEEEL_EPORT_7.6_2024051700.bin.rar,JIKEAP_AP238MQ_MT7628_K4_LEEEL_EPORT_7.6_2024051700.bin.rar,7349049,f8ba693758891bccbb73ca19b1bed07c,2024,20240516,集客无线AP_MTK_MIPS
2024/20240516/集客无线AP_MTK_MIPS/JIKEAP_AP240P_MT7621_K4_SWITCH_LEEEE_EPORT_FREE_7.6_2024051700.bin.rar,JIKEAP_AP240P_MT7621_K4_SWITCH_LEEEE_EPORT_FREE_7.6_2024051700.bin.rar,5153649,b2d925a4219d804523bb57ec9e5239ae,2024,20240516,集客无线AP_MTK_MIPS
2024/20240516/集客无线AP_MTK_MIPS/JIKEAP_AP240SFP_MT7621_K4_SWITCH_LEEEE_FREE_7.6_2024051700.bin.rar,JIKEAP_AP240SFP_MT7621_K4_SWITCH_LEEEE_FREE_7.6_2024051700.bin.rar,5157689,a5489cfaab0d57d5033b3a7dc1acf7a4,2024,20240516,集客无线AP_MTK_MIPS
2024/20240516/集客无线AP_MTK_MIPS/JIKEAP_AP242P_MT7621_K4_LLLLL_64M_FREE_7.6_2024051700.bin.rar,JIKEAP_AP242P_MT7621_K4_LLLLL_64M_FREE_7.6_2024051700.bin.rar,7517909,330bcb93c74847cc15c658bf4e23b836,2024,20240516,集客无线AP_MTK_MIPS
2024/20240516/集客无线AP_MTK_MIPS/JIKEAP_AP246HI_MT7621_K4_1000_FREE_7.6_2024051700.bin.rar,JIKEAP_AP246HI_MT7621_K4_1000_FREE_7.6_2024051700.bin.rar,7744214,41203dffa382635a0040b415d4204bef,2024,20240516,集客无线AP_MTK_MIPS
2024/20240516/集客无线AP_MTK_MIPS/JIKEAP_AP246P_MT7621_K4_MT7603_MT7615N_FREE_7.6_2024051700.bin.rar,JIKEAP_AP246P_MT7621_K4_MT7603_MT7615N_FREE_7.6_2024051700.bin.rar,8558705,1ae29a47efeac278471be6d0c1f6ca55,2024,20240516,集客无线AP_MTK_MIPS
2024/20240516/集客无线AP_MTK_MIPS/JIKEAP_AP24_MT7621_K4_LEEEL_EPORT_FREE_7.6_2024051700.bin.rar,JIKEAP_AP24_MT7621_K4_LEEEL_EPORT_FREE_7.6_2024051700.bin.rar,7526361,df8e1dc7b5beb5a02c7f1bfe51b8d23f,2024,20240516,集客无线AP_MTK_MIPS
2024/20240516/集客无线AP_MTK_MIPS/JIKEAP_AP261F-H_AP261F-H0_MT7621_K4_7.6_2024051700.bin.rar,JIKEAP_AP261F-H_AP261F-H0_MT7621_K4_7.6_2024051700.bin.rar,6190278,f9ad224cf02b41e914f0fc72e46bd0f9,2024,20240516,集客无线AP_MTK_MIPS
2024/20240516/集客无线AP_MTK_MIPS/JIKEAP_AP261F-H_MT7621_K4_7.6_2024051700.bin.rar,JIKEAP_AP261F-H_MT7621_K4_7.6_2024051700.bin.rar,6197909,038df838fc85131ca11d8e2c0e9f6052,2024,20240516,集客无线AP_MTK_MIPS
2024/20240516/集客无线AP_MTK_MIPS/JIKEAP_AP601_MT7620_K4_LEEEE_EPORT_FREE_7.6_2024051700.bin.rar,JIKEAP_AP601_MT7620_K4_LEEEE_EPORT_FREE_7.6_2024051700.bin.rar,5110320,8e4ed245b8469ee448cc1fd5ab4d9e58,2024,20240516,集客无线AP_MTK_MIPS
2024/20240516/集客无线AP_MTK_MIPS/JIKEAP_AX1800B_MT7621_K4_EPORT_7.6_2024051700.bin.rar,JIKEAP_AX1800B_MT7621_K4_EPORT_7.6_2024051700.bin.rar,6498688,316d873bfc7028bfcd55d4cdbd341fde,2024,20240516,集客无线AP_MTK_MIPS
2024/20240516/集客无线AP_MTK_MIPS/JIKEAP_AX1800FM_AX1800FM0_MT7621_K4_7.6_2024051700.bin.rar,JIKEAP_AX1800FM_AX1800FM0_MT7621_K4_7.6_2024051700.bin.rar,6490524,12ca0ebb2071a5b71339e377d1dc0906,2024,20240516,集客无线AP_MTK_MIPS
2024/20240516/集客无线AP_MTK_MIPS/JIKEAP_AX1800FM_MT7621_K4_7.6_2024051700.bin.rar,JIKEAP_AX1800FM_MT7621_K4_7.6_2024051700.bin.rar,6500848,87c71cfe3c3c68b416a155531f7fd6d1,2024,20240516,集客无线AP_MTK_MIPS
2024/20240516/集客无线AP_MTK_MIPS/JIKEAP_AX1800H_MT7621_K4_MT7915DN_WIFI6_NAND_FREE_7.6_2024051700.bin.rar,JIKEAP_AX1800H_MT7621_K4_MT7915DN_WIFI6_NAND_FREE_7.6_2024051700.bin.rar,6717247,d367b68f9764503523969284cb7e7311,2024,20240516,集客无线AP_MTK_MIPS
2024/20240516/集客无线AP_MTK_MIPS/JIKEAP_AX1800IoT_AX1800IOT_MT7621_K4_7.6_2024051700.bin.rar,JIKEAP_AX1800IoT_AX1800IOT_MT7621_K4_7.6_2024051700.bin.rar,7321340,40733d4231bc00a326cdca57d07fc301,2024,20240516,集客无线AP_MTK_MIPS
2024/20240516/集客无线AP_MTK_MIPS/JIKEAP_AX1800S_MT7621_K4_MT7915DN_WIFI6_7.6_2024051700.bin.rar,JIKEAP_AX1800S_MT7621_K4_MT7915DN_WIFI6_7.6_2024051700.bin.rar,6498576,ede2f844bcd368b3b3c983937ce6af24,2024,20240516,集客无线AP_MTK_MIPS
2024/20240516/集客无线AP_MTK_MIPS/JIKEAP_AX2018-GPON_AX2018GP_MT7621_K4_EPORT_7.6_2024051700.bin.rar,JIKEAP_AX2018-GPON_AX2018GP_MT7621_K4_EPORT_7.6_2024051700.bin.rar,6498961,a48bae5b41d984bf48eb7e8753065f48,2024,20240516,集客无线AP_MTK_MIPS
2024/20240516/集客无线AP_MTK_MIPS/JIKEAP_AX2020_MT7621_K4_EPORT_7.6_2024051700.bin.rar,JIKEAP_AX2020_MT7621_K4_EPORT_7.6_2024051700.bin.rar,6498398,52923cc3547cf9b670bc98b99d784f44,2024,20240516,集客无线AP_MTK_MIPS
2024/20240516/集客无线AP_MTK_MIPS/JIKEAP_AX2021_0AX2021_MT7621_K4_EPORT_7.6_2024051700.bin.rar,JIKEAP_AX2021_0AX2021_MT7621_K4_EPORT_7.6_2024051700.bin.rar,6491019,ebf83b987f838df9dae564c5330fa6d3,2024,20240516,集客无线AP_MTK_MIPS
2024/20240516/集客无线AP_MTK_MIPS/JIKEAP_AX2021_MT7621_K4_EPORT_7.6_2024051700.bin.rar,JIKEAP_AX2021_MT7621_K4_EPORT_7.6_2024051700.bin.rar,6500751,8ca3231736bdf9bdab476ca5fc8eb1d1,2024,20240516,集客无线AP_MTK_MIPS
2024/20240516/集客无线AP_MTK_MIPS/JIKEAP_AX2022MQ_MT7621_K4_EPORT_7.6_2024051700.bin.rar,JIKEAP_AX2022MQ_MT7621_K4_EPORT_7.6_2024051700.bin.rar,6587522,89e6015e6910ac28aefec0181c087fa0,2024,20240516,集客无线AP_MTK_MIPS
2024/20240516/集客无线AP_MTK_MIPS/JIKEAP_AX2022_MT7621_K4_EPORT_7.6_2024051700.bin.rar,JIKEAP_AX2022_MT7621_K4_EPORT_7.6_2024051700.bin.rar,7321507,5a6525a8201c4375bf58c3b8d1f0cef0,2024,20240516,集客无线AP_MTK_MIPS
2024/20240516/集客无线AP_MTK_MIPS/JIKEAP_PAK590055_MT7621_K4_EPORT_7.6_2024051700.bin.rar,JIKEAP_PAK590055_MT7621_K4_EPORT_7.6_2024051700.bin.rar,6189208,bdb44846046c0d885c44c8bd80fd534c,2024,20240516,集客无线AP_MTK_MIPS
2024/20240516/集客无线AP_MTK_MIPS/JIKEAP_XB1200G_MT7621_K4_EPORT_7.6_2024051700.bin.rar,JIKEAP_XB1200G_MT7621_K4_EPORT_7.6_2024051700.bin.rar,6196851,f2fd096d621a6fbabff1e2c6a4d3d12a,2024,20240516,集客无线AP_MTK_MIPS
2024/20240516/集客无线AP_MTK_MIPS/JIKEAP_XB8800_MT7620_K4_EPORT_7.6_2024051700.bin.rar,JIKEAP_XB8800_MT7620_K4_EPORT_7.6_2024051700.bin.rar,5110418,c964205d22fca5aa384dcc3e706a77d5,2024,20240516,集客无线AP_MTK_MIPS
2024/20240516/集客无线AP_MTK_MIPS/release_notes.txt,release_notes.txt,6572,9d835f5d5c018c0069639324a9239492,2024,20240516,集客无线AP_MTK_MIPS
2024/20240516/集客无线AP_QCA_ARM/JIKEAP_AC58U_IPQ40XX_1000M_IPQ4018_FREE_7.6_2024051600.bin.rar,JIKEAP_AC58U_IPQ40XX_1000M_IPQ4018_FREE_7.6_2024051600.bin.rar,11956460,8f058c13a8458b51ff36729433db0ceb,2024,20240516,集客无线AP_QCA_ARM
2024/20240516/集客无线AP_QCA_ARM/JIKEAP_AC58U_IPQ40XX_7.6_2024051600_opboot.bin.rar,JIKEAP_AC58U_IPQ40XX_7.6_2024051600_opboot.bin.rar,11956277,8b6686e91057b658333d6f878082ba31,2024,20240516,集客无线AP_QCA_ARM
2024/20240516/集客无线AP_QCA_ARM/JIKEAP_ACRH17_IPQ40XX_1000M_QCA9984_HT160_EPORT_FREE_7.6_2024051600.bin.rar,JIKEAP_ACRH17_IPQ40XX_1000M_QCA9984_HT160_EPORT_FREE_7.6_2024051600.bin.rar,13862850,2496c85bc805b35057dc9c7e4d731aa2,2024,20240516,集客无线AP_QCA_ARM
2024/20240516/集客无线AP_QCA_ARM/JIKEAP_ACRH17_IPQ40XX_7.6_2024051600_opboot.bin.rar,JIKEAP_ACRH17_IPQ40XX_7.6_2024051600_opboot.bin.rar,13863897,8e2d0ba1d76ce9e0a3cff31f06d1a59d,2024,20240516,集客无线AP_QCA_ARM
2024/20240516/集客无线AP_QCA_ARM/JIKEAP_AP118L_IPQ40XX_1000M_EPORT_7.6_2024051600.bin.rar,JIKEAP_AP118L_IPQ40XX_1000M_EPORT_7.6_2024051600.bin.rar,13612360,f6eefaddbea2f4515e3c15231ede5606,2024,20240516,集客无线AP_QCA_ARM
2024/20240516/集客无线AP_QCA_ARM/JIKEAP_AP268F-H_IPQ40XX_7.6_2024051600.bin.rar,JIKEAP_AP268F-H_IPQ40XX_7.6_2024051600.bin.rar,13760865,d66f2fc35c80f535897343597c7aa796,2024,20240516,集客无线AP_QCA_ARM
2024/20240516/集客无线AP_QCA_ARM/JIKEAP_AP268F-IoT_AP268IOT_IPQ40XX_7.6_2024051600.bin.rar,JIKEAP_AP268F-IoT_AP268IOT_IPQ40XX_7.6_2024051600.bin.rar,13599347,bf0bbadc9a72927847358729e6d234ab,2024,20240516,集客无线AP_QCA_ARM
2024/20240516/集客无线AP_QCA_ARM/JIKEAP_AP269X-HG_IPQ40XX_1000M_7.6_2024051600.bin.rar,JIKEAP_AP269X-HG_IPQ40XX_1000M_7.6_2024051600.bin.rar,13612286,94156fa6760485abd87f036fac271bc2,2024,20240516,集客无线AP_QCA_ARM
2024/20240516/集客无线AP_QCA_ARM/JIKEAP_AP285F-H_IPQ40XX_1000M_7.6_2024051600.bin.rar,JIKEAP_AP285F-H_IPQ40XX_1000M_7.6_2024051600.bin.rar,13613814,bf68c54f4bbcccf23c19b8766846d9c0,2024,20240516,集客无线AP_QCA_ARM
2024/20240516/集客无线AP_QCA_ARM/JIKEAP_AP285KY-H_IPQ40XX_7.6_2024051600.bin.rar,JIKEAP_AP285KY-H_IPQ40XX_7.6_2024051600.bin.rar,13508444,6964c0a5fb8e0bb9af1f6c21b68f42a6,2024,20240516,集客无线AP_QCA_ARM
2024/20240516/集客无线AP_QCA_ARM/JIKEAP_AP320F-H_IPQ40XX_1000M_3RADIO_7.6_2024051600.bin.rar,JIKEAP_AP320F-H_IPQ40XX_1000M_3RADIO_7.6_2024051600.bin.rar,13579824,f00229df4e8e93ba09cf62450f1e5209,2024,20240516,集客无线AP_QCA_ARM
2024/20240516/集客无线AP_QCA_ARM/JIKEAP_AP320KY-H_IPQ40XX_7.6_2024051600.bin.rar,JIKEAP_AP320KY-H_IPQ40XX_7.6_2024051600.bin.rar,13695612,43b6d992bda1f07d5fe4c2d70022db0c,2024,20240516,集客无线AP_QCA_ARM
2024/20240516/集客无线AP_QCA_ARM/JIKEAP_AP320KYRUS_IPQ40XX_7.6_2024051600.bin.rar,JIKEAP_AP320KYRUS_IPQ40XX_7.6_2024051600.bin.rar,13696264,55158b74789d9fb45171628013b9fa38,2024,20240516,集客无线AP_QCA_ARM
2024/20240516/集客无线AP_QCA_ARM/JIKEAP_AP320Y-H_IPQ40XX_1000M_3RADIO_7.6_2024051600.bin.rar,JIKEAP_AP320Y-H_IPQ40XX_1000M_3RADIO_7.6_2024051600.bin.rar,13614441,d1f94f35b7dce8f23173a574142d53f4,2024,20240516,集客无线AP_QCA_ARM
2024/20240516/集客无线AP_QCA_ARM/JIKEAP_AP320YRUS_IPQ40XX_1000M_3RADIO_7.6_2024051600.bin.rar,JIKEAP_AP320YRUS_IPQ40XX_1000M_3RADIO_7.6_2024051600.bin.rar,13614153,3c5af7235df58a869392aaee4bc722ec,2024,20240516,集客无线AP_QCA_ARM
2024/20240516/集客无线AP_QCA_ARM/JIKEAP_AP330F-H_IPQ40XX_1000M_3RADIO_HT160_7.6_2024051600.bin.rar,JIKEAP_AP330F-H_IPQ40XX_1000M_3RADIO_HT160_7.6_2024051600.bin.rar,13579901,759b945f8410d8ffd4de9c784d374fe2,2024,20240516,集客无线AP_QCA_ARM
2024/20240516/集客无线AP_QCA_ARM/JIKEAP_AP386X_IPQ40XX_1000M_3RADIO_7.6_2024051600.bin.rar,JIKEAP_AP386X_IPQ40XX_1000M_3RADIO_7.6_2024051600.bin.rar,13613453,aa428dcf7fdc5022f083142c8bd8b8f0,2024,20240516,集客无线AP_QCA_ARM
2024/20240516/集客无线AP_QCA_ARM/JIKEAP_AX1800F_IPQ60XX_1000M_WIFI6_7.6_2024051600.bin.rar,JIKEAP_AX1800F_IPQ60XX_1000M_WIFI6_7.6_2024051600.bin.rar,12567192,c79d0e31639031e44fcc4af183d9cd3e,2024,20240516,集客无线AP_QCA_ARM
2024/20240516/集客无线AP_QCA_ARM/JIKEAP_AX1800Y_IPQ60XX_7.6_2024051600.bin.rar,JIKEAP_AX1800Y_IPQ60XX_7.6_2024051600.bin.rar,12866442,d3d6efc9f7e6724066eea98df07102e6,2024,20240516,集客无线AP_QCA_ARM
2024/20240516/集客无线AP_QCA_ARM/JIKEAP_AX1801-MESH_AX1801MESH_IPQ60XX_7.6_2024051600.bin.rar,JIKEAP_AX1801-MESH_AX1801MESH_IPQ60XX_7.6_2024051600.bin.rar,15188021,fca9997acb7a9096ed49b72af5c9cd74,2024,20240516,集客无线AP_QCA_ARM
2024/20240516/集客无线AP_QCA_ARM/JIKEAP_AX2030A_IPQ50XX_EPORT_7.6_2024051600.bin.rar,JIKEAP_AX2030A_IPQ50XX_EPORT_7.6_2024051600.bin.rar,13576407,0b70e852ad9b140782affe5da4883ae4,2024,20240516,集客无线AP_QCA_ARM
2024/20240516/集客无线AP_QCA_ARM/JIKEAP_AX2034W_IPQ50XX_EPORT_7.6_2024051600.bin.rar,JIKEAP_AX2034W_IPQ50XX_EPORT_7.6_2024051600.bin.rar,14081566,e4d8566b5bc13dd25b2d1389fe470476,2024,20240516,集客无线AP_QCA_ARM
2024/20240516/集客无线AP_QCA_ARM/JIKEAP_AX2180_IPQ60XX_1000M_WIFI6_7.6_2024051600.bin.rar,JIKEAP_AX2180_IPQ60XX_1000M_WIFI6_7.6_2024051600.bin.rar,14971821,e7ddd1532a700d8ac03340b9277b98bb,2024,20240516,集客无线AP_QCA_ARM
2024/20240516/集客无线AP_QCA_ARM/JIKEAP_AX3000F-SFP_AX3000FX_IPQ50XX_SFP_7.6_2024051600.bin.rar,JIKEAP_AX3000F-SFP_AX3000FX_IPQ50XX_SFP_7.6_2024051600.bin.rar,14074444,a5be7e7bd74c2ab69cb1be1d5adc4861,2024,20240516,集客无线AP_QCA_ARM
2024/20240516/集客无线AP_QCA_ARM/JIKEAP_AX3000FY_IPQ50XX_7.6_2024051600.bin.rar,JIKEAP_AX3000FY_IPQ50XX_7.6_2024051600.bin.rar,14060524,c065fcb4b4c7327bb07d1ad55c749fd3,2024,20240516,集客无线AP_QCA_ARM
2024/20240516/集客无线AP_QCA_ARM/JIKEAP_AX3000F_IPQ50XX_7.6_2024051600.bin.rar,JIKEAP_AX3000F_IPQ50XX_7.6_2024051600.bin.rar,14059483,cd5b582d963e18e2fcde5cfe6d0093e0,2024,20240516,集客无线AP_QCA_ARM
2024/20240516/集客无线AP_QCA_ARM/JIKEAP_AX3000X_IPQ50XX_7.6_2024051600.bin.rar,JIKEAP_AX3000X_IPQ50XX_7.6_2024051600.bin.rar,13844374,5749c7b4de781244619e85bec793e87f,2024,20240516,集客无线AP_QCA_ARM
2024/20240516/集客无线AP_QCA_ARM/JIKEAP_AX3001-MESH_AX3001MESH_IPQ50XX_7.6_2024051600.bin.rar,JIKEAP_AX3001-MESH_AX3001MESH_IPQ50XX_7.6_2024051600.bin.rar,16014244,e22d5620efaf856021ebf592763b2ffd,2024,20240516,集客无线AP_QCA_ARM
2024/20240516/集客无线AP_QCA_ARM/JIKEAP_AX3025Y_IPQ807X_2500M_WIFI6_HT160_7.6_2024051600.bin.rar,JIKEAP_AX3025Y_IPQ807X_2500M_WIFI6_HT160_7.6_2024051600.bin.rar,15757461,895a96d1533b011882e990551878bd26,2024,20240516,集客无线AP_QCA_ARM
2024/20240516/集客无线AP_QCA_ARM/JIKEAP_AX3050KY_IPQ807X_5000M_WIFI6_HT160_7.6_2024051600.bin.rar,JIKEAP_AX3050KY_IPQ807X_5000M_WIFI6_HT160_7.6_2024051600.bin.rar,13441625,a5bee704936fba9aa435377ce5ecd060,2024,20240516,集客无线AP_QCA_ARM
2024/20240516/集客无线AP_QCA_ARM/JIKEAP_AX5400KY_IPQ50XX_7.6_2024051600.bin.rar,JIKEAP_AX5400KY_IPQ50XX_7.6_2024051600.bin.rar,14301157,8ab87837a780ffc6180cd3c7229457ff,2024,20240516,集客无线AP_QCA_ARM
2024/20240516/集客无线AP_QCA_ARM/JIKEAP_AX5425Y-3-RU_AX5425Y3RU_IPQ50XX_7.6_2024051600.bin.rar,JIKEAP_AX5425Y-3-RU_AX5425Y3RU_IPQ50XX_7.6_2024051600.bin.rar,14088101,044d718219f1944913755051a29c26e8,2024,20240516,集客无线AP_QCA_ARM
2024/20240516/集客无线AP_QCA_ARM/JIKEAP_AX5RM_IPQ60XX_1000M_WIFI6_FREE_7.6_2024051600.bin.rar,JIKEAP_AX5RM_IPQ60XX_1000M_WIFI6_FREE_7.6_2024051600.bin.rar,12737282,e6faf0dd3ee091dd14d32af910fcf5fd,2024,20240516,集客无线AP_QCA_ARM
2024/20240516/集客无线AP_QCA_ARM/JIKEAP_AX8180X_IPQ60XX_7.6_2024051600.bin.rar,JIKEAP_AX8180X_IPQ60XX_7.6_2024051600.bin.rar,12881467,b2e94accbb6da9e3d9a63e5616b826a1,2024,20240516,集客无线AP_QCA_ARM
2024/20240516/集客无线AP_QCA_ARM/JIKEAP_AX8180Y_IPQ60XX_7.6_2024051600.bin.rar,JIKEAP_AX8180Y_IPQ60XX_7.6_2024051600.bin.rar,13017174,3c68bba9df8c9692d7e7405e804824c0,2024,20240516,集客无线AP_QCA_ARM
2024/20240516/集客无线AP_QCA_ARM/JIKEAP_AX8300A-SFP_AX8300ASFP_IPQ50XX_7.6_2024051600.bin.rar,JIKEAP_AX8300A-SFP_AX8300ASFP_IPQ50XX_7.6_2024051600.bin.rar,14067955,af0381a712c583851524d3abca091842,2024,20240516,集客无线AP_QCA_ARM
2024/20240516/集客无线AP_QCA_ARM/JIKEAP_AX8300A-SFP_IPQ50XX_7.6_2024051600.bin.rar,JIKEAP_AX8300A-SFP_IPQ50XX_7.6_2024051600.bin.rar,14062754,03c5eedecc7d36aac9aff254b1162159,2024,20240516,集客无线AP_QCA_ARM
2024/20240516/集客无线AP_QCA_ARM/JIKEAP_AX8301L_IPQ50XX_7.6_2024051600.bin.rar,JIKEAP_AX8301L_IPQ50XX_7.6_2024051600.bin.rar,14061687,66b8caaddd13d322aefafd01198e9658,2024,20240516,集客无线AP_QCA_ARM
2024/20240516/集客无线AP_QCA_ARM/JIKEAP_AX8325Q-SFP_AX8325QF_IPQ50XX_SFP_7.6_2024051600.bin.rar,JIKEAP_AX8325Q-SFP_AX8325QF_IPQ50XX_SFP_7.6_2024051600.bin.rar,16038663,51337ae51f0fb680527c19e0542cc0d8,2024,20240516,集客无线AP_QCA_ARM
2024/20240516/集客无线AP_QCA_ARM/JIKEAP_AX8540Q-3_AX8540Q_IPQ50XX_SFP_7.6_2024051600.bin.rar,JIKEAP_AX8540Q-3_AX8540Q_IPQ50XX_SFP_7.6_2024051600.bin.rar,14094047,9dd79650c92fd41175b0f7d38fafbc04,2024,20240516,集客无线AP_QCA_ARM
2024/20240516/集客无线AP_QCA_ARM/JIKEAP_B3000_IPQ50XX_AR8033_NOR32_EPORT_FREE_7.6_2024051600.bin.rar,JIKEAP_B3000_IPQ50XX_AR8033_NOR32_EPORT_FREE_7.6_2024051600.bin.rar,13225213,6e57de8c959c4dfbb1b28f81504fa804,2024,20240516,集客无线AP_QCA_ARM
2024/20240516/集客无线AP_QCA_ARM/JIKEAP_CM520_IPQ40XX_1000M_NAND_EPORT_FREE_7.6_2024051600.bin.rar,JIKEAP_CM520_IPQ40XX_1000M_NAND_EPORT_FREE_7.6_2024051600.bin.rar,13884309,6ea08fbb87c3d4bca695f82552006acb,2024,20240516,集客无线AP_QCA_ARM
2024/20240516/集客无线AP_QCA_ARM/JIKEAP_CM520_IPQ40XX_7.6_2024051600_opboot.bin.rar,JIKEAP_CM520_IPQ40XX_7.6_2024051600_opboot.bin.rar,13880845,05ffa562fa20911f65437a7dcbb694b1,2024,20240516,集客无线AP_QCA_ARM
2024/20240516/集客无线AP_QCA_ARM/JIKEAP_EA1303_IPQ50XX_7.6_2024051600.bin.rar,JIKEAP_EA1303_IPQ50XX_7.6_2024051600.bin.rar,14293360,eeb8f8b0c549966796fba9fc65f2934a,2024,20240516,集客无线AP_QCA_ARM
2024/20240516/集客无线AP_QCA_ARM/JIKEAP_HM1800_IPQ60XX_1000M_WIFI6_7.6_2024051600.bin.rar,JIKEAP_HM1800_IPQ60XX_1000M_WIFI6_7.6_2024051600.bin.rar,12929178,95e8b5f9877f851ef6b200a1e6eba279,2024,20240516,集客无线AP_QCA_ARM
2024/20240516/集客无线AP_QCA_ARM/JIKEAP_N3000_IPQ50XX_NAND_FREE_7.6_2024051600.bin.rar,JIKEAP_N3000_IPQ50XX_NAND_FREE_7.6_2024051600.bin.rar,13484797,198fabed832acd0816a05c94cdab7166,2024,20240516,集客无线AP_QCA_ARM
2024/20240516/集客无线AP_QCA_ARM/JIKEAP_WIA3600_IPQ50XX_QCA8337_NAND_7.6_2024051600.bin.rar,JIKEAP_WIA3600_IPQ50XX_QCA8337_NAND_7.6_2024051600.bin.rar,13560878,dd5b0fa59e81e4a1bf9111510d9e3d1d,2024,20240516,集客无线AP_QCA_ARM
2024/20240516/集客无线AP_QCA_ARM/JIKEAP_WP963_IPQ50XX_AR8033_NOR16_EPORT_7.6_2024051600.bin.rar,JIKEAP_WP963_IPQ50XX_AR8033_NOR16_EPORT_7.6_2024051600.bin.rar,12869723,e680877606d0d85f4ade51bd59c699af,2024,20240516,集客无线AP_QCA_ARM
2024/20240516/集客无线AP_QCA_ARM/JIKEAP_WP973_IPQ50XX_NAND_7.6_2024051600.bin.rar,JIKEAP_WP973_IPQ50XX_NAND_7.6_2024051600.bin.rar,14061945,d3435aa6adc1fa99d86fb77c4606bd39,2024,20240516,集客无线AP_QCA_ARM
2024/20240516/集客无线AP_QCA_ARM/JIKEAP_WP973_V0_IPQ50XX_NOR_NAND_7.6_2024051600.bin.rar,JIKEAP_WP973_V0_IPQ50XX_NOR_NAND_7.6_2024051600.bin.rar,14062658,2922767072f9547169fe42ed4459fca2,2024,20240516,集客无线AP_QCA_ARM
2024/20240516/集客无线AP_QCA_ARM/release_notes.txt,release_notes.txt,5872,08cf46955c1acc70c1935dfe6efcc48b,2024,20240516,集客无线AP_QCA_ARM
2024/20240516/集客无线AP_QCA_ARM/ubi-JIKEAP_AC58U.img,ubi-JIKEAP_AC58U.img,12845056,5b51e64f3f88801a363dbd58bbb9f4ee,2024,20240516,集客无线AP_QCA_ARM
2024/20240516/集客无线AP_QCA_ARM/ubi-JIKEAP_ACRH17.img,ubi-JIKEAP_ACRH17.img,14680064,7718b7fbfa0c5bfde730242bd97330c0,2024,20240516,集客无线AP_QCA_ARM
2024/20240516/集客无线AP_QCA_ARM/ubi-JIKEAP_AX5RM.img,ubi-JIKEAP_AX5RM.img,13893632,4aeea886b15b335da8255a14bdd96332,2024,20240516,集客无线AP_QCA_ARM
2024/20240516/集客无线AP_QCA_ARM/ubi-JIKEAP_CM520.img,ubi-JIKEAP_CM520.img,14680064,7e3f5f82d3f05899fde4dd45753d615a,2024,20240516,集客无线AP_QCA_ARM
2024/20240516/集客无线AP_QCA_ARM/ubi-JIKEAP_N3000.img,ubi-JIKEAP_N3000.img,14811136,80906779dfc246e1b3780b3ffc46f99a,2024,20240516,集客无线AP_QCA_ARM
2024/20240516/集客无线AP_QCA_MIPS/JIKEAP_AP0141_QCA934X_1000M_7.6_2024051600.bin.rar,JIKEAP_AP0141_QCA934X_1000M_7.6_2024051600.bin.rar,6680043,7a693be33c6cdcc41a4244e4bf6e0472,2024,20240516,集客无线AP_QCA_MIPS
2024/20240516/集客无线AP_QCA_MIPS/JIKEAP_AP110T_QCA933X_100M_EPORT_FREE_7.6_2024051600.bin.rar,JIKEAP_AP110T_QCA933X_100M_EPORT_FREE_7.6_2024051600.bin.rar,6679589,1d7ea610e2e19d9e99b5cab515f943ab,2024,20240516,集客无线AP_QCA_MIPS
2024/20240516/集客无线AP_QCA_MIPS/JIKEAP_AP112F_QCA953X_100M_16M_EPORT_7.6_2024051600.bin.rar,JIKEAP_AP112F_QCA953X_100M_16M_EPORT_7.6_2024051600.bin.rar,6681598,738cc17e7e755cc56e0155bc4ab7e84f,2024,20240516,集客无线AP_QCA_MIPS
2024/20240516/集客无线AP_QCA_MIPS/JIKEAP_AP112Fv2_AP112FV2_QCA953X_100M_8M_EPORT_7.6_2024051600.bin.rar,JIKEAP_AP112Fv2_AP112FV2_QCA953X_100M_8M_EPORT_7.6_2024051600.bin.rar,6680278,018cdd28d46a1025ca1ddf31bc75ed00,2024,20240516,集客无线AP_QCA_MIPS
2024/20240516/集客无线AP_QCA_MIPS/JIKEAP_AP112J_QCA953X_100M_EPORT_7.6_2024051600.bin.rar,JIKEAP_AP112J_QCA953X_100M_EPORT_7.6_2024051600.bin.rar,6681438,424e24f9ae8b31522406fd4faecd8222,2024,20240516,集客无线AP_QCA_MIPS
2024/20240516/集客无线AP_QCA_MIPS/JIKEAP_AP112Q_QCA934X_100M_EPORT_7.6_2024051600.bin.rar,JIKEAP_AP112Q_QCA934X_100M_EPORT_7.6_2024051600.bin.rar,6680529,08c7cae0a7c386d93e440968eb649958,2024,20240516,集客无线AP_QCA_MIPS
2024/20240516/集客无线AP_QCA_MIPS/JIKEAP_AP112T_QCA953X_100M_EPORT_7.6_2024051600.bin.rar,JIKEAP_AP112T_QCA953X_100M_EPORT_7.6_2024051600.bin.rar,6680168,55145ec312689c70f90440961ee15e07,2024,20240516,集客无线AP_QCA_MIPS
2024/20240516/集客无线AP_QCA_MIPS/JIKEAP_AP112Y_QCA953X_100M_EPORT_7.6_2024051600.bin.rar,JIKEAP_AP112Y_QCA953X_100M_EPORT_7.6_2024051600.bin.rar,6681459,d858ce867741eceb60b29ec79859f4f9,2024,20240516,集客无线AP_QCA_MIPS
2024/20240516/集客无线AP_QCA_MIPS/JIKEAP_AP116F_QCA953X_100M_QCA9887_EPORT_7.6_2024051600.bin.rar,JIKEAP_AP116F_QCA953X_100M_QCA9887_EPORT_7.6_2024051600.bin.rar,7040967,9605969e29993ebac00b8e5878dde27e,2024,20240516,集客无线AP_QCA_MIPS
2024/20240516/集客无线AP_QCA_MIPS/JIKEAP_AP116Q_QCA953X_100M_QCA9887_EPORT_7.6_2024051600.bin.rar,JIKEAP_AP116Q_QCA953X_100M_QCA9887_EPORT_7.6_2024051600.bin.rar,7040989,1771c3126bbff37b40f34933da6108b8,2024,20240516,集客无线AP_QCA_MIPS
2024/20240516/集客无线AP_QCA_MIPS/JIKEAP_AP117Q_QCA956X_1000M_QCA9882_7.6_2024051600.bin.rar,JIKEAP_AP117Q_QCA956X_1000M_QCA9882_7.6_2024051600.bin.rar,7840779,5a1a185042302411aa5a74c2e01f7f1a,2024,20240516,集客无线AP_QCA_MIPS
2024/20240516/集客无线AP_QCA_MIPS/JIKEAP_AP120_QCA934X_1000M_FREE_7.6_2024051600.bin.rar,JIKEAP_AP120_QCA934X_1000M_FREE_7.6_2024051600.bin.rar,7057491,c19da94f8183553d71e8f341bb4f8f29,2024,20240516,集客无线AP_QCA_MIPS
2024/20240516/集客无线AP_QCA_MIPS/JIKEAP_AP126F_QCA953X_100M_8M_7.6_2024051600.bin.rar,JIKEAP_AP126F_QCA953X_100M_8M_7.6_2024051600.bin.rar,6679906,8820b921f35688b0874331a7bf0b6526,2024,20240516,集客无线AP_QCA_MIPS
2024/20240516/集客无线AP_QCA_MIPS/JIKEAP_AP130F-H_QCA953X_100M_7.6_2024051600.bin.rar,JIKEAP_AP130F-H_QCA953X_100M_7.6_2024051600.bin.rar,6683162,bd7a6b0fe09bfba461c48973acb8ca19,2024,20240516,集客无线AP_QCA_MIPS
2024/20240516/集客无线AP_QCA_MIPS/JIKEAP_AP130T_QCA934X_100M_AR9341_7.6_2024051600.bin.rar,JIKEAP_AP130T_QCA934X_100M_AR9341_7.6_2024051600.bin.rar,6679870,1906cc4772ca762161a3ef4d5451f8e4,2024,20240516,集客无线AP_QCA_MIPS
2024/20240516/集客无线AP_QCA_MIPS/JIKEAP_AP135T-H_QCA953X_100M_AR9341_7.6_2024051600.bin.rar,JIKEAP_AP135T-H_QCA953X_100M_AR9341_7.6_2024051600.bin.rar,6679953,1bb06dcf88330fbf1933b6701440155d,2024,20240516,集客无线AP_QCA_MIPS
2024/20240516/集客无线AP_QCA_MIPS/JIKEAP_AP136Y-H_QCA953X_100M_7.6_2024051600.bin.rar,JIKEAP_AP136Y-H_QCA953X_100M_7.6_2024051600.bin.rar,6681575,a0900efbfbf426b71177fcfd71c14b04,2024,20240516,集客无线AP_QCA_MIPS
2024/20240516/集客无线AP_QCA_MIPS/JIKEAP_AP147_QCA953X_100M_QCA9887_FREE_7.6_2024051600.bin.rar,JIKEAP_AP147_QCA953X_100M_QCA9887_FREE_7.6_2024051600.bin.rar,7818394,1b6d2dc9fd9ed6c6b0e90f5cb23633d2,2024,20240516,集客无线AP_QCA_MIPS
2024/20240516/集客无线AP_QCA_MIPS/JIKEAP_AP153Y-H_QCA953X_7.6_2024051600.bin.rar,JIKEAP_AP153Y-H_QCA953X_7.6_2024051600.bin.rar,6681439,23be6ab26a56a10bd80b82b41af832e9,2024,20240516,集客无线AP_QCA_MIPS
2024/20240516/集客无线AP_QCA_MIPS/JIKEAP_AP185W_QCA934X_7.6_2024051600.bin.rar,JIKEAP_AP185W_QCA934X_7.6_2024051600.bin.rar,6680233,bd1b2e2f3449726dda4d5da1211c82d2,2024,20240516,集客无线AP_QCA_MIPS
2024/20240516/集客无线AP_QCA_MIPS/JIKEAP_AP220G_AP220G_QCA956X_1000M_QCA9886_7.6_2024051600.bin.rar,JIKEAP_AP220G_AP220G_QCA956X_1000M_QCA9886_7.6_2024051600.bin.rar,7929514,b0500bee57712b0f7829981b1eafeea9,2024,20240516,集客无线AP_QCA_MIPS
2024/20240516/集客无线AP_QCA_MIPS/JIKEAP_AP222G_QCA956X_7.6_2024051600.bin.rar,JIKEAP_AP222G_QCA956X_7.6_2024051600.bin.rar,7929941,35590715cda91799a2afd7e7ec1beb23,2024,20240516,集客无线AP_QCA_MIPS
2024/20240516/集客无线AP_QCA_MIPS/JIKEAP_AP223G_AP223G_QCA956X_1000M_QCA9886_7.6_2024051600.bin.rar,JIKEAP_AP223G_AP223G_QCA956X_1000M_QCA9886_7.6_2024051600.bin.rar,7906702,b4a141f0b3fc26af75d36643e2bfa238,2024,20240516,集客无线AP_QCA_MIPS
2024/20240516/集客无线AP_QCA_MIPS/JIKEAP_AP260F-H_QCA953X_100M_QCA9887_7.6_2024051600.bin.rar,JIKEAP_AP260F-H_QCA953X_100M_QCA9887_7.6_2024051600.bin.rar,7042449,1529e0444d94c235db2c537d9e526f43,2024,20240516,集客无线AP_QCA_MIPS
2024/20240516/集客无线AP_QCA_MIPS/JIKEAP_AP49_QCA953X_7.6_2024051600.bin.rar,JIKEAP_AP49_QCA953X_7.6_2024051600.bin.rar,7085122,31e51b9189d590fffe5d89d6e8b2f8cb,2024,20240516,集客无线AP_QCA_MIPS
2024/20240530/集客无线AP_MTK_ARM/JIKEAP_AP250MD_MT7981_K5_NAND_UBI_AUTO_FREE_8.0_2024052800.bin.rar,JIKEAP_AP250MD_MT7981_K5_NAND_UBI_AUTO_FREE_8.0_2024052800.bin.rar,9359178,042d999c6c999441451d7a01e0a88031,2024,20240530,集客无线AP_MTK_ARM
2024/20240530/集客无线AP_MTK_ARM/JIKEAP_AP250_MT7981_K5_WIFI6_3000M_FREE_8.0_2024052800.bin.rar,JIKEAP_AP250_MT7981_K5_WIFI6_3000M_FREE_8.0_2024052800.bin.rar,9230696,6fbced1ac4f785b796cf27701af700fc,2024,20240530,集客无线AP_MTK_ARM
2024/20240530/集客无线AP_MTK_ARM/JIKEAP_AX2030FM_MT7981_K5_8.0_2024052800.bin.rar,JIKEAP_AX2030FM_MT7981_K5_8.0_2024052800.bin.rar,9211978,077a3de7480a6cf25a801783310020a5,2024,20240530,集客无线AP_MTK_ARM
2024/20240530/集客无线AP_MTK_ARM/JIKEAP_AX3000AMX_MT7981_K5_WIFI6_3000M_2_5G_8.0_2024052800.bin.rar,JIKEAP_AX3000AMX_MT7981_K5_WIFI6_3000M_2_5G_8.0_2024052800.bin.rar,9210964,a84bc323d5ce175a2bc2c73f80af5821,2024,20240530,集客无线AP_MTK_ARM
2024/20240530/集客无线AP_MTK_ARM/JIKEAP_AX3000AM_MT7981_K5_WIFI6_3000M_8.0_2024052800.bin.rar,JIKEAP_AX3000AM_MT7981_K5_WIFI6_3000M_8.0_2024052800.bin.rar,9226823,5b4c613250d5a348d462283514692b04,2024,20240530,集客无线AP_MTK_ARM
2024/20240530/集客无线AP_MTK_ARM/JIKEAP_AX3000FM_MT7981_K5_8.0_2024052800.bin.rar,JIKEAP_AX3000FM_MT7981_K5_8.0_2024052800.bin.rar,9211749,d8d54388d1e29e42041728a5fa1f9fe4,2024,20240530,集客无线AP_MTK_ARM
2024/20240530/集客无线AP_MTK_ARM/JIKEAP_AX3000PM_MT7981_K5_WIFI6_3000M_PON_8.0_2024052800.bin.rar,JIKEAP_AX3000PM_MT7981_K5_WIFI6_3000M_PON_8.0_2024052800.bin.rar,9226436,f9a4d2884f3f4316c7f81ba3509ce007,2024,20240530,集客无线AP_MTK_ARM
2024/20240530/集客无线AP_MTK_ARM/JIKEAP_AX3025FM_MT7981_K5_8.0_2024052800.bin.rar,JIKEAP_AX3025FM_MT7981_K5_8.0_2024052800.bin.rar,9211474,33878b7c0af32880f398cbacba39cf07,2024,20240530,集客无线AP_MTK_ARM
2024/20240530/集客无线AP_MTK_ARM/JIKEAP_FAPM3001_MT7981_K5_8.0_2024052800.bin.rar,JIKEAP_FAPM3001_MT7981_K5_8.0_2024052800.bin.rar,9211304,e59bf25daaf9e7f69f3de7ab41b4090c,2024,20240530,集客无线AP_MTK_ARM
2024/20240530/集客无线AP_MTK_ARM/release_notes.txt,release_notes.txt,6572,9d835f5d5c018c0069639324a9239492,2024,20240530,集客无线AP_MTK_ARM
2024/20240530/集客无线AP_MTK_MIPS/JIKEAP_AP107IOT_MT7620_K4_EPORT_8.0_2024052800.bin.rar,JIKEAP_AP107IOT_MT7620_K4_EPORT_8.0_2024052800.bin.rar,6051572,edce3de7072d4241fcafe61006a3db37,2024,20240530,集客无线AP_MTK_MIPS
2024/20240530/集客无线AP_MTK_MIPS/JIKEAP_AP110F_MT7628_K4_EPORT_8.0_2024052800.bin.rar,JIKEAP_AP110F_MT7628_K4_EPORT_8.0_2024052800.bin.rar,5171621,ce3a17487184a1f49ca9a94aa8831b91,2024,20240530,集客无线AP_MTK_MIPS
2024/20240530/集客无线AP_MTK_MIPS/JIKEAP_AP118A_MT7628_K4_EPORT_8.0_2024052800.bin.rar,JIKEAP_AP118A_MT7628_K4_EPORT_8.0_2024052800.bin.rar,6765056,ca19b8cdd5ac908937673fb3fa589423,2024,20240530,集客无线AP_MTK_MIPS
2024/20240530/集客无线AP_MTK_MIPS/JIKEAP_AP118F_AP118F0_MT7628_K4_EPORT_8.0_2024052800.bin.rar,JIKEAP_AP118F_AP118F0_MT7628_K4_EPORT_8.0_2024052800.bin.rar,6762073,0448ac1ce134b9fa202a89dd3f2af53d,2024,20240530,集客无线AP_MTK_MIPS
2024/20240530/集客无线AP_MTK_MIPS/JIKEAP_AP118F_MT7628_K4_EPORT_8.0_2024052800.bin.rar,JIKEAP_AP118F_MT7628_K4_EPORT_8.0_2024052800.bin.rar,6765277,0eacf58473bc8f36d7754c2321d6129c,2024,20240530,集客无线AP_MTK_MIPS
2024/20240530/集客无线AP_MTK_MIPS/JIKEAP_AP118Y_MT7628_K4_EPORT_8.0_2024052800.bin.rar,JIKEAP_AP118Y_MT7628_K4_EPORT_8.0_2024052800.bin.rar,6765399,d9638cd4193180cd95a404a11fe0a72c,2024,20240530,集客无线AP_MTK_MIPS
2024/20240530/集客无线AP_MTK_MIPS/JIKEAP_AP210G_MT7620_K4_EPORT_8.0_2024052800.bin.rar,JIKEAP_AP210G_MT7620_K4_EPORT_8.0_2024052800.bin.rar,6823591,1a1f95151eb2c5584b301e767374bbdf,2024,20240530,集客无线AP_MTK_MIPS
2024/20240530/集客无线AP_MTK_MIPS/JIKEAP_AP212-L_AP212L_MT7621_K4_EPORT_8.0_2024052800.bin.rar,JIKEAP_AP212-L_AP212L_MT7621_K4_EPORT_8.0_2024052800.bin.rar,6313339,df9c512224b42fed3e1264e6c95ec9a8,2024,20240530,集客无线AP_MTK_MIPS
2024/20240530/集客无线AP_MTK_MIPS/JIKEAP_AP212G_AP212G0_MT7621_K4_EPORT_8.0_2024052800.bin.rar,JIKEAP_AP212G_AP212G0_MT7621_K4_EPORT_8.0_2024052800.bin.rar,6313073,c59d75ca0db893e6f9995d5bb0196106,2024,20240530,集客无线AP_MTK_MIPS
2024/20240530/集客无线AP_MTK_MIPS/JIKEAP_AP212G_MT7621_K4_EPORT_8.0_2024052800.bin.rar,JIKEAP_AP212G_MT7621_K4_EPORT_8.0_2024052800.bin.rar,6316789,f82b78bb9ca1f9bb44cc81920dffce95,2024,20240530,集客无线AP_MTK_MIPS
2024/20240530/集客无线AP_MTK_MIPS/JIKEAP_AP213G_MT7620_K4_EPORT_8.0_2024052800.bin.rar,JIKEAP_AP213G_MT7620_K4_EPORT_8.0_2024052800.bin.rar,6471890,83ecb6b6891ce460607de03bca2592b6,2024,20240530,集客无线AP_MTK_MIPS
2024/20240530/集客无线AP_MTK_MIPS/JIKEAP_AP216G_MT7621_K4_EPORT_8.0_2024052800.bin.rar,JIKEAP_AP216G_MT7621_K4_EPORT_8.0_2024052800.bin.rar,7292851,a50c4ac23bd12f49dc8d57dde7e9401b,2024,20240530,集客无线AP_MTK_MIPS
2024/20240530/集客无线AP_MTK_MIPS/JIKEAP_AP230EP_MT7620_K4_EPORT_FREE_8.0_2024052800.bin.rar,JIKEAP_AP230EP_MT7620_K4_EPORT_FREE_8.0_2024052800.bin.rar,7113837,a28a88bd5c98ec0845de01d5ceb45406,2024,20240530,集客无线AP_MTK_MIPS
2024/20240530/集客无线AP_MTK_MIPS/JIKEAP_AP230G_MT7620_K4_RTL_EPORT_FREE_8.0_2024052800.bin.rar,JIKEAP_AP230G_MT7620_K4_RTL_EPORT_FREE_8.0_2024052800.bin.rar,7113368,698904996ced3a867d6929e71f356572,2024,20240530,集客无线AP_MTK_MIPS
2024/20240530/集客无线AP_MTK_MIPS/JIKEAP_AP230IP_MT7620_K4_EPORT_FREE_8.0_2024052800.bin.rar,JIKEAP_AP230IP_MT7620_K4_EPORT_FREE_8.0_2024052800.bin.rar,7113240,6f1f6f46456e530f804add79ca26cb60,2024,20240530,集客无线AP_MTK_MIPS
2024/20240530/集客无线AP_MTK_MIPS/JIKEAP_AP238AN_MT7628_K4_LEEEL_EPORT_FREE_8.0_2024052800.bin.rar,JIKEAP_AP238AN_MT7628_K4_LEEEL_EPORT_FREE_8.0_2024052800.bin.rar,7380294,f50e54a94aaa25d5cf449e90e5242e55,2024,20240530,集客无线AP_MTK_MIPS
2024/20240530/集客无线AP_MTK_MIPS/JIKEAP_AP238IOT_MT7628_K4_LEEEL_EPORT_FREE_8.0_2024052800.bin.rar,JIKEAP_AP238IOT_MT7628_K4_LEEEL_EPORT_FREE_8.0_2024052800.bin.rar,8203739,198212ad3124221d4479ee235fb01981,2024,20240530,集客无线AP_MTK_MIPS
2024/20240530/集客无线AP_MTK_MIPS/JIKEAP_AP238MQ_MT7628_K4_LEEEL_EPORT_8.0_2024052800.bin.rar,JIKEAP_AP238MQ_MT7628_K4_LEEEL_EPORT_8.0_2024052800.bin.rar,7469952,9976fa6f176633e2b6ed9325df3e045f,2024,20240530,集客无线AP_MTK_MIPS
2024/20240530/集客无线AP_MTK_MIPS/JIKEAP_AP240P_MT7621_K4_SWITCH_LEEEE_EPORT_FREE_8.0_2024052800.bin.rar,JIKEAP_AP240P_MT7621_K4_SWITCH_LEEEE_EPORT_FREE_8.0_2024052800.bin.rar,5273124,e500a0d5cc45809e53ee645c80a693d6,2024,20240530,集客无线AP_MTK_MIPS
2024/20240530/集客无线AP_MTK_MIPS/JIKEAP_AP240SFP_MT7621_K4_SWITCH_LEEEE_FREE_8.0_2024052800.bin.rar,JIKEAP_AP240SFP_MT7621_K4_SWITCH_LEEEE_FREE_8.0_2024052800.bin.rar,5278478,bf9d2e0ccc5502dc3f5b2b6802a82a58,2024,20240530,集客无线AP_MTK_MIPS
2024/20240530/集客无线AP_MTK_MIPS/JIKEAP_AP242P_MT7621_K4_LLLLL_64M_FREE_8.0_2024052800.bin.rar,JIKEAP_AP242P_MT7621_K4_LLLLL_64M_FREE_8.0_2024052800.bin.rar,7637493,849cbb37b64bf927604d4b2145bd2113,2024,20240530,集客无线AP_MTK_MIPS
2024/20240530/集客无线AP_MTK_MIPS/JIKEAP_AP246HI_MT7621_K4_1000_FREE_8.0_2024052800.bin.rar,JIKEAP_AP246HI_MT7621_K4_1000_FREE_8.0_2024052800.bin.rar,7864808,fd8f3646df0f7c944d23950cb4793349,2024,20240530,集客无线AP_MTK_MIPS
2024/20240530/集客无线AP_MTK_MIPS/JIKEAP_AP246P_MT7621_K4_MT7603_MT7615N_FREE_8.0_2024052800.bin.rar,JIKEAP_AP246P_MT7621_K4_MT7603_MT7615N_FREE_8.0_2024052800.bin.rar,8678447,d2c615eccae61b934df9d998db71b33f,2024,20240530,集客无线AP_MTK_MIPS
2024/20240530/集客无线AP_MTK_MIPS/JIKEAP_AP24_MT7621_K4_LEEEL_EPORT_FREE_8.0_2024052800.bin.rar,JIKEAP_AP24_MT7621_K4_LEEEL_EPORT_FREE_8.0_2024052800.bin.rar,7646242,c53a2a51538313811a349bb62e4aae80,2024,20240530,集客无线AP_MTK_MIPS
2024/20240530/集客无线AP_MTK_MIPS/JIKEAP_AP261F-H_AP261F-H0_MT7621_K4_8.0_2024052800.bin.rar,JIKEAP_AP261F-H_AP261F-H0_MT7621_K4_8.0_2024052800.bin.rar,6314131,2409c8179d04ef725edaaf9aef0ef6e0,2024,20240530,集客无线AP_MTK_MIPS
2024/20240530/集客无线AP_MTK_MIPS/JIKEAP_AP261F-H_MT7621_K4_8.0_2024052800.bin.rar,JIKEAP_AP261F-H_MT7621_K4_8.0_2024052800.bin.rar,6317790,89c91995708f410405d83ce8b6d6fc03,2024,20240530,集客无线AP_MTK_MIPS
2024/20240530/集客无线AP_MTK_MIPS/JIKEAP_AP601_MT7620_K4_LEEEE_EPORT_FREE_8.0_2024052800.bin.rar,JIKEAP_AP601_MT7620_K4_LEEEE_EPORT_FREE_8.0_2024052800.bin.rar,5230030,3d01b06585e9692e34491ec64af3de32,2024,20240530,集客无线AP_MTK_MIPS
2024/20240530/集客无线AP_MTK_MIPS/JIKEAP_AX1800B_MT7621_K4_EPORT_8.0_2024052800.bin.rar,JIKEAP_AX1800B_MT7621_K4_EPORT_8.0_2024052800.bin.rar,6618120,17ee8e9b211c859cf526422a3e898d8d,2024,20240530,集客无线AP_MTK_MIPS
2024/20240530/集客无线AP_MTK_MIPS/JIKEAP_AX1800FM_AX1800FM0_MT7621_K4_8.0_2024052800.bin.rar,JIKEAP_AX1800FM_AX1800FM0_MT7621_K4_8.0_2024052800.bin.rar,6614694,e9507f531238c42e1d91b0d53168418f,2024,20240530,集客无线AP_MTK_MIPS
2024/20240530/集客无线AP_MTK_MIPS/JIKEAP_AX1800FM_MT7621_K4_8.0_2024052800.bin.rar,JIKEAP_AX1800FM_MT7621_K4_8.0_2024052800.bin.rar,6620562,c42e545a353c9b16a1e9f3127af23d47,2024,20240530,集客无线AP_MTK_MIPS
2024/20240530/集客无线AP_MTK_MIPS/JIKEAP_AX1800H_MT7621_K4_MT7915DN_WIFI6_NAND_FREE_8.0_2024052800.bin.rar,JIKEAP_AX1800H_MT7621_K4_MT7915DN_WIFI6_NAND_FREE_8.0_2024052800.bin.rar,6837417,4650dbf14bb3e809ebae01a25f3e2ede,2024,20240530,集客无线AP_MTK_MIPS
2024/20240530/集客无线AP_MTK_MIPS/JIKEAP_AX1800IoT_AX1800IOT_MT7621_K4_8.0_2024052800.bin.rar,JIKEAP_AX1800IoT_AX1800IOT_MT7621_K4_8.0_2024052800.bin.rar,7444159,6911aefe98295e7a65e48f9567a825bc,2024,20240530,集客无线AP_MTK_MIPS
2024/20240530/集客无线AP_MTK_MIPS/JIKEAP_AX1800S_MT7621_K4_MT7915DN_WIFI6_8.0_2024052800.bin.rar,JIKEAP_AX1800S_MT7621_K4_MT7915DN_WIFI6_8.0_2024052800.bin.rar,6618268,94f60f733a6c5c5394024cc567486a7d,2024,20240530,集客无线AP_MTK_MIPS
2024/20240530/集客无线AP_MTK_MIPS/JIKEAP_AX2018-GPON_AX2018GP_MT7621_K4_EPORT_8.0_2024052800.bin.rar,JIKEAP_AX2018-GPON_AX2018GP_MT7621_K4_EPORT_8.0_2024052800.bin.rar,6618681,3ab52c8d7ac28091c66ca8b2065666b6,2024,20240530,集客无线AP_MTK_MIPS
2024/20240530/集客无线AP_MTK_MIPS/JIKEAP_AX2020_MT7621_K4_EPORT_8.0_2024052800.bin.rar,JIKEAP_AX2020_MT7621_K4_EPORT_8.0_2024052800.bin.rar,6618219,cf5f15f60c2e69db63473cc308722557,2024,20240530,集客无线AP_MTK_MIPS
2024/20240530/集客无线AP_MTK_MIPS/JIKEAP_AX2021_0AX2021_MT7621_K4_EPORT_8.0_2024052800.bin.rar,JIKEAP_AX2021_0AX2021_MT7621_K4_EPORT_8.0_2024052800.bin.rar,6615285,179e5872f847724dd75f31649a777242,2024,20240530,集客无线AP_MTK_MIPS
2024/20240530/集客无线AP_MTK_MIPS/JIKEAP_AX2021_MT7621_K4_EPORT_8.0_2024052800.bin.rar,JIKEAP_AX2021_MT7621_K4_EPORT_8.0_2024052800.bin.rar,6620512,b3c2b4ccc67defcffc91810f03ad1dba,2024,20240530,集客无线AP_MTK_MIPS
2024/20240530/集客无线AP_MTK_MIPS/JIKEAP_AX2022MQ_MT7621_K4_EPORT_8.0_2024052800.bin.rar,JIKEAP_AX2022MQ_MT7621_K4_EPORT_8.0_2024052800.bin.rar,6707875,28b528967e2a8489f072911b9523a131,2024,20240530,集客无线AP_MTK_MIPS
2024/20240530/集客无线AP_MTK_MIPS/JIKEAP_AX2022_MT7621_K4_EPORT_8.0_2024052800.bin.rar,JIKEAP_AX2022_MT7621_K4_EPORT_8.0_2024052800.bin.rar,7443513,2bad5d45ee544a9e0da36b76126627ff,2024,20240530,集客无线AP_MTK_MIPS
2024/20240530/集客无线AP_MTK_MIPS/JIKEAP_PAK590055_MT7621_K4_EPORT_8.0_2024052800.bin.rar,JIKEAP_PAK590055_MT7621_K4_EPORT_8.0_2024052800.bin.rar,6313374,d383b08d11fe0cf04cafde52d2f842a5,2024,20240530,集客无线AP_MTK_MIPS
2024/20240530/集客无线AP_MTK_MIPS/JIKEAP_XB1200G_MT7621_K4_EPORT_8.0_2024052800.bin.rar,JIKEAP_XB1200G_MT7621_K4_EPORT_8.0_2024052800.bin.rar,6316602,4f0ddadff0cbca3a15afafe5506afdca,2024,20240530,集客无线AP_MTK_MIPS
2024/20240530/集客无线AP_MTK_MIPS/JIKEAP_XB8800_MT7620_K4_EPORT_8.0_2024052800.bin.rar,JIKEAP_XB8800_MT7620_K4_EPORT_8.0_2024052800.bin.rar,5230233,a3c0919e79e9488be9a3a6af2f85165a,2024,20240530,集客无线AP_MTK_MIPS
2024/20240530/集客无线AP_MTK_MIPS/release_notes.txt,release_notes.txt,6572,9d835f5d5c018c0069639324a9239492,2024,20240530,集客无线AP_MTK_MIPS
2024/20240530/集客无线AP_QCA_ARM/JIKEAP_AC58U_IPQ40XX_1000M_IPQ4018_FREE_8.0_2024052800.bin.rar,JIKEAP_AC58U_IPQ40XX_1000M_IPQ4018_FREE_8.0_2024052800.bin.rar,12062958,155c7d311e2572cf3b2e6e9af228bdae,2024,20240530,集客无线AP_QCA_ARM
2024/20240530/集客无线AP_QCA_ARM/JIKEAP_AC58U_IPQ40XX_8.0_2024052800_opboot.bin.rar,JIKEAP_AC58U_IPQ40XX_8.0_2024052800_opboot.bin.rar,12062708,63844429ee646d93e0e4ad2428a02206,2024,20240530,集客无线AP_QCA_ARM
2024/20240530/集客无线AP_QCA_ARM/JIKEAP_ACRH17_IPQ40XX_1000M_QCA9984_HT160_EPORT_FREE_8.0_2024052800.bin.rar,JIKEAP_ACRH17_IPQ40XX_1000M_QCA9984_HT160_EPORT_FREE_8.0_2024052800.bin.rar,13969485,1e8eaf7a34b9051e0f23125f94e3b160,2024,20240530,集客无线AP_QCA_ARM
2024/20240530/集客无线AP_QCA_ARM/JIKEAP_ACRH17_IPQ40XX_8.0_2024052800_opboot.bin.rar,JIKEAP_ACRH17_IPQ40XX_8.0_2024052800_opboot.bin.rar,13969812,c32fd30c73dd727676285233197e1f8c,2024,20240530,集客无线AP_QCA_ARM
2024/20240530/集客无线AP_QCA_ARM/JIKEAP_AP118L_IPQ40XX_1000M_EPORT_8.0_2024052800.bin.rar,JIKEAP_AP118L_IPQ40XX_1000M_EPORT_8.0_2024052800.bin.rar,13717994,37dd0729e4ec628b21118db94c08a436,2024,20240530,集客无线AP_QCA_ARM
2024/20240530/集客无线AP_QCA_ARM/JIKEAP_AP268F-H_IPQ40XX_8.0_2024052800.bin.rar,JIKEAP_AP268F-H_IPQ40XX_8.0_2024052800.bin.rar,13866910,9805a35d2a3ed49a57f0dafc05adf42f,2024,20240530,集客无线AP_QCA_ARM
2024/20240530/集客无线AP_QCA_ARM/JIKEAP_AP268F-IoT_AP268IOT_IPQ40XX_8.0_2024052800.bin.rar,JIKEAP_AP268F-IoT_AP268IOT_IPQ40XX_8.0_2024052800.bin.rar,13705044,8a3e28daf196507208be9cdd20d66504,2024,20240530,集客无线AP_QCA_ARM
2024/20240530/集客无线AP_QCA_ARM/JIKEAP_AP269X-HG_IPQ40XX_1000M_8.0_2024052800.bin.rar,JIKEAP_AP269X-HG_IPQ40XX_1000M_8.0_2024052800.bin.rar,13718095,9c2fe86677abc679a8d48a49a283d365,2024,20240530,集客无线AP_QCA_ARM
2024/20240530/集客无线AP_QCA_ARM/JIKEAP_AP285F-H_IPQ40XX_1000M_8.0_2024052800.bin.rar,JIKEAP_AP285F-H_IPQ40XX_1000M_8.0_2024052800.bin.rar,13720006,ca52326778e7e6a706e7289669415b99,2024,20240530,集客无线AP_QCA_ARM
2024/20240530/集客无线AP_QCA_ARM/JIKEAP_AP285KY-H_IPQ40XX_8.0_2024052800.bin.rar,JIKEAP_AP285KY-H_IPQ40XX_8.0_2024052800.bin.rar,13614800,fda9609e514dcd0a06117ac3890b5a8a,2024,20240530,集客无线AP_QCA_ARM
2024/20240530/集客无线AP_QCA_ARM/JIKEAP_AP320F-H_IPQ40XX_1000M_3RADIO_8.0_2024052800.bin.rar,JIKEAP_AP320F-H_IPQ40XX_1000M_3RADIO_8.0_2024052800.bin.rar,13685839,da4fb65e0993a9b9f47ea4d6519a7be7,2024,20240530,集客无线AP_QCA_ARM
2024/20240530/集客无线AP_QCA_ARM/JIKEAP_AP320KY-H_IPQ40XX_8.0_2024052800.bin.rar,JIKEAP_AP320KY-H_IPQ40XX_8.0_2024052800.bin.rar,13802066,01b5b56db4edb83eeb79a3a5f6898c9b,2024,20240530,集客无线AP_QCA_ARM
2024/20240530/集客无线AP_QCA_ARM/JIKEAP_AP320KYRUS_IPQ40XX_8.0_2024052800.bin.rar,JIKEAP_AP320KYRUS_IPQ40XX_8.0_2024052800.bin.rar,13801700,47e3a9843347302b5f0d1fe7255e5420,2024,20240530,集客无线AP_QCA_ARM
2024/20240530/集客无线AP_QCA_ARM/JIKEAP_AP320Y-H_IPQ40XX_1000M_3RADIO_8.0_2024052800.bin.rar,JIKEAP_AP320Y-H_IPQ40XX_1000M_3RADIO_8.0_2024052800.bin.rar,13720391,76ff508cc76310d117b901dffdabd45c,2024,20240530,集客无线AP_QCA_ARM
2024/20240530/集客无线AP_QCA_ARM/JIKEAP_AP320YRUS_IPQ40XX_1000M_3RADIO_8.0_2024052800.bin.rar,JIKEAP_AP320YRUS_IPQ40XX_1000M_3RADIO_8.0_2024052800.bin.rar,13719568,44a67e94fb6af125719418e9483d5a55,2024,20240530,集客无线AP_QCA_ARM
2024/20240530/集客无线AP_QCA_ARM/JIKEAP_AP330F-H_IPQ40XX_1000M_3RADIO_HT160_8.0_2024052800.bin.rar,JIKEAP_AP330F-H_IPQ40XX_1000M_3RADIO_HT160_8.0_2024052800.bin.rar,13685533,1b3077d43aaec2e32a83293d93d52bae,2024,20240530,集客无线AP_QCA_ARM
2024/20240530/集客无线AP_QCA_ARM/JIKEAP_AP386X_IPQ40XX_1000M_3RADIO_8.0_2024052800.bin.rar,JIKEAP_AP386X_IPQ40XX_1000M_3RADIO_8.0_2024052800.bin.rar,13719284,4ef9386c4b653f8e9fa9ac9c4a749eb2,2024,20240530,集客无线AP_QCA_ARM
2024/20240530/集客无线AP_QCA_ARM/JIKEAP_AX1800F_IPQ60XX_1000M_WIFI6_8.0_2024052800.bin.rar,JIKEAP_AX1800F_IPQ60XX_1000M_WIFI6_8.0_2024052800.bin.rar,12673889,8b211aab60d8205fb834c968c1ff38e0,2024,20240530,集客无线AP_QCA_ARM
2024/20240530/集客无线AP_QCA_ARM/JIKEAP_AX1800Y_IPQ60XX_8.0_2024052800.bin.rar,JIKEAP_AX1800Y_IPQ60XX_8.0_2024052800.bin.rar,12972303,27d2c67de368db095cd51cd4a6d67949,2024,20240530,集客无线AP_QCA_ARM
2024/20240530/集客无线AP_QCA_ARM/JIKEAP_AX1801-MESH_AX1801MESH_IPQ60XX_8.0_2024052800.bin.rar,JIKEAP_AX1801-MESH_AX1801MESH_IPQ60XX_8.0_2024052800.bin.rar,15298042,a3f8a31b87526d4e4d0618d9a757263f,2024,20240530,集客无线AP_QCA_ARM
2024/20240530/集客无线AP_QCA_ARM/JIKEAP_AX2030A_IPQ50XX_EPORT_8.0_2024052800.bin.rar,JIKEAP_AX2030A_IPQ50XX_EPORT_8.0_2024052800.bin.rar,13681615,b597c21bebe82164f9dc4619ca97b96b,2024,20240530,集客无线AP_QCA_ARM
2024/20240530/集客无线AP_QCA_ARM/JIKEAP_AX2034W_IPQ50XX_EPORT_8.0_2024052800.bin.rar,JIKEAP_AX2034W_IPQ50XX_EPORT_8.0_2024052800.bin.rar,14188418,45a4e84f71ae06eca2b1cd7c3982235a,2024,20240530,集客无线AP_QCA_ARM
2024/20240530/集客无线AP_QCA_ARM/JIKEAP_AX2180_IPQ60XX_1000M_WIFI6_8.0_2024052800.bin.rar,JIKEAP_AX2180_IPQ60XX_1000M_WIFI6_8.0_2024052800.bin.rar,15078254,ad6c15793811391ee2814d4c4195ffe4,2024,20240530,集客无线AP_QCA_ARM
2024/20240530/集客无线AP_QCA_ARM/JIKEAP_AX3000F-SFP_AX3000FX_IPQ50XX_SFP_8.0_2024052800.bin.rar,JIKEAP_AX3000F-SFP_AX3000FX_IPQ50XX_SFP_8.0_2024052800.bin.rar,14180924,a2d1dae955935797b45ab6c091f160be,2024,20240530,集客无线AP_QCA_ARM
2024/20240530/集客无线AP_QCA_ARM/JIKEAP_AX3000FY_IPQ50XX_8.0_2024052800.bin.rar,JIKEAP_AX3000FY_IPQ50XX_8.0_2024052800.bin.rar,14166910,c3f117716226529459355c3e62509668,2024,20240530,集客无线AP_QCA_ARM
2024/20240530/集客无线AP_QCA_ARM/JIKEAP_AX3000F_IPQ50XX_8.0_2024052800.bin.rar,JIKEAP_AX3000F_IPQ50XX_8.0_2024052800.bin.rar,14165841,974a9a6d6d9d2d328f844e671bd95eed,2024,20240530,集客无线AP_QCA_ARM
2024/20240530/集客无线AP_QCA_ARM/JIKEAP_AX3000X_IPQ50XX_8.0_2024052800.bin.rar,JIKEAP_AX3000X_IPQ50XX_8.0_2024052800.bin.rar,13950638,7c9dd1da435ca00f502195d2fce62906,2024,20240530,集客无线AP_QCA_ARM
2024/20240530/集客无线AP_QCA_ARM/JIKEAP_AX3001-MESH_AX3001MESH_IPQ50XX_8.0_2024052800.bin.rar,JIKEAP_AX3001-MESH_AX3001MESH_IPQ50XX_8.0_2024052800.bin.rar,16120098,dcc64465e73947b2c4c67d090cdf3dba,2024,20240530,集客无线AP_QCA_ARM
2024/20240530/集客无线AP_QCA_ARM/JIKEAP_AX3025Y_IPQ807X_2500M_WIFI6_HT160_8.0_2024052800.bin.rar,JIKEAP_AX3025Y_IPQ807X_2500M_WIFI6_HT160_8.0_2024052800.bin.rar,15864192,7ea38afa6937e4b1626838dc9d1d1ef5,2024,20240530,集客无线AP_QCA_ARM
2024/20240530/集客无线AP_QCA_ARM/JIKEAP_AX3050KY_IPQ807X_5000M_WIFI6_HT160_8.0_2024052800.bin.rar,JIKEAP_AX3050KY_IPQ807X_5000M_WIFI6_HT160_8.0_2024052800.bin.rar,13548157,c481985f953b2edc35f03a7892734dcb,2024,20240530,集客无线AP_QCA_ARM
2024/20240530/集客无线AP_QCA_ARM/JIKEAP_AX5400KY_IPQ50XX_8.0_2024052800.bin.rar,JIKEAP_AX5400KY_IPQ50XX_8.0_2024052800.bin.rar,14407711,008807c08dd79f89157fa13eac231f95,2024,20240530,集客无线AP_QCA_ARM
2024/20240530/集客无线AP_QCA_ARM/JIKEAP_AX5425Y-3-RU_AX5425Y3RU_IPQ50XX_8.0_2024052800.bin.rar,JIKEAP_AX5425Y-3-RU_AX5425Y3RU_IPQ50XX_8.0_2024052800.bin.rar,14194072,aadbde569f322aa019f7ee532519a313,2024,20240530,集客无线AP_QCA_ARM
2024/20240530/集客无线AP_QCA_ARM/JIKEAP_AX5RM_IPQ60XX_1000M_WIFI6_FREE_8.0_2024052800.bin.rar,JIKEAP_AX5RM_IPQ60XX_1000M_WIFI6_FREE_8.0_2024052800.bin.rar,12844037,29ad8c7c6b64bfb805d8568e3c979ade,2024,20240530,集客无线AP_QCA_ARM
2024/20240530/集客无线AP_QCA_ARM/JIKEAP_AX8180X_IPQ60XX_8.0_2024052800.bin.rar,JIKEAP_AX8180X_IPQ60XX_8.0_2024052800.bin.rar,12987228,b39db438ed53c35155cc6827af504a26,2024,20240530,集客无线AP_QCA_ARM
2024/20240530/集客无线AP_QCA_ARM/JIKEAP_AX8180Y_IPQ60XX_8.0_2024052800.bin.rar,JIKEAP_AX8180Y_IPQ60XX_8.0_2024052800.bin.rar,13123210,5c3d8f4b72b15ba7107efe98a9d4308d,2024,20240530,集客无线AP_QCA_ARM
2024/20240530/集客无线AP_QCA_ARM/JIKEAP_AX8300A-SFP_AX8300ASFP_IPQ50XX_8.0_2024052800.bin.rar,JIKEAP_AX8300A-SFP_AX8300ASFP_IPQ50XX_8.0_2024052800.bin.rar,14175229,42e9571e42812239eeee8ba60c44f0ac,2024,20240530,集客无线AP_QCA_ARM
2024/20240530/集客无线AP_QCA_ARM/JIKEAP_AX8300A-SFP_IPQ50XX_8.0_2024052800.bin.rar,JIKEAP_AX8300A-SFP_IPQ50XX_8.0_2024052800.bin.rar,14169224,aa74643f27e2db170f8829212cdea6a8,2024,20240530,集客无线AP_QCA_ARM
2024/20240530/集客无线AP_QCA_ARM/JIKEAP_AX8301L_IPQ50XX_8.0_2024052800.bin.rar,JIKEAP_AX8301L_IPQ50XX_8.0_2024052800.bin.rar,14167644,758b0f285cdce19706f36031b929da8a,2024,20240530,集客无线AP_QCA_ARM
2024/20240530/集客无线AP_QCA_ARM/JIKEAP_AX8325Q-SFP_AX8325QF_IPQ50XX_SFP_8.0_2024052800.bin.rar,JIKEAP_AX8325Q-SFP_AX8325QF_IPQ50XX_SFP_8.0_2024052800.bin.rar,16145353,8bfab8da08eada5da2239392c46c27f6,2024,20240530,集客无线AP_QCA_ARM
2024/20240530/集客无线AP_QCA_ARM/JIKEAP_AX8540Q-3_AX8540Q_IPQ50XX_SFP_8.0_2024052800.bin.rar,JIKEAP_AX8540Q-3_AX8540Q_IPQ50XX_SFP_8.0_2024052800.bin.rar,14201107,2317a0578b567f9d5e1758984ca48d56,2024,20240530,集客无线AP_QCA_ARM
2024/20240530/集客无线AP_QCA_ARM/JIKEAP_B3000_IPQ50XX_AR8033_NOR32_EPORT_FREE_8.0_2024052800.bin.rar,JIKEAP_B3000_IPQ50XX_AR8033_NOR32_EPORT_FREE_8.0_2024052800.bin.rar,13326154,cd628ed28fc0d91d28252aabcbc050d6,2024,20240530,集客无线AP_QCA_ARM
2024/20240530/集客无线AP_QCA_ARM/JIKEAP_CM520_IPQ40XX_1000M_NAND_EPORT_FREE_8.0_2024052800.bin.rar,JIKEAP_CM520_IPQ40XX_1000M_NAND_EPORT_FREE_8.0_2024052800.bin.rar,13990768,0ae076b089a6930a28000ebfce0e9cb8,2024,20240530,集客无线AP_QCA_ARM
2024/20240530/集客无线AP_QCA_ARM/JIKEAP_CM520_IPQ40XX_8.0_2024052800_opboot.bin.rar,JIKEAP_CM520_IPQ40XX_8.0_2024052800_opboot.bin.rar,13986360,efff049d7ee3d8d3d73d014d78633a00,2024,20240530,集客无线AP_QCA_ARM
2024/20240530/集客无线AP_QCA_ARM/JIKEAP_EA1303_IPQ50XX_8.0_2024052800.bin.rar,JIKEAP_EA1303_IPQ50XX_8.0_2024052800.bin.rar,14399248,bbf7fde341a229bb867388e84ea5ce87,2024,20240530,集客无线AP_QCA_ARM
2024/20240530/集客无线AP_QCA_ARM/JIKEAP_HM1800_IPQ60XX_1000M_WIFI6_8.0_2024052800.bin.rar,JIKEAP_HM1800_IPQ60XX_1000M_WIFI6_8.0_2024052800.bin.rar,13035169,7a043b3c515097543a5059eafe4daf9c,2024,20240530,集客无线AP_QCA_ARM
2024/20240530/集客无线AP_QCA_ARM/JIKEAP_N3000_IPQ50XX_NAND_FREE_8.0_2024052800.bin.rar,JIKEAP_N3000_IPQ50XX_NAND_FREE_8.0_2024052800.bin.rar,13591424,4fa6431c267cb8833b1d8222338bd5b7,2024,20240530,集客无线AP_QCA_ARM
2024/20240530/集客无线AP_QCA_ARM/JIKEAP_WIA3600_IPQ50XX_QCA8337_NAND_8.0_2024052800.bin.rar,JIKEAP_WIA3600_IPQ50XX_QCA8337_NAND_8.0_2024052800.bin.rar,13669383,133a4bf2de651bc12076629072cb45db,2024,20240530,集客无线AP_QCA_ARM
2024/20240530/集客无线AP_QCA_ARM/JIKEAP_WP963_IPQ50XX_AR8033_NOR16_EPORT_8.0_2024052800.bin.rar,JIKEAP_WP963_IPQ50XX_AR8033_NOR16_EPORT_8.0_2024052800.bin.rar,12968447,5e6d1780b27134cb31107186df363d4e,2024,20240530,集客无线AP_QCA_ARM
2024/20240530/集客无线AP_QCA_ARM/JIKEAP_WP973_IPQ50XX_NAND_8.0_2024052800.bin.rar,JIKEAP_WP973_IPQ50XX_NAND_8.0_2024052800.bin.rar,14168358,6efa9d72d048833486b8e8e34fee7b42,2024,20240530,集客无线AP_QCA_ARM
2024/20240530/集客无线AP_QCA_ARM/JIKEAP_WP973_V0_IPQ50XX_NOR_NAND_8.0_2024052800.bin.rar,JIKEAP_WP973_V0_IPQ50XX_NOR_NAND_8.0_2024052800.bin.rar,14168612,19369ccc94b9be621eb22462a6cb3be0,2024,20240530,集客无线AP_QCA_ARM
2024/20240530/集客无线AP_QCA_ARM/release_notes.txt,release_notes.txt,5872,08cf46955c1acc70c1935dfe6efcc48b,2024,20240530,集客无线AP_QCA_ARM
2024/20240530/集客无线AP_QCA_ARM/ubi-JIKEAP_AC58U.img,ubi-JIKEAP_AC58U.img,12845056,9a04f8e9f11c026c42833742da8faf9e,2024,20240530,集客无线AP_QCA_ARM
2024/20240530/集客无线AP_QCA_ARM/ubi-JIKEAP_ACRH17.img,ubi-JIKEAP_ACRH17.img,14942208,b0d3864d2468f4a5a7b144dcca5a0f60,2024,20240530,集客无线AP_QCA_ARM
2024/20240530/集客无线AP_QCA_ARM/ubi-JIKEAP_AX5RM.img,ubi-JIKEAP_AX5RM.img,13893632,cadc929320eab081d24e836ae115c10b,2024,20240530,集客无线AP_QCA_ARM
2024/20240530/集客无线AP_QCA_ARM/ubi-JIKEAP_CM520.img,ubi-JIKEAP_CM520.img,14942208,31d05b212348e560229420d5053e8e87,2024,20240530,集客无线AP_QCA_ARM
2024/20240530/集客无线AP_QCA_ARM/ubi-JIKEAP_N3000.img,ubi-JIKEAP_N3000.img,14811136,831827235c6dc0c6836966decee55949,2024,20240530,集客无线AP_QCA_ARM
2024/20240530/集客无线AP_QCA_MIPS/JIKEAP_AP0141_QCA934X_1000M_8.0_2024052800.bin.rar,JIKEAP_AP0141_QCA934X_1000M_8.0_2024052800.bin.rar,6794677,cf7a0cc24d4a0e2cd2a0cb51ab91f8be,2024,20240530,集客无线AP_QCA_MIPS
2024/20240530/集客无线AP_QCA_MIPS/JIKEAP_AP110T_QCA933X_100M_EPORT_FREE_8.0_2024052800.bin.rar,JIKEAP_AP110T_QCA933X_100M_EPORT_FREE_8.0_2024052800.bin.rar,6794184,81717ff4a4528dd79f664ffb59fd577a,2024,20240530,集客无线AP_QCA_MIPS
2024/20240530/集客无线AP_QCA_MIPS/JIKEAP_AP112F_QCA953X_100M_16M_EPORT_8.0_2024052800.bin.rar,JIKEAP_AP112F_QCA953X_100M_16M_EPORT_8.0_2024052800.bin.rar,6796022,1b0fd3c03946ba4b4aa9eb38050da33e,2024,20240530,集客无线AP_QCA_MIPS
2024/20240530/集客无线AP_QCA_MIPS/JIKEAP_AP112Fv2_AP112FV2_QCA953X_100M_8M_EPORT_8.0_2024052800.bin.rar,JIKEAP_AP112Fv2_AP112FV2_QCA953X_100M_8M_EPORT_8.0_2024052800.bin.rar,6794745,b0a57077e8c55e7df627f7d789fbd12c,2024,20240530,集客无线AP_QCA_MIPS
2024/20240530/集客无线AP_QCA_MIPS/JIKEAP_AP112J_QCA953X_100M_EPORT_8.0_2024052800.bin.rar,JIKEAP_AP112J_QCA953X_100M_EPORT_8.0_2024052800.bin.rar,6795871,8f456705c9608fe9db084dfde1753b0a,2024,20240530,集客无线AP_QCA_MIPS
2024/20240530/集客无线AP_QCA_MIPS/JIKEAP_AP112Q_QCA934X_100M_EPORT_8.0_2024052800.bin.rar,JIKEAP_AP112Q_QCA934X_100M_EPORT_8.0_2024052800.bin.rar,6794945,c45f5696dfe631838a83e49351d0159f,2024,20240530,集客无线AP_QCA_MIPS
2024/20240530/集客无线AP_QCA_MIPS/JIKEAP_AP112T_QCA953X_100M_EPORT_8.0_2024052800.bin.rar,JIKEAP_AP112T_QCA953X_100M_EPORT_8.0_2024052800.bin.rar,6794709,325e36eb5fc0d96e1ecc2cca5f6bc9f1,2024,20240530,集客无线AP_QCA_MIPS
2024/20240530/集客无线AP_QCA_MIPS/JIKEAP_AP112Y_QCA953X_100M_EPORT_8.0_2024052800.bin.rar,JIKEAP_AP112Y_QCA953X_100M_EPORT_8.0_2024052800.bin.rar,6796024,335e2d8d77b7080803fc5545a5bb4b5d,2024,20240530,集客无线AP_QCA_MIPS
2024/20240530/集客无线AP_QCA_MIPS/JIKEAP_AP116F_QCA953X_100M_QCA9887_EPORT_8.0_2024052800.bin.rar,JIKEAP_AP116F_QCA953X_100M_QCA9887_EPORT_8.0_2024052800.bin.rar,7155443,213490d572222b71ce675c28a0a417aa,2024,20240530,集客无线AP_QCA_MIPS
2024/20240530/集客无线AP_QCA_MIPS/JIKEAP_AP116Q_QCA953X_100M_QCA9887_EPORT_8.0_2024052800.bin.rar,JIKEAP_AP116Q_QCA953X_100M_QCA9887_EPORT_8.0_2024052800.bin.rar,7155506,3e3a68d902f3b5915e494df40841d189,2024,20240530,集客无线AP_QCA_MIPS
2024/20240530/集客无线AP_QCA_MIPS/JIKEAP_AP117Q_QCA956X_1000M_QCA9882_8.0_2024052800.bin.rar,JIKEAP_AP117Q_QCA956X_1000M_QCA9882_8.0_2024052800.bin.rar,7955234,0683fc12e2c8a531a0f40136afba1284,2024,20240530,集客无线AP_QCA_MIPS
2024/20240530/集客无线AP_QCA_MIPS/JIKEAP_AP120_QCA934X_1000M_FREE_8.0_2024052800.bin.rar,JIKEAP_AP120_QCA934X_1000M_FREE_8.0_2024052800.bin.rar,7171737,d3543dd7f044c7d148e38c81520e84d9,2024,20240530,集客无线AP_QCA_MIPS
2024/20240530/集客无线AP_QCA_MIPS/JIKEAP_AP126F_QCA953X_100M_8M_8.0_2024052800.bin.rar,JIKEAP_AP126F_QCA953X_100M_8M_8.0_2024052800.bin.rar,6794353,5a16023bca6de6105d83857e67c06d58,2024,20240530,集客无线AP_QCA_MIPS
2024/20240530/集客无线AP_QCA_MIPS/JIKEAP_AP130F-H_QCA953X_100M_8.0_2024052800.bin.rar,JIKEAP_AP130F-H_QCA953X_100M_8.0_2024052800.bin.rar,6797486,007a63d394748a83824a825192c8bd3f,2024,20240530,集客无线AP_QCA_MIPS
2024/20240530/集客无线AP_QCA_MIPS/JIKEAP_AP130T_QCA934X_100M_AR9341_8.0_2024052800.bin.rar,JIKEAP_AP130T_QCA934X_100M_AR9341_8.0_2024052800.bin.rar,6794386,fec2a2d05511d05fd60e0079329c972c,2024,20240530,集客无线AP_QCA_MIPS
2024/20240530/集客无线AP_QCA_MIPS/JIKEAP_AP135T-H_QCA953X_100M_AR9341_8.0_2024052800.bin.rar,JIKEAP_AP135T-H_QCA953X_100M_AR9341_8.0_2024052800.bin.rar,6794451,bd3813b6073ec3e75cb91906d8952ac2,2024,20240530,集客无线AP_QCA_MIPS
2024/20240530/集客无线AP_QCA_MIPS/JIKEAP_AP136Y-H_QCA953X_100M_8.0_2024052800.bin.rar,JIKEAP_AP136Y-H_QCA953X_100M_8.0_2024052800.bin.rar,6795973,7964c478d181b593935755d9804cbabe,2024,20240530,集客无线AP_QCA_MIPS
2024/20240530/集客无线AP_QCA_MIPS/JIKEAP_AP147_QCA953X_100M_QCA9887_FREE_8.0_2024052800.bin.rar,JIKEAP_AP147_QCA953X_100M_QCA9887_FREE_8.0_2024052800.bin.rar,7932798,2f541cda76976fb6b2cb8a0f65fea548,2024,20240530,集客无线AP_QCA_MIPS
2024/20240530/集客无线AP_QCA_MIPS/JIKEAP_AP153Y-H_QCA953X_8.0_2024052800.bin.rar,JIKEAP_AP153Y-H_QCA953X_8.0_2024052800.bin.rar,6795971,be3d6bb1087485ef61b34a17c1938caf,2024,20240530,集客无线AP_QCA_MIPS
2024/20240530/集客无线AP_QCA_MIPS/JIKEAP_AP185W_QCA934X_8.0_2024052800.bin.rar,JIKEAP_AP185W_QCA934X_8.0_2024052800.bin.rar,6794714,0a9c0eb5d04e1f3e980ce6ef0542207f,2024,20240530,集客无线AP_QCA_MIPS
2024/20240530/集客无线AP_QCA_MIPS/JIKEAP_AP220G_AP220G_QCA956X_1000M_QCA9886_8.0_2024052800.bin.rar,JIKEAP_AP220G_AP220G_QCA956X_1000M_QCA9886_8.0_2024052800.bin.rar,8043961,ac793f13817e8103f2ca995551e9949b,2024,20240530,集客无线AP_QCA_MIPS
2024/20240530/集客无线AP_QCA_MIPS/JIKEAP_AP222G_QCA956X_8.0_2024052800.bin.rar,JIKEAP_AP222G_QCA956X_8.0_2024052800.bin.rar,8044305,f75f7b3e1d0261804e2d327f8ac909e2,2024,20240530,集客无线AP_QCA_MIPS
2024/20240530/集客无线AP_QCA_MIPS/JIKEAP_AP223G_AP223G_QCA956X_1000M_QCA9886_8.0_2024052800.bin.rar,JIKEAP_AP223G_AP223G_QCA956X_1000M_QCA9886_8.0_2024052800.bin.rar,8021163,2da787a15d48e279769f46f5777e3952,2024,20240530,集客无线AP_QCA_MIPS
2024/20240530/集客无线AP_QCA_MIPS/JIKEAP_AP260F-H_QCA953X_100M_QCA9887_8.0_2024052800.bin.rar,JIKEAP_AP260F-H_QCA953X_100M_QCA9887_8.0_2024052800.bin.rar,7156822,5c47e8cf255076727f7f6bff9a61494c,2024,20240530,集客无线AP_QCA_MIPS
2024/20240530/集客无线AP_QCA_MIPS/JIKEAP_AP260T-H_QCA953X_100M_AR9X82_8.0_2024052800.bin.rar,JIKEAP_AP260T-H_QCA953X_100M_AR9X82_8.0_2024052800.bin.rar,6795977,5733e478414d50f06d54ad860262a498,2024,20240530,集客无线AP_QCA_MIPS
2024/20240530/集客无线AP_QCA_MIPS/JIKEAP_AP261Y-H_QCA953X_100M_QCA9887_8.0_2024052800.bin.rar,JIKEAP_AP261Y-H_QCA953X_100M_QCA9887_8.0_2024052800.bin.rar,7155442,6c432a67db03fc14fe683cf99da064d4,2024,20240530,集客无线AP_QCA_MIPS
2024/20240530/集客无线AP_QCA_MIPS/JIKEAP_AP262Y-H_QCA956X_1000M_QCA9882_8.0_2024052800.bin.rar,JIKEAP_AP262Y-H_QCA956X_1000M_QCA9882_8.0_2024052800.bin.rar,7955233,b9acf273159580fe2b40de1d209ba803,2024,20240530,集客无线AP_QCA_MIPS
2024/20240530/集客无线AP_QCA_MIPS/JIKEAP_AP263YS_QCA956X_1000M_QCA9880_8.0_2024052800.bin.rar,JIKEAP_AP263YS_QCA956X_1000M_QCA9880_8.0_2024052800.bin.rar,8307668,2bd30a008afe9cf1fa4f54e8d172f7ca,2024,20240530,集客无线AP_QCA_MIPS
2024/20240530/集客无线AP_QCA_MIPS/JIKEAP_AP266G-H_QCA955X_1000M_QCA9880_8.0_2024052800.bin.rar,JIKEAP_AP266G-H_QCA955X_1000M_QCA9880_8.0_2024052800.bin.rar,7954077,4b7ae81693c07d3ffd6b7a738681ef6d,2024,20240530,集客无线AP_QCA_MIPS
2024/20240530/集客无线AP_QCA_MIPS/JIKEAP_AP267F-H_QCA956X_1000M_QCA9886_8.0_2024052800.bin.rar,JIKEAP_AP267F-H_QCA956X_1000M_QCA9886_8.0_2024052800.bin.rar,8043841,2c69452db92ca9c9e0e9f5fa1b2823b3,2024,20240530,集客无线AP_QCA_MIPS
2024/20240530/集客无线AP_QCA_MIPS/JIKEAP_AP267F-Hv2_AP267F-HV2_QCA956X_1000M_QCA9886_8.0_2024052800.bin.rar,JIKEAP_AP267F-Hv2_AP267F-HV2_QCA956X_1000M_QCA9886_8.0_2024052800.bin.rar,8043956,3c059c760087ed6862c1e2c67ac4fdd8,2024,20240530,集客无线AP_QCA_MIPS
2024/20240530/集客无线AP_QCA_MIPS/JIKEAP_AP267KY-H_QCA956X_1000M_QCA9886_8.0_2024052800.bin.rar,JIKEAP_AP267KY-H_QCA956X_1000M_QCA9886_8.0_2024052800.bin.rar,8043671,1c302221455c592b3799ec3073145ce7,2024,20240530,集客无线AP_QCA_MIPS
2024/20240530/集客无线AP_QCA_MIPS/JIKEAP_AP280F-H_QCA953X_100M_QCA9887_8.0_2024052800.bin.rar,JIKEAP_AP280F-H_QCA953X_100M_QCA9887_8.0_2024052800.bin.rar,7156860,69ac9c9642aadd407a3c9f26869916f9,2024,20240530,集客无线AP_QCA_MIPS
2024/20240530/集客无线AP_QCA_MIPS/JIKEAP_AP280Y-H_QCA953X_8.0_2024052800.bin.rar,JIKEAP_AP280Y-H_QCA953X_8.0_2024052800.bin.rar,7155455,e2970e3caf9ec74a9fe154f200e754dd,2024,20240530,集客无线AP_QCA_MIPS
2024/20240530/集客无线AP_QCA_MIPS/JIKEAP_AP281Y-H_AP281YV2_QCA956X_8.0_2024052800.bin.rar,JIKEAP_AP281Y-H_AP281YV2_QCA956X_8.0_2024052800.bin.rar,8044199,59ba416447aee8f14a94036a9fc4531d,2024,20240530,集客无线AP_QCA_MIPS
2024/20240530/集客无线AP_QCA_MIPS/JIKEAP_AP281Y-H_QCA956X_8.0_2024052800.bin.rar,JIKEAP_AP281Y-H_QCA956X_8.0_2024052800.bin.rar,8046893,38a467d650ebaefcf3171dac6b710773,2024,20240530,集客无线AP_QCA_MIPS
2024/20240530/集客无线AP_QCA_MIPS/JIKEAP_AP282T-H_QCA956X_8.0_2024052800.bin.rar,JIKEAP_AP282T-H_QCA956X_8.0_2024052800.bin.rar,8827997,778347896316cb27a5655a4ed659c4c8,2024,20240530,集客无线AP_QCA_MIPS
2024/20240530/集客无线AP_QCA_MIPS/JIKEAP_AP283Y-H_QCA956X_8.0_2024052800.bin.rar,JIKEAP_AP283Y-H_QCA956X_8.0_2024052800.bin.rar,7955159,879ea38297fc57ffd6cf73e4a5bde925,2024,20240530,集客无线AP_QCA_MIPS
2024/20240530/集客无线AP_QCA_MIPS/JIKEAP_AP284Y-H_QCA956X_8.0_2024052800.bin.rar,JIKEAP_AP284Y-H_QCA956X_8.0_2024052800.bin.rar,8044180,8132d1927fdce5c969f3267fbd31a4cb,2024,20240530,集客无线AP_QCA_MIPS
2024/20240530/集客无线AP_QCA_MIPS/JIKEAP_AP3513NA_QCA934X_8.0_2024052800.bin.rar,JIKEAP_AP3513NA_QCA934X_8.0_2024052800.bin.rar,6794507,069b30dfd95e237e49e336159e03d499,2024,20240530,集客无线AP_QCA_MIPS
2024/20240530/集客无线AP_QCA_MIPS/JIKEAP_AP49_QCA953X_8.0_2024052800.bin.rar,JIKEAP_AP49_QCA953X_8.0_2024052800.bin.rar,7199348,058a6e1f7699f10c24ba1179aa4c51e2,2024,20240530,集客无线AP_QCA_MIPS
2024/20240530/集客无线AP_QCA_MIPS/JIKEAP_AP630_QCA953X_100M_EPORT_8.0_2024052800.bin.rar,JIKEAP_AP630_QCA953X_100M_EPORT_8.0_2024052800.bin.rar,6796040,7ea4b6dcf03dfba47a6b7753a218530d,2024,20240530,集客无线AP_QCA_MIPS
2024/20240530/集客无线AP_QCA_MIPS/JIKEAP_AP630v2_AP630V2_QCA953X_100M_EPORT_8.0_2024052800.bin.rar,JIKEAP_AP630v2_AP630V2_QCA953X_100M_EPORT_8.0_2024052800.bin.rar,6794817,22a248471290cddd48c093f6391329dc,2024,20240530,集客无线AP_QCA_MIPS
2024/20240530/集客无线AP_QCA_MIPS/JIKEAP_AP675_QCA953X_100M_EPORT_8.0_2024052800.bin.rar,JIKEAP_AP675_QCA953X_100M_EPORT_8.0_2024052800.bin.rar,7155329,74eedbdeb23ce315df2ea0557872c605,2024,20240530,集客无线AP_QCA_MIPS
2024/20240530/集客无线AP_QCA_MIPS/JIKEAP_AP830H_QCA953X_100M_8.0_2024052800.bin.rar,JIKEAP_AP830H_QCA953X_100M_8.0_2024052800.bin.rar,6797384,761ad205cf500d11e4b738def9bf0ea3,2024,20240530,集客无线AP_QCA_MIPS
2024/20240530/集客无线AP_QCA_MIPS/JIKEAP_AP875H_QCA953X_100M_QCA9887_8.0_2024052800.bin.rar,JIKEAP_AP875H_QCA953X_100M_QCA9887_8.0_2024052800.bin.rar,7156854,23a04e3f858820afd02ea8e5515e669d,2024,20240530,集客无线AP_QCA_MIPS
2024/20240530/集客无线AP_QCA_MIPS/JIKEAP_AP9344_35P0_AP9344P0_QCA934X_1000M_8.0_2024052800.bin.rar,JIKEAP_AP9344_35P0_AP9344P0_QCA934X_1000M_8.0_2024052800.bin.rar,6795789,7c829487268bd594c650e30b11ea321b,2024,20240530,集客无线AP_QCA_MIPS
2024/20240530/集客无线AP_QCA_MIPS/JIKEAP_AP9344_35P4_AP9344P4_QCA934X_1000M_8.0_2024052800.bin.rar,JIKEAP_AP9344_35P4_AP9344P4_QCA934X_1000M_8.0_2024052800.bin.rar,6795882,a42396bf2056e46a1c669185b5031df9,2024,20240530,集客无线AP_QCA_MIPS
2024/20240530/集客无线AP_QCA_MIPS/JIKEAP_AP9344_8327_QCA934X_1000M_8.0_2024052800.bin.rar,JIKEAP_AP9344_8327_QCA934X_1000M_8.0_2024052800.bin.rar,6794366,25da76d1dec32cabc0e9dca4750cde60,2024,20240530,集客无线AP_QCA_MIPS
2024/20240530/集客无线AP_QCA_MIPS/JIKEAP_AP9344_M100_QCA934X_100M_8.0_2024052800.bin.rar,JIKEAP_AP9344_M100_QCA934X_100M_8.0_2024052800.bin.rar,6795666,d054bac85c486e75adadf67fef577e2b,2024,20240530,集客无线AP_QCA_MIPS
2024/20240530/集客无线AP_QCA_MIPS/JIKEAP_AP9344_RTL_QCA934X_1000M_8.0_2024052800.bin.rar,JIKEAP_AP9344_RTL_QCA934X_1000M_8.0_2024052800.bin.rar,6796016,6bbb2b0bc2f6868c7918f4f299096a59,2024,20240530,集客无线AP_QCA_MIPS
2024/20240530/集客无线AP_QCA_MIPS/JIKEAP_AP941_QCA953X_100M_FREE_8.0_2024052800.bin.rar,JIKEAP_AP941_QCA953X_100M_FREE_8.0_2024052800.bin.rar,6794373,0472f3a3e0f53460a924f44f27b9d3ad,2024,20240530,集客无线AP_QCA_MIPS
2024/20240530/集客无线AP_QCA_MIPS/JIKEAP_AP9558V_QCA955X_1000M_QCA9880_LEEEL_FREE_8.0_2024052800.bin.rar,JIKEAP_AP9558V_QCA955X_1000M_QCA9880_LEEEL_FREE_8.0_2024052800.bin.rar,7955385,97977347fff3b39c49f57bd0677a7bd4,2024,20240530,集客无线AP_QCA_MIPS
2024/20240530/集客无线AP_QCA_MIPS/JIKEAP_AP9558_QCA955X_1000M_QCA9880_FREE_8.0_2024052800.bin.rar,JIKEAP_AP9558_QCA955X_1000M_QCA9880_FREE_8.0_2024052800.bin.rar,7955385,e9688a337371beaecc588d21a7fcf41a,2024,20240530,集客无线AP_QCA_MIPS
2024/20240530/集客无线AP_QCA_MIPS/JIKEAP_ARIMA2210_QCA934X_EPORT_8.0_2024052800.bin.rar,JIKEAP_ARIMA2210_QCA934X_EPORT_8.0_2024052800.bin.rar,6794642,61268dae1577291c0e1bf656e38f170c,2024,20240530,集客无线AP_QCA_MIPS
2024/20240530/集客无线AP_QCA_MIPS/JIKEAP_FX-2ac_FX2AC_QCA956X_8.0_2024052800.bin.rar,JIKEAP_FX-2ac_FX2AC_QCA956X_8.0_2024052800.bin.rar,7949256,d2eed3f4d1298550d6f3b498343d955a,2024,20240530,集客无线AP_QCA_MIPS
2024/20240530/集客无线AP_QCA_MIPS/JIKEAP_MI100_QCA934X_100M_8.0_2024052800.bin.rar,JIKEAP_MI100_QCA934X_100M_8.0_2024052800.bin.rar,6794429,449afc17c6bef8c908ac6d20b66d5ea0,2024,20240530,集客无线AP_QCA_MIPS
2024/20240530/集客无线AP_QCA_MIPS/JIKEAP_WPJ563_QCA956X_1000M_QCA9880_8.0_2024052800.bin.rar,JIKEAP_WPJ563_QCA956X_1000M_QCA9880_8.0_2024052800.bin.rar,8307744,3578fe2bedb5fbe99ad09a811c2add5a,2024,20240530,集客无线AP_QCA_MIPS
2024/20240530/集客无线AP_QCA_MIPS/JIKEAP_XD102_QCA953X_8.0_2024052800.bin.rar,JIKEAP_XD102_QCA953X_8.0_2024052800.bin.rar,6794619,41b3446c92fb23ca9383b19a3f78c70a,2024,20240530,集客无线AP_QCA_MIPS
2024/20240530/集客无线AP_QCA_MIPS/JIKEAP_XD1202G_QCA956X_8.0_2024052800.bin.rar,JIKEAP_XD1202G_QCA956X_8.0_2024052800.bin.rar,8044054,8ef57e60aadb9ab44fc1a5b5ab8a4107,2024,20240530,集客无线AP_QCA_MIPS
2024/20240530/集客无线AP_QCA_MIPS/release_notes.txt,release_notes.txt,5872,08cf46955c1acc70c1935dfe6efcc48b,2024,20240530,集客无线AP_QCA_MIPS
2024/20240610/集客无线AP_MTK_ARM/JIKEAP_AP250_MT7981_K5_WIFI6_3000M_FREE_8.0_2024060900.bin.rar,JIKEAP_AP250_MT7981_K5_WIFI6_3000M_FREE_8.0_2024060900.bin.rar,9294934,f66caa02dc372c7e30c37323dcc60e6c,2024,20240610,集客无线AP_MTK_ARM
2024/20240610/集客无线AP_MTK_ARM/JIKEAP_AX2030FM_MT7981_K5_8.0_2024060900.bin.rar,JIKEAP_AX2030FM_MT7981_K5_8.0_2024060900.bin.rar,9274630,f12499dc03584160e18896460dc1f164,2024,20240610,集客无线AP_MTK_ARM
2024/20240610/集客无线AP_MTK_ARM/JIKEAP_AX3000AMX_MT7981_K5_WIFI6_3000M_2_5G_8.0_2024060900.bin.rar,JIKEAP_AX3000AMX_MT7981_K5_WIFI6_3000M_2_5G_8.0_2024060900.bin.rar,9273525,013dbe1ef23bd6a7aac71c0edecdb989,2024,20240610,集客无线AP_MTK_ARM
2024/20240610/集客无线AP_MTK_ARM/JIKEAP_AX3000AM_MT7981_K5_WIFI6_3000M_8.0_2024060900.bin.rar,JIKEAP_AX3000AM_MT7981_K5_WIFI6_3000M_8.0_2024060900.bin.rar,9288875,cd8c708b60dddec7105e37611b3432dc,2024,20240610,集客无线AP_MTK_ARM
2024/20240610/集客无线AP_MTK_ARM/JIKEAP_AX3000FM_MT7981_K5_8.0_2024060900.bin.rar,JIKEAP_AX3000FM_MT7981_K5_8.0_2024060900.bin.rar,9275984,51c63fc618724c8dd0963d6947d387ae,2024,20240610,集客无线AP_MTK_ARM
2024/20240610/集客无线AP_MTK_ARM/JIKEAP_AX3000PM_MT7981_K5_WIFI6_3000M_PON_8.0_2024060900.bin.rar,JIKEAP_AX3000PM_MT7981_K5_WIFI6_3000M_PON_8.0_2024060900.bin.rar,9288897,dfd86303ca0758768070efd05c1da5b3,2024,20240610,集客无线AP_MTK_ARM
2024/20240610/集客无线AP_MTK_ARM/JIKEAP_AX3025FMN_MT7981_K5_8.0_2024060900.bin.rar,JIKEAP_AX3025FMN_MT7981_K5_8.0_2024060900.bin.rar,9406451,1f745074b0723182881914427c5e9dd5,2024,20240610,集客无线AP_MTK_ARM
2024/20240610/集客无线AP_MTK_ARM/JIKEAP_AX3025FM_MT7981_K5_8.0_2024060900.bin.rar,JIKEAP_AX3025FM_MT7981_K5_8.0_2024060900.bin.rar,9275120,765d1a329c4a5a798ea2e0b38681549e,2024,20240610,集客无线AP_MTK_ARM
2024/20240610/集客无线AP_MTK_ARM/JIKEAP_FAPM3001_MT7981_K5_8.0_2024060900.bin.rar,JIKEAP_FAPM3001_MT7981_K5_8.0_2024060900.bin.rar,9274901,74d4a17cd0441370360f10b2f576f8f2,2024,20240610,集客无线AP_MTK_ARM
2024/20240610/集客无线AP_MTK_ARM/release_notes.txt,release_notes.txt,6572,9d835f5d5c018c0069639324a9239492,2024,20240610,集客无线AP_MTK_ARM
2024/20240610/集客无线AP_MTK_MIPS/JIKEAP_AP107IOT_MT7620_K4_EPORT_8.0_2024060900.bin.rar,JIKEAP_AP107IOT_MT7620_K4_EPORT_8.0_2024060900.bin.rar,6054289,8155dc90ca6df6efd78f0369f9e19a76,2024,20240610,集客无线AP_MTK_MIPS
2024/20240610/集客无线AP_MTK_MIPS/JIKEAP_AP110F_MT7628_K4_EPORT_8.0_2024060900.bin.rar,JIKEAP_AP110F_MT7628_K4_EPORT_8.0_2024060900.bin.rar,5174011,e95d364d4c5f963a2aa693c129da3d06,2024,20240610,集客无线AP_MTK_MIPS
2024/20240610/集客无线AP_MTK_MIPS/JIKEAP_AP118A_MT7628_K4_EPORT_8.0_2024060900.bin.rar,JIKEAP_AP118A_MT7628_K4_EPORT_8.0_2024060900.bin.rar,6767591,c463440936aabe8060f52e3c2d90fea7,2024,20240610,集客无线AP_MTK_MIPS
2024/20240610/集客无线AP_MTK_MIPS/JIKEAP_AP118F_AP118F0_MT7628_K4_EPORT_8.0_2024060900.bin.rar,JIKEAP_AP118F_AP118F0_MT7628_K4_EPORT_8.0_2024060900.bin.rar,6763426,10050c7381bd0d34b562ed445b19a142,2024,20240610,集客无线AP_MTK_MIPS
2024/20240610/集客无线AP_MTK_MIPS/JIKEAP_AP118F_MT7628_K4_EPORT_8.0_2024060900.bin.rar,JIKEAP_AP118F_MT7628_K4_EPORT_8.0_2024060900.bin.rar,6767811,a26da449b7f51fb712ec670d3e7f63f2,2024,20240610,集客无线AP_MTK_MIPS
2024/20240610/集客无线AP_MTK_MIPS/JIKEAP_AP118Y_MT7628_K4_EPORT_8.0_2024060900.bin.rar,JIKEAP_AP118Y_MT7628_K4_EPORT_8.0_2024060900.bin.rar,6767722,accbdd88c44050ac86b89c79f121a66f,2024,20240610,集客无线AP_MTK_MIPS
2024/20240610/集客无线AP_MTK_MIPS/JIKEAP_AP210G_MT7620_K4_EPORT_8.0_2024060900.bin.rar,JIKEAP_AP210G_MT7620_K4_EPORT_8.0_2024060900.bin.rar,6826117,f26062e965030f5eb0b9eabc5e7378a5,2024,20240610,集客无线AP_MTK_MIPS
2024/20240610/集客无线AP_MTK_MIPS/JIKEAP_AP212-L_AP212L_MT7621_K4_EPORT_8.0_2024060900.bin.rar,JIKEAP_AP212-L_AP212L_MT7621_K4_EPORT_8.0_2024060900.bin.rar,6314818,80ae4f7f741cf61601294c6376fc91a1,2024,20240610,集客无线AP_MTK_MIPS
2024/20240610/集客无线AP_MTK_MIPS/JIKEAP_AP212G_AP212G0_MT7621_K4_EPORT_8.0_2024060900.bin.rar,JIKEAP_AP212G_AP212G0_MT7621_K4_EPORT_8.0_2024060900.bin.rar,6314781,1b713ea78a6664dce4c3a51f5ff96062,2024,20240610,集客无线AP_MTK_MIPS
2024/20240610/集客无线AP_MTK_MIPS/JIKEAP_AP212G_MT7621_K4_EPORT_8.0_2024060900.bin.rar,JIKEAP_AP212G_MT7621_K4_EPORT_8.0_2024060900.bin.rar,6319193,b91b5ec47a0e2c47dce78ccd9af573cf,2024,20240610,集客无线AP_MTK_MIPS
2024/20240610/集客无线AP_MTK_MIPS/JIKEAP_AP213G_MT7620_K4_EPORT_8.0_2024060900.bin.rar,JIKEAP_AP213G_MT7620_K4_EPORT_8.0_2024060900.bin.rar,6474499,3cdecfe852839dd1888a7409ec25ccf1,2024,20240610,集客无线AP_MTK_MIPS
2024/20240610/集客无线AP_MTK_MIPS/JIKEAP_AP216G_MT7621_K4_EPORT_8.0_2024060900.bin.rar,JIKEAP_AP216G_MT7621_K4_EPORT_8.0_2024060900.bin.rar,7295402,7663580ba6f7814d38b2150ef78e0380,2024,20240610,集客无线AP_MTK_MIPS
2024/20240610/集客无线AP_MTK_MIPS/JIKEAP_AP230EP_MT7620_K4_EPORT_FREE_8.0_2024060900.bin.rar,JIKEAP_AP230EP_MT7620_K4_EPORT_FREE_8.0_2024060900.bin.rar,7116491,a01c973ccb2aabcf8c85d6d8b5c4730f,2024,20240610,集客无线AP_MTK_MIPS
2024/20240610/集客无线AP_MTK_MIPS/JIKEAP_AP230G_MT7620_K4_RTL_EPORT_FREE_8.0_2024060900.bin.rar,JIKEAP_AP230G_MT7620_K4_RTL_EPORT_FREE_8.0_2024060900.bin.rar,7115896,f104680db16e415dc33c514b6038feff,2024,20240610,集客无线AP_MTK_MIPS
2024/20240610/集客无线AP_MTK_MIPS/JIKEAP_AP230IP_MT7620_K4_EPORT_FREE_8.0_2024060900.bin.rar,JIKEAP_AP230IP_MT7620_K4_EPORT_FREE_8.0_2024060900.bin.rar,7115852,7660b541b6b6eee92cc5528470cea5d2,2024,20240610,集客无线AP_MTK_MIPS
2024/20240610/集客无线AP_MTK_MIPS/JIKEAP_AP238AN_MT7628_K4_LEEEL_EPORT_FREE_8.0_2024060900.bin.rar,JIKEAP_AP238AN_MT7628_K4_LEEEL_EPORT_FREE_8.0_2024060900.bin.rar,7382919,89ce3f7a81c345798e7461c7ac114882,2024,20240610,集客无线AP_MTK_MIPS
2024/20240610/集客无线AP_MTK_MIPS/JIKEAP_AP238IOT_MT7628_K4_LEEEL_EPORT_FREE_8.0_2024060900.bin.rar,JIKEAP_AP238IOT_MT7628_K4_LEEEL_EPORT_FREE_8.0_2024060900.bin.rar,8206477,a976fde924f5df45159af9f1ac334a6c,2024,20240610,集客无线AP_MTK_MIPS
2024/20240610/集客无线AP_MTK_MIPS/JIKEAP_AP238MQ_MT7628_K4_LEEEL_EPORT_8.0_2024060900.bin.rar,JIKEAP_AP238MQ_MT7628_K4_LEEEL_EPORT_8.0_2024060900.bin.rar,7472144,27f7ad0504acd3178b70e27c290f4a23,2024,20240610,集客无线AP_MTK_MIPS
2024/20240610/集客无线AP_MTK_MIPS/JIKEAP_AP240P_MT7621_K4_SWITCH_LEEEE_EPORT_FREE_8.0_2024060900.bin.rar,JIKEAP_AP240P_MT7621_K4_SWITCH_LEEEE_EPORT_FREE_8.0_2024060900.bin.rar,5275859,796e3e77a870d4cc8a505f3c5c527cfb,2024,20240610,集客无线AP_MTK_MIPS
2024/20240610/集客无线AP_MTK_MIPS/JIKEAP_AP240SFP_MT7621_K4_SWITCH_LEEEE_FREE_8.0_2024060900.bin.rar,JIKEAP_AP240SFP_MT7621_K4_SWITCH_LEEEE_FREE_8.0_2024060900.bin.rar,5281140,69d3d5012facb5ae87196974df64e91a,2024,20240610,集客无线AP_MTK_MIPS
2024/20240610/集客无线AP_MTK_MIPS/JIKEAP_AP242P_MT7621_K4_LLLLL_64M_FREE_8.0_2024060900.bin.rar,JIKEAP_AP242P_MT7621_K4_LLLLL_64M_FREE_8.0_2024060900.bin.rar,7640442,9418fb676b78f1c6a066f870719710d2,2024,20240610,集客无线AP_MTK_MIPS
2024/20240610/集客无线AP_MTK_MIPS/JIKEAP_AP246HI_MT7621_K4_1000_FREE_8.0_2024060900.bin.rar,JIKEAP_AP246HI_MT7621_K4_1000_FREE_8.0_2024060900.bin.rar,7864808,4982450d0558151b1526c82ca216bb29,2024,20240610,集客无线AP_MTK_MIPS
2024/20240610/集客无线AP_MTK_MIPS/JIKEAP_AP246P_MT7621_K4_MT7603_MT7615N_FREE_8.0_2024060900.bin.rar,JIKEAP_AP246P_MT7621_K4_MT7603_MT7615N_FREE_8.0_2024060900.bin.rar,8681105,61ab5feb3830b03c9268164fc10a2adf,2024,20240610,集客无线AP_MTK_MIPS
2024/20240610/集客无线AP_MTK_MIPS/JIKEAP_AP24_MT7621_K4_LEEEL_EPORT_FREE_8.0_2024060900.bin.rar,JIKEAP_AP24_MT7621_K4_LEEEL_EPORT_FREE_8.0_2024060900.bin.rar,7648703,39e623432d347885b417fab36d2b92d0,2024,20240610,集客无线AP_MTK_MIPS
2024/20240610/集客无线AP_MTK_MIPS/JIKEAP_AP261F-H_AP261F-H0_MT7621_K4_8.0_2024060900.bin.rar,JIKEAP_AP261F-H_AP261F-H0_MT7621_K4_8.0_2024060900.bin.rar,6315539,136ea549a3f686e838e9006ed3403b70,2024,20240610,集客无线AP_MTK_MIPS
2024/20240610/集客无线AP_MTK_MIPS/JIKEAP_AP261F-H_MT7621_K4_8.0_2024060900.bin.rar,JIKEAP_AP261F-H_MT7621_K4_8.0_2024060900.bin.rar,6320297,293c7bb6ab76adee4b4af292d5e19a40,2024,20240610,集客无线AP_MTK_MIPS
2024/20240610/集客无线AP_MTK_MIPS/JIKEAP_AP601_MT7620_K4_LEEEE_EPORT_FREE_8.0_2024060900.bin.rar,JIKEAP_AP601_MT7620_K4_LEEEE_EPORT_FREE_8.0_2024060900.bin.rar,5232426,5fa6e0491d7e5fc7b2d522646340b4f6,2024,20240610,集客无线AP_MTK_MIPS
2024/20240610/集客无线AP_MTK_MIPS/JIKEAP_AX1800B_MT7621_K4_EPORT_8.0_2024060900.bin.rar,JIKEAP_AX1800B_MT7621_K4_EPORT_8.0_2024060900.bin.rar,6620633,0b4487c4e6fb7142ad87e40fe00c5350,2024,20240610,集客无线AP_MTK_MIPS
2024/20240610/集客无线AP_MTK_MIPS/JIKEAP_AX1800FM_AX1800FM0_MT7621_K4_8.0_2024060900.bin.rar,JIKEAP_AX1800FM_AX1800FM0_MT7621_K4_8.0_2024060900.bin.rar,6616198,36215a26784c714878a1796e6f524efd,2024,20240610,集客无线AP_MTK_MIPS
2024/20240610/集客无线AP_MTK_MIPS/JIKEAP_AX1800FM_MT7621_K4_8.0_2024060900.bin.rar,JIKEAP_AX1800FM_MT7621_K4_8.0_2024060900.bin.rar,6623489,a394356a0d284fc130b226aa071a6fef,2024,20240610,集客无线AP_MTK_MIPS
2024/20240610/集客无线AP_MTK_MIPS/JIKEAP_AX1800H_MT7621_K4_MT7915DN_WIFI6_NAND_FREE_8.0_2024060900.bin.rar,JIKEAP_AX1800H_MT7621_K4_MT7915DN_WIFI6_NAND_FREE_8.0_2024060900.bin.rar,6840207,50e28ae7eaad796845092242ac7bc22b,2024,20240610,集客无线AP_MTK_MIPS
2024/20240610/集客无线AP_MTK_MIPS/JIKEAP_AX1800IoT_AX1800IOT_MT7621_K4_8.0_2024060900.bin.rar,JIKEAP_AX1800IoT_AX1800IOT_MT7621_K4_8.0_2024060900.bin.rar,7446440,3faf3b95b56b70a845bdf52fc4dea8ff,2024,20240610,集客无线AP_MTK_MIPS
2024/20240610/集客无线AP_MTK_MIPS/JIKEAP_AX1800S_MT7621_K4_MT7915DN_WIFI6_8.0_2024060900.bin.rar,JIKEAP_AX1800S_MT7621_K4_MT7915DN_WIFI6_8.0_2024060900.bin.rar,6620765,e9b26f0f230fc7f093bf998e372c35ac,2024,20240610,集客无线AP_MTK_MIPS
2024/20240610/集客无线AP_MTK_MIPS/JIKEAP_AX2018-GPON_AX2018GP_MT7621_K4_EPORT_8.0_2024060900.bin.rar,JIKEAP_AX2018-GPON_AX2018GP_MT7621_K4_EPORT_8.0_2024060900.bin.rar,6620751,33ddcce443896b90dfb73869b6ad6fa4,2024,20240610,集客无线AP_MTK_MIPS
2024/20240610/集客无线AP_MTK_MIPS/JIKEAP_AX2020_MT7621_K4_EPORT_8.0_2024060900.bin.rar,JIKEAP_AX2020_MT7621_K4_EPORT_8.0_2024060900.bin.rar,6620562,e6ceec41138c404377f71c43cca7ecf8,2024,20240610,集客无线AP_MTK_MIPS
2024/20240610/集客无线AP_MTK_MIPS/JIKEAP_AX2021_0AX2021_MT7621_K4_EPORT_8.0_2024060900.bin.rar,JIKEAP_AX2021_0AX2021_MT7621_K4_EPORT_8.0_2024060900.bin.rar,6615878,5332ba530713a521ad59f53f1d64474a,2024,20240610,集客无线AP_MTK_MIPS
2024/20240610/集客无线AP_MTK_MIPS/JIKEAP_AX2021_MT7621_K4_EPORT_8.0_2024060900.bin.rar,JIKEAP_AX2021_MT7621_K4_EPORT_8.0_2024060900.bin.rar,6623037,066161b28b7c9882ac14d42e33a5cdc0,2024,20240610,集客无线AP_MTK_MIPS
2024/20240610/集客无线AP_MTK_MIPS/JIKEAP_AX2022MQ_MT7621_K4_EPORT_8.0_2024060900.bin.rar,JIKEAP_AX2022MQ_MT7621_K4_EPORT_8.0_2024060900.bin.rar,6709640,d14fa87631eabb1d8eb832692dbb8e07,2024,20240610,集客无线AP_MTK_MIPS
2024/20240610/集客无线AP_MTK_MIPS/JIKEAP_AX2022_MT7621_K4_EPORT_8.0_2024060900.bin.rar,JIKEAP_AX2022_MT7621_K4_EPORT_8.0_2024060900.bin.rar,7445968,501cc8cada2d82da205fc3b648253b33,2024,20240610,集客无线AP_MTK_MIPS
2024/20240610/集客无线AP_MTK_MIPS/JIKEAP_PAK590055_MT7621_K4_EPORT_8.0_2024060900.bin.rar,JIKEAP_PAK590055_MT7621_K4_EPORT_8.0_2024060900.bin.rar,6314698,87f8e113370cffc268e4aa601a98f61a,2024,20240610,集客无线AP_MTK_MIPS
2024/20240610/集客无线AP_MTK_MIPS/JIKEAP_XB1200G_MT7621_K4_EPORT_8.0_2024060900.bin.rar,JIKEAP_XB1200G_MT7621_K4_EPORT_8.0_2024060900.bin.rar,6319430,6befbcd149ade98a503ec5da6f505616,2024,20240610,集客无线AP_MTK_MIPS
2024/20240610/集客无线AP_MTK_MIPS/JIKEAP_XB8800_MT7620_K4_EPORT_8.0_2024060900.bin.rar,JIKEAP_XB8800_MT7620_K4_EPORT_8.0_2024060900.bin.rar,5232732,5634d08312e5ad4b81c57d411eca31f1,2024,20240610,集客无线AP_MTK_MIPS
2024/20240610/集客无线AP_MTK_MIPS/release_notes.txt,release_notes.txt,6572,9d835f5d5c018c0069639324a9239492,2024,20240610,集客无线AP_MTK_MIPS
2024/20240610/集客无线AP_QCA_ARM/JIKEAP_AC58U_IPQ40XX_1000M_IPQ4018_FREE_8.0_2024060800.bin.rar,JIKEAP_AC58U_IPQ40XX_1000M_IPQ4018_FREE_8.0_2024060800.bin.rar,12066564,7bf0b46b8f2b2d9c22d7169994e45c11,2024,20240610,集客无线AP_QCA_ARM
2024/20240610/集客无线AP_QCA_ARM/JIKEAP_AC58U_IPQ40XX_8.0_2024060800_opboot.bin.rar,JIKEAP_AC58U_IPQ40XX_8.0_2024060800_opboot.bin.rar,12066349,fa4e31fb0844655b1e618fd05a0d41d1,2024,20240610,集客无线AP_QCA_ARM
2024/20240610/集客无线AP_QCA_ARM/JIKEAP_ACRH17_IPQ40XX_1000M_QCA9984_HT160_EPORT_FREE_8.0_2024060800.bin.rar,JIKEAP_ACRH17_IPQ40XX_1000M_QCA9984_HT160_EPORT_FREE_8.0_2024060800.bin.rar,13972597,fbd0f6da7786417aa8e215a107fb08ce,2024,20240610,集客无线AP_QCA_ARM
2024/20240610/集客无线AP_QCA_ARM/JIKEAP_ACRH17_IPQ40XX_8.0_2024060800_opboot.bin.rar,JIKEAP_ACRH17_IPQ40XX_8.0_2024060800_opboot.bin.rar,13973085,3fe688e05d19c686e0155540d539eb30,2024,20240610,集客无线AP_QCA_ARM
2024/20240610/集客无线AP_QCA_ARM/JIKEAP_AP118L_IPQ40XX_1000M_EPORT_8.0_2024060800.bin.rar,JIKEAP_AP118L_IPQ40XX_1000M_EPORT_8.0_2024060800.bin.rar,13720424,59e85e2fe593d2c88265727b71ed590b,2024,20240610,集客无线AP_QCA_ARM
2024/20240610/集客无线AP_QCA_ARM/JIKEAP_AP268F-H_IPQ40XX_8.0_2024060800.bin.rar,JIKEAP_AP268F-H_IPQ40XX_8.0_2024060800.bin.rar,13868185,d0108b88c9be83b7a77ede0dd3715b1d,2024,20240610,集客无线AP_QCA_ARM
2024/20240610/集客无线AP_QCA_ARM/JIKEAP_AP268F-IoT_AP268IOT_IPQ40XX_8.0_2024060800.bin.rar,JIKEAP_AP268F-IoT_AP268IOT_IPQ40XX_8.0_2024060800.bin.rar,13706830,51f86c56ceb24b21d8a42144b47d40ff,2024,20240610,集客无线AP_QCA_ARM
2024/20240610/集客无线AP_QCA_ARM/JIKEAP_AP269X-HG_IPQ40XX_1000M_8.0_2024060800.bin.rar,JIKEAP_AP269X-HG_IPQ40XX_1000M_8.0_2024060800.bin.rar,13720286,cc450eea05ff3341d2cc94c0c4df4ca1,2024,20240610,集客无线AP_QCA_ARM
2024/20240610/集客无线AP_QCA_ARM/JIKEAP_AP285F-H_IPQ40XX_1000M_8.0_2024060800.bin.rar,JIKEAP_AP285F-H_IPQ40XX_1000M_8.0_2024060800.bin.rar,13721414,cb52cdf19e25c17981e3e3c96bcc812f,2024,20240610,集客无线AP_QCA_ARM
2024/20240610/集客无线AP_QCA_ARM/JIKEAP_AP285KY-H_IPQ40XX_8.0_2024060800.bin.rar,JIKEAP_AP285KY-H_IPQ40XX_8.0_2024060800.bin.rar,13616812,99ae755ba47078604e8408da0d42d6ab,2024,20240610,集客无线AP_QCA_ARM
2024/20240610/集客无线AP_QCA_ARM/JIKEAP_AP320F-H_IPQ40XX_1000M_3RADIO_8.0_2024060800.bin.rar,JIKEAP_AP320F-H_IPQ40XX_1000M_3RADIO_8.0_2024060800.bin.rar,13687369,368a41fa87f2628f029d6e8aeddad580,2024,20240610,集客无线AP_QCA_ARM
2024/20240610/集客无线AP_QCA_ARM/JIKEAP_AP320KY-H_IPQ40XX_8.0_2024060800.bin.rar,JIKEAP_AP320KY-H_IPQ40XX_8.0_2024060800.bin.rar,13803682,4f916cef90d0359ef7b62a41c53845bb,2024,20240610,集客无线AP_QCA_ARM
2024/20240610/集客无线AP_QCA_ARM/JIKEAP_AP320KYRUS_IPQ40XX_8.0_2024060800.bin.rar,JIKEAP_AP320KYRUS_IPQ40XX_8.0_2024060800.bin.rar,13804090,7a87cec6468b0769b9815ded59c6cea8,2024,20240610,集客无线AP_QCA_ARM
2024/20240610/集客无线AP_QCA_ARM/JIKEAP_AP320Y-H_IPQ40XX_1000M_3RADIO_8.0_2024060800.bin.rar,JIKEAP_AP320Y-H_IPQ40XX_1000M_3RADIO_8.0_2024060800.bin.rar,13722351,b9dca50e4291598f576921b8d41b401f,2024,20240610,集客无线AP_QCA_ARM
2024/20240610/集客无线AP_QCA_ARM/JIKEAP_AP320YRUS_IPQ40XX_1000M_3RADIO_8.0_2024060800.bin.rar,JIKEAP_AP320YRUS_IPQ40XX_1000M_3RADIO_8.0_2024060800.bin.rar,13722003,c5be58de234c6ad1443b2f53ede9145e,2024,20240610,集客无线AP_QCA_ARM
2024/20240610/集客无线AP_QCA_ARM/JIKEAP_AP330F-H_IPQ40XX_1000M_3RADIO_HT160_8.0_2024060800.bin.rar,JIKEAP_AP330F-H_IPQ40XX_1000M_3RADIO_HT160_8.0_2024060800.bin.rar,13687425,7144e0c718d7b3b66fadef79d46d6210,2024,20240610,集客无线AP_QCA_ARM
2024/20240610/集客无线AP_QCA_ARM/JIKEAP_AP386X_IPQ40XX_1000M_3RADIO_8.0_2024060800.bin.rar,JIKEAP_AP386X_IPQ40XX_1000M_3RADIO_8.0_2024060800.bin.rar,13721996,df166db16b59ad57bb9f631d4b8fcb1e,2024,20240610,集客无线AP_QCA_ARM
2024/20240610/集客无线AP_QCA_ARM/JIKEAP_AX1800F_IPQ60XX_1000M_WIFI6_8.0_2024060800.bin.rar,JIKEAP_AX1800F_IPQ60XX_1000M_WIFI6_8.0_2024060800.bin.rar,12674361,e7a5435ad71a5d07f36af1e685c8c319,2024,20240610,集客无线AP_QCA_ARM
2024/20240610/集客无线AP_QCA_ARM/JIKEAP_AX1800Y_IPQ60XX_8.0_2024060800.bin.rar,JIKEAP_AX1800Y_IPQ60XX_8.0_2024060800.bin.rar,12973936,53ba509615373a0d627418666d718940,2024,20240610,集客无线AP_QCA_ARM
2024/20240610/集客无线AP_QCA_ARM/JIKEAP_AX1801-MESH_AX1801MESH_IPQ60XX_8.0_2024060800.bin.rar,JIKEAP_AX1801-MESH_AX1801MESH_IPQ60XX_8.0_2024060800.bin.rar,15300372,5d515e8029ff60f074cf991116a30642,2024,20240610,集客无线AP_QCA_ARM
2024/20240610/集客无线AP_QCA_ARM/JIKEAP_AX2030A_IPQ50XX_EPORT_8.0_2024060800.bin.rar,JIKEAP_AX2030A_IPQ50XX_EPORT_8.0_2024060800.bin.rar,13682548,ac808cf74ffe9aedd2473dc454e088be,2024,20240610,集客无线AP_QCA_ARM
2024/20240610/集客无线AP_QCA_ARM/JIKEAP_AX2034W_IPQ50XX_EPORT_8.0_2024060800.bin.rar,JIKEAP_AX2034W_IPQ50XX_EPORT_8.0_2024060800.bin.rar,14189655,b40882a02b3fa2d227d50ce3af4f38dd,2024,20240610,集客无线AP_QCA_ARM
2024/20240610/集客无线AP_QCA_ARM/JIKEAP_AX2180_IPQ60XX_1000M_WIFI6_8.0_2024060800.bin.rar,JIKEAP_AX2180_IPQ60XX_1000M_WIFI6_8.0_2024060800.bin.rar,15080116,9182b830bd7cf0bf69da1f3d580a6657,2024,20240610,集客无线AP_QCA_ARM
2024/20240610/集客无线AP_QCA_ARM/JIKEAP_AX3000F-SFP_AX3000FX_IPQ50XX_SFP_8.0_2024060800.bin.rar,JIKEAP_AX3000F-SFP_AX3000FX_IPQ50XX_SFP_8.0_2024060800.bin.rar,14182711,9a2421814d95e463723274b5d733b95d,2024,20240610,集客无线AP_QCA_ARM
2024/20240610/集客无线AP_QCA_ARM/JIKEAP_AX3000FY_IPQ50XX_8.0_2024060800.bin.rar,JIKEAP_AX3000FY_IPQ50XX_8.0_2024060800.bin.rar,14168625,677ea21c3903a6dd7accbf60271e82c3,2024,20240610,集客无线AP_QCA_ARM
2024/20240610/集客无线AP_QCA_ARM/JIKEAP_AX3000F_IPQ50XX_8.0_2024060800.bin.rar,JIKEAP_AX3000F_IPQ50XX_8.0_2024060800.bin.rar,14168098,2ba99e1dbcf8b9f23259ac824ede9681,2024,20240610,集客无线AP_QCA_ARM
2024/20240610/集客无线AP_QCA_ARM/JIKEAP_AX3000X_IPQ50XX_8.0_2024060800.bin.rar,JIKEAP_AX3000X_IPQ50XX_8.0_2024060800.bin.rar,13952266,fe343f2e8f4ca0e4e94994bf327e62dc,2024,20240610,集客无线AP_QCA_ARM
2024/20240610/集客无线AP_QCA_ARM/JIKEAP_AX3001-MESH_AX3001MESH_IPQ50XX_8.0_2024060800.bin.rar,JIKEAP_AX3001-MESH_AX3001MESH_IPQ50XX_8.0_2024060800.bin.rar,16122256,5f283b1b85f5642429586f9206144e38,2024,20240610,集客无线AP_QCA_ARM
2024/20240610/集客无线AP_QCA_ARM/JIKEAP_AX3025Y_IPQ807X_2500M_WIFI6_HT160_8.0_2024060800.bin.rar,JIKEAP_AX3025Y_IPQ807X_2500M_WIFI6_HT160_8.0_2024060800.bin.rar,15866359,cea09e6264f195a5aed4c437c88c5fa5,2024,20240610,集客无线AP_QCA_ARM
2024/20240610/集客无线AP_QCA_ARM/JIKEAP_AX3050KY_IPQ807X_5000M_WIFI6_HT160_8.0_2024060800.bin.rar,JIKEAP_AX3050KY_IPQ807X_5000M_WIFI6_HT160_8.0_2024060800.bin.rar,13550521,ef9e9291f71057f420945c15c830d5d2,2024,20240610,集客无线AP_QCA_ARM
2024/20240610/集客无线AP_QCA_ARM/JIKEAP_AX5400KY_IPQ50XX_8.0_2024060800.bin.rar,JIKEAP_AX5400KY_IPQ50XX_8.0_2024060800.bin.rar,14409060,e1b26cb2bc89fbd6c3828b8911f4e0a4,2024,20240610,集客无线AP_QCA_ARM
2024/20240610/集客无线AP_QCA_ARM/JIKEAP_AX5425Y-3-RU_AX5425Y3RU_IPQ50XX_8.0_2024060800.bin.rar,JIKEAP_AX5425Y-3-RU_AX5425Y3RU_IPQ50XX_8.0_2024060800.bin.rar,14196948,f2457977335b002b45fa95efe669c014,2024,20240610,集客无线AP_QCA_ARM
2024/20240610/集客无线AP_QCA_ARM/JIKEAP_AX5RM_IPQ60XX_1000M_WIFI6_FREE_8.0_2024060800.bin.rar,JIKEAP_AX5RM_IPQ60XX_1000M_WIFI6_FREE_8.0_2024060800.bin.rar,12845283,01a6a06e6bbb46a8bf3b37b191918633,2024,20240610,集客无线AP_QCA_ARM
2024/20240610/集客无线AP_QCA_ARM/JIKEAP_AX8180X_IPQ60XX_8.0_2024060800.bin.rar,JIKEAP_AX8180X_IPQ60XX_8.0_2024060800.bin.rar,12989452,53714cdec20917ee2fe5a6b25340b5de,2024,20240610,集客无线AP_QCA_ARM
2024/20240610/集客无线AP_QCA_ARM/JIKEAP_AX8180Y_IPQ60XX_8.0_2024060800.bin.rar,JIKEAP_AX8180Y_IPQ60XX_8.0_2024060800.bin.rar,13125888,9dd5156344e0aef4408f9fe44197d161,2024,20240610,集客无线AP_QCA_ARM
2024/20240610/集客无线AP_QCA_ARM/JIKEAP_AX8300A-SFP_AX8300ASFP_IPQ50XX_8.0_2024060800.bin.rar,JIKEAP_AX8300A-SFP_AX8300ASFP_IPQ50XX_8.0_2024060800.bin.rar,14176950,290b8f28e5efe18103ae1cfa1ef10b0f,2024,20240610,集客无线AP_QCA_ARM
2024/20240610/集客无线AP_QCA_ARM/JIKEAP_AX8300A-SFP_IPQ50XX_8.0_2024060800.bin.rar,JIKEAP_AX8300A-SFP_IPQ50XX_8.0_2024060800.bin.rar,14171041,b6ec58b3f827236ff99a489d80840af8,2024,20240610,集客无线AP_QCA_ARM
2024/20240610/集客无线AP_QCA_ARM/JIKEAP_AX8301L_IPQ50XX_8.0_2024060800.bin.rar,JIKEAP_AX8301L_IPQ50XX_8.0_2024060800.bin.rar,14169599,e86d02fc617878e0772ce43d8ecc7244,2024,20240610,集客无线AP_QCA_ARM
2024/20240610/集客无线AP_QCA_ARM/JIKEAP_AX8325Q-SFP_AX8325QF0_IPQ50XX_SFP_8.0_2024060800.bin.rar,JIKEAP_AX8325Q-SFP_AX8325QF0_IPQ50XX_SFP_8.0_2024060800.bin.rar,16141730,100f735bdc9ae5408a5e910ee515f8ee,2024,20240610,集客无线AP_QCA_ARM
2024/20240610/集客无线AP_QCA_ARM/JIKEAP_AX8325Q-SFP_AX8325QF_IPQ50XX_SFP_8.0_2024060800.bin.rar,JIKEAP_AX8325Q-SFP_AX8325QF_IPQ50XX_SFP_8.0_2024060800.bin.rar,16147070,7ad44adb913a17c2a9e708581fdabde7,2024,20240610,集客无线AP_QCA_ARM
2024/20240610/集客无线AP_QCA_ARM/JIKEAP_AX8540Q-3_AX8540Q0_IPQ50XX_SFP_8.0_2024060800.bin.rar,JIKEAP_AX8540Q-3_AX8540Q0_IPQ50XX_SFP_8.0_2024060800.bin.rar,14197682,d5dbc30bc4dc2aaff72e35978819e49b,2024,20240610,集客无线AP_QCA_ARM
2024/20240610/集客无线AP_QCA_ARM/JIKEAP_AX8540Q-3_AX8540Q_IPQ50XX_SFP_8.0_2024060800.bin.rar,JIKEAP_AX8540Q-3_AX8540Q_IPQ50XX_SFP_8.0_2024060800.bin.rar,14203061,841a0b367032904a1e64088f25797731,2024,20240610,集客无线AP_QCA_ARM
2024/20240610/集客无线AP_QCA_ARM/JIKEAP_B3000_IPQ50XX_AR8033_NOR32_EPORT_FREE_8.0_2024060800.bin.rar,JIKEAP_B3000_IPQ50XX_AR8033_NOR32_EPORT_FREE_8.0_2024060800.bin.rar,13327623,e0ba5973c64a3601594b02728505624e,2024,20240610,集客无线AP_QCA_ARM
2024/20240610/集客无线AP_QCA_ARM/JIKEAP_CM520_IPQ40XX_1000M_NAND_EPORT_FREE_8.0_2024060800.bin.rar,JIKEAP_CM520_IPQ40XX_1000M_NAND_EPORT_FREE_8.0_2024060800.bin.rar,13994406,aae2b3900c38135f2801d52ba8634c49,2024,20240610,集客无线AP_QCA_ARM
2024/20240610/集客无线AP_QCA_ARM/JIKEAP_CM520_IPQ40XX_8.0_2024060800_opboot.bin.rar,JIKEAP_CM520_IPQ40XX_8.0_2024060800_opboot.bin.rar,13990426,9f63544009f668e6e33346e46b9fbbf0,2024,20240610,集客无线AP_QCA_ARM
2024/20240610/集客无线AP_QCA_ARM/JIKEAP_EA1303_IPQ50XX_8.0_2024060800.bin.rar,JIKEAP_EA1303_IPQ50XX_8.0_2024060800.bin.rar,14400857,ce6cb349ece18c8760f2216d9e28a711,2024,20240610,集客无线AP_QCA_ARM
2024/20240610/集客无线AP_QCA_ARM/JIKEAP_HM1800_IPQ60XX_1000M_WIFI6_8.0_2024060800.bin.rar,JIKEAP_HM1800_IPQ60XX_1000M_WIFI6_8.0_2024060800.bin.rar,13036846,5c17b669dc7a0d9817afea72196ce4b0,2024,20240610,集客无线AP_QCA_ARM
2024/20240610/集客无线AP_QCA_ARM/JIKEAP_N3000_IPQ50XX_NAND_FREE_8.0_2024060800.bin.rar,JIKEAP_N3000_IPQ50XX_NAND_FREE_8.0_2024060800.bin.rar,13593149,9f48be961651db24c5b75cf689e8dd2f,2024,20240610,集客无线AP_QCA_ARM
2024/20240610/集客无线AP_QCA_ARM/JIKEAP_WIA3600_IPQ50XX_QCA8337_NAND_8.0_2024060800.bin.rar,JIKEAP_WIA3600_IPQ50XX_QCA8337_NAND_8.0_2024060800.bin.rar,13669764,5fb4d75698fa92658a7b7df7d8039a86,2024,20240610,集客无线AP_QCA_ARM
2024/20240610/集客无线AP_QCA_ARM/JIKEAP_WP963_IPQ50XX_AR8033_NOR16_EPORT_8.0_2024060800.bin.rar,JIKEAP_WP963_IPQ50XX_AR8033_NOR16_EPORT_8.0_2024060800.bin.rar,12971718,8aec5c8da171076e5318e90ab7f6da75,2024,20240610,集客无线AP_QCA_ARM
2024/20240610/集客无线AP_QCA_ARM/JIKEAP_WP973_IPQ50XX_NAND_8.0_2024060800.bin.rar,JIKEAP_WP973_IPQ50XX_NAND_8.0_2024060800.bin.rar,14170135,e49362f144ebbcf12966432305044f57,2024,20240610,集客无线AP_QCA_ARM
2024/20240610/集客无线AP_QCA_ARM/JIKEAP_WP973_V0_IPQ50XX_NOR_NAND_8.0_2024060800.bin.rar,JIKEAP_WP973_V0_IPQ50XX_NOR_NAND_8.0_2024060800.bin.rar,14170013,ead60c3288e809e7e201e3af0c1de648,2024,20240610,集客无线AP_QCA_ARM
2024/20240610/集客无线AP_QCA_ARM/release_notes.txt,release_notes.txt,5872,08cf46955c1acc70c1935dfe6efcc48b,2024,20240610,集客无线AP_QCA_ARM
2024/20240610/集客无线AP_QCA_ARM/ubi-JIKEAP_AC58U.img,ubi-JIKEAP_AC58U.img,12845056,65004f714e9479c5e1894ce89a25d084,2024,20240610,集客无线AP_QCA_ARM
2024/20240610/集客无线AP_QCA_ARM/ubi-JIKEAP_ACRH17.img,ubi-JIKEAP_ACRH17.img,14942208,d4f2f160bc51e8efac489a24f1917c25,2024,20240610,集客无线AP_QCA_ARM
2024/20240610/集客无线AP_QCA_ARM/ubi-JIKEAP_AX5RM.img,ubi-JIKEAP_AX5RM.img,13893632,6d688d0b79c90ef04baa6eb5a1404456,2024,20240610,集客无线AP_QCA_ARM
2024/20240610/集客无线AP_QCA_ARM/ubi-JIKEAP_CM520.img,ubi-JIKEAP_CM520.img,14942208,f444e35eb1655aaaf3df1b272de2cddd,2024,20240610,集客无线AP_QCA_ARM
2024/20240610/集客无线AP_QCA_ARM/ubi-JIKEAP_N3000.img,ubi-JIKEAP_N3000.img,14811136,91fea0181660cb7462ac9f8accf4e7aa,2024,20240610,集客无线AP_QCA_ARM
2024/20240610/集客无线AP_QCA_MIPS/JIKEAP_AP0141_QCA934X_1000M_8.0_2024060800.bin.rar,JIKEAP_AP0141_QCA934X_1000M_8.0_2024060800.bin.rar,6796280,7718ab81dcca992dbd93051d2ceaf4b0,2024,20240610,集客无线AP_QCA_MIPS
2024/20240610/集客无线AP_QCA_MIPS/JIKEAP_AP110T_QCA933X_100M_EPORT_FREE_8.0_2024060800.bin.rar,JIKEAP_AP110T_QCA933X_100M_EPORT_FREE_8.0_2024060800.bin.rar,6795670,f6aa2c070c801df7463d0610a215618b,2024,20240610,集客无线AP_QCA_MIPS
2024/20240610/集客无线AP_QCA_MIPS/JIKEAP_AP112F_QCA953X_100M_16M_EPORT_8.0_2024060800.bin.rar,JIKEAP_AP112F_QCA953X_100M_16M_EPORT_8.0_2024060800.bin.rar,6797762,eb9850d0bc795d726f82c449b63cad84,2024,20240610,集客无线AP_QCA_MIPS
2024/20240610/集客无线AP_QCA_MIPS/JIKEAP_AP112Fv2_AP112FV2_QCA953X_100M_8M_EPORT_8.0_2024060800.bin.rar,JIKEAP_AP112Fv2_AP112FV2_QCA953X_100M_8M_EPORT_8.0_2024060800.bin.rar,6796578,95325417f79b3fc0aed35102ef3c1400,2024,20240610,集客无线AP_QCA_MIPS
2024/20240610/集客无线AP_QCA_MIPS/JIKEAP_AP112J_QCA953X_100M_EPORT_8.0_2024060800.bin.rar,JIKEAP_AP112J_QCA953X_100M_EPORT_8.0_2024060800.bin.rar,6797669,5c2c32ef86b7bfb71e2c6a07fe625905,2024,20240610,集客无线AP_QCA_MIPS
2024/20240610/集客无线AP_QCA_MIPS/JIKEAP_AP112Q_QCA934X_100M_EPORT_8.0_2024060800.bin.rar,JIKEAP_AP112Q_QCA934X_100M_EPORT_8.0_2024060800.bin.rar,6796752,8a61b3cc2abea948bcf0f61dc19d2bd9,2024,20240610,集客无线AP_QCA_MIPS
2024/20240610/集客无线AP_QCA_MIPS/JIKEAP_AP112T_QCA953X_100M_EPORT_8.0_2024060800.bin.rar,JIKEAP_AP112T_QCA953X_100M_EPORT_8.0_2024060800.bin.rar,6796336,3bdd05273c6f3b61c9553b4e174ca3b2,2024,20240610,集客无线AP_QCA_MIPS
2024/20240610/集客无线AP_QCA_MIPS/JIKEAP_AP112Y_QCA953X_100M_EPORT_8.0_2024060800.bin.rar,JIKEAP_AP112Y_QCA953X_100M_EPORT_8.0_2024060800.bin.rar,6797812,7e3d403e61f1e3edc5df2c75eb0171c8,2024,20240610,集客无线AP_QCA_MIPS
2024/20240610/集客无线AP_QCA_MIPS/JIKEAP_AP116F_QCA953X_100M_QCA9887_EPORT_8.0_2024060800.bin.rar,JIKEAP_AP116F_QCA953X_100M_QCA9887_EPORT_8.0_2024060800.bin.rar,7157172,37865db98ba4e5cf5a853c8ab07f53ce,2024,20240610,集客无线AP_QCA_MIPS
2024/20240610/集客无线AP_QCA_MIPS/JIKEAP_AP116Q_QCA953X_100M_QCA9887_EPORT_8.0_2024060800.bin.rar,JIKEAP_AP116Q_QCA953X_100M_QCA9887_EPORT_8.0_2024060800.bin.rar,7157240,0b5b7ecbdccc165f87cc4fbde0dcb95e,2024,20240610,集客无线AP_QCA_MIPS
2024/20240610/集客无线AP_QCA_MIPS/JIKEAP_AP117Q_QCA956X_1000M_QCA9882_8.0_2024060800.bin.rar,JIKEAP_AP117Q_QCA956X_1000M_QCA9882_8.0_2024060800.bin.rar,7957387,b0f3882a090889b7ec76d628f357a270,2024,20240610,集客无线AP_QCA_MIPS
2024/20240610/集客无线AP_QCA_MIPS/JIKEAP_AP120_QCA934X_1000M_FREE_8.0_2024060800.bin.rar,JIKEAP_AP120_QCA934X_1000M_FREE_8.0_2024060800.bin.rar,7173537,3787d5b387b50809219212b220ba1341,2024,20240610,集客无线AP_QCA_MIPS
2024/20240610/集客无线AP_QCA_MIPS/JIKEAP_AP126F_QCA953X_100M_8M_8.0_2024060800.bin.rar,JIKEAP_AP126F_QCA953X_100M_8M_8.0_2024060800.bin.rar,6796269,263574047842e3f0e9a75496e596944e,2024,20240610,集客无线AP_QCA_MIPS
2024/20240610/集客无线AP_QCA_MIPS/JIKEAP_AP130F-H_QCA953X_100M_8.0_2024060800.bin.rar,JIKEAP_AP130F-H_QCA953X_100M_8.0_2024060800.bin.rar,6799326,45f2ca15eb6f87b4651c1802361475ae,2024,20240610,集客无线AP_QCA_MIPS
2024/20240610/集客无线AP_QCA_MIPS/JIKEAP_AP130T_QCA934X_100M_AR9341_8.0_2024060800.bin.rar,JIKEAP_AP130T_QCA934X_100M_AR9341_8.0_2024060800.bin.rar,6796089,f7481500a9bb3320826484725ce2c323,2024,20240610,集客无线AP_QCA_MIPS
2024/20240610/集客无线AP_QCA_MIPS/JIKEAP_AP135T-H_QCA953X_100M_AR9341_8.0_2024060800.bin.rar,JIKEAP_AP135T-H_QCA953X_100M_AR9341_8.0_2024060800.bin.rar,6796119,34e82d19a7c6c37bcae07aad10c5e73a,2024,20240610,集客无线AP_QCA_MIPS
2024/20240610/集客无线AP_QCA_MIPS/JIKEAP_AP136Y-H_QCA953X_100M_8.0_2024060800.bin.rar,JIKEAP_AP136Y-H_QCA953X_100M_8.0_2024060800.bin.rar,6797749,9d6bdeb6fc1a2a85720cc55ca52f6e4f,2024,20240610,集客无线AP_QCA_MIPS
2024/20240610/集客无线AP_QCA_MIPS/JIKEAP_AP147_QCA953X_100M_QCA9887_FREE_8.0_2024060800.bin.rar,JIKEAP_AP147_QCA953X_100M_QCA9887_FREE_8.0_2024060800.bin.rar,7934560,313ee24c7dc43eaf752cae5d70b66bd3,2024,20240610,集客无线AP_QCA_MIPS
2024/20240610/集客无线AP_QCA_MIPS/JIKEAP_AP153Y-H_QCA953X_8.0_2024060800.bin.rar,JIKEAP_AP153Y-H_QCA953X_8.0_2024060800.bin.rar,6797780,90d283dafc70c48dc116b9e28a3dd9f3,2024,20240610,集客无线AP_QCA_MIPS
2024/20240610/集客无线AP_QCA_MIPS/JIKEAP_AP185W_QCA934X_8.0_2024060800.bin.rar,JIKEAP_AP185W_QCA934X_8.0_2024060800.bin.rar,6796467,12fd1076be095bf3b88c4ed3aa268fa4,2024,20240610,集客无线AP_QCA_MIPS
2024/20240610/集客无线AP_QCA_MIPS/JIKEAP_AP220G_AP220G_QCA956X_1000M_QCA9886_8.0_2024060800.bin.rar,JIKEAP_AP220G_AP220G_QCA956X_1000M_QCA9886_8.0_2024060800.bin.rar,8045820,a143d3ba4674461a9e553ad9824cddd2,2024,20240610,集客无线AP_QCA_MIPS
2024/20240610/集客无线AP_QCA_MIPS/JIKEAP_AP222G_QCA956X_8.0_2024060800.bin.rar,JIKEAP_AP222G_QCA956X_8.0_2024060800.bin.rar,8046104,940f5f6d839bbd71e2abfe42ae2974c0,2024,20240610,集客无线AP_QCA_MIPS
2024/20240610/集客无线AP_QCA_MIPS/JIKEAP_AP223G_AP223G_QCA956X_1000M_QCA9886_8.0_2024060800.bin.rar,JIKEAP_AP223G_AP223G_QCA956X_1000M_QCA9886_8.0_2024060800.bin.rar,8023339,3fe3b256e71dfe204ff8d2d435a358cb,2024,20240610,集客无线AP_QCA_MIPS
2024/20240610/集客无线AP_QCA_MIPS/JIKEAP_AP260F-H_QCA953X_100M_QCA9887_8.0_2024060800.bin.rar,JIKEAP_AP260F-H_QCA953X_100M_QCA9887_8.0_2024060800.bin.rar,7158778,1ac3d428642fdfb4d46f26f19a7975a4,2024,20240610,集客无线AP_QCA_MIPS
2024/20240610/集客无线AP_QCA_MIPS/JIKEAP_AP260T-H_QCA953X_100M_AR9X82_8.0_2024060800.bin.rar,JIKEAP_AP260T-H_QCA953X_100M_AR9X82_8.0_2024060800.bin.rar,6797817,e62940879658f9658dde777ccddf0b2c,2024,20240610,集客无线AP_QCA_MIPS
2024/20240610/集客无线AP_QCA_MIPS/JIKEAP_AP261Y-H_QCA953X_100M_QCA9887_8.0_2024060800.bin.rar,JIKEAP_AP261Y-H_QCA953X_100M_QCA9887_8.0_2024060800.bin.rar,7157301,081c2e7c51c322cb1e1fa2c4b6d3a3d6,2024,20240610,集客无线AP_QCA_MIPS
2024/20240610/集客无线AP_QCA_MIPS/JIKEAP_AP262Y-H_QCA956X_1000M_QCA9882_8.0_2024060800.bin.rar,JIKEAP_AP262Y-H_QCA956X_1000M_QCA9882_8.0_2024060800.bin.rar,7957218,9f963e6a28e3a99d88defa69ded3cfa6,2024,20240610,集客无线AP_QCA_MIPS
2024/20240610/集客无线AP_QCA_MIPS/JIKEAP_AP263YS_QCA956X_1000M_QCA9880_8.0_2024060800.bin.rar,JIKEAP_AP263YS_QCA956X_1000M_QCA9880_8.0_2024060800.bin.rar,8309366,64e4b3161588cc58cd68be815b54d214,2024,20240610,集客无线AP_QCA_MIPS
2024/20240610/集客无线AP_QCA_MIPS/JIKEAP_AP266G-H_QCA955X_1000M_QCA9880_8.0_2024060800.bin.rar,JIKEAP_AP266G-H_QCA955X_1000M_QCA9880_8.0_2024060800.bin.rar,7955886,c34a169aa9df2e4e1c72899ef265d67b,2024,20240610,集客无线AP_QCA_MIPS
2024/20240610/集客无线AP_QCA_MIPS/JIKEAP_AP267F-H_QCA956X_1000M_QCA9886_8.0_2024060800.bin.rar,JIKEAP_AP267F-H_QCA956X_1000M_QCA9886_8.0_2024060800.bin.rar,8045667,d27cd1454375be745f8aad734e579275,2024,20240610,集客无线AP_QCA_MIPS
2024/20240610/集客无线AP_QCA_MIPS/JIKEAP_AP267F-Hv2_AP267F-HV2_QCA956X_1000M_QCA9886_8.0_2024060800.bin.rar,JIKEAP_AP267F-Hv2_AP267F-HV2_QCA956X_1000M_QCA9886_8.0_2024060800.bin.rar,8045686,3f005b506045defad1a7b3eecda5c182,2024,20240610,集客无线AP_QCA_MIPS
2024/20240610/集客无线AP_QCA_MIPS/JIKEAP_AP267KY-H_QCA956X_1000M_QCA9886_8.0_2024060800.bin.rar,JIKEAP_AP267KY-H_QCA956X_1000M_QCA9886_8.0_2024060800.bin.rar,8045403,ceff6d615fe9de8a91082ed09b541482,2024,20240610,集客无线AP_QCA_MIPS
2024/20240610/集客无线AP_QCA_MIPS/JIKEAP_AP280F-H_QCA953X_100M_QCA9887_8.0_2024060800.bin.rar,JIKEAP_AP280F-H_QCA953X_100M_QCA9887_8.0_2024060800.bin.rar,7158698,7ecdb21f07b085234a7a258d45fe124c,2024,20240610,集客无线AP_QCA_MIPS
2024/20240610/集客无线AP_QCA_MIPS/JIKEAP_AP280Y-H_QCA953X_8.0_2024060800.bin.rar,JIKEAP_AP280Y-H_QCA953X_8.0_2024060800.bin.rar,7157228,681b4be38cfb5162319ee940038652f4,2024,20240610,集客无线AP_QCA_MIPS
2024/20240610/集客无线AP_QCA_MIPS/JIKEAP_AP281Y-H_AP281YV2_QCA956X_8.0_2024060800.bin.rar,JIKEAP_AP281Y-H_AP281YV2_QCA956X_8.0_2024060800.bin.rar,8046160,719b66fcb254ce983c3254e9935a6626,2024,20240610,集客无线AP_QCA_MIPS
2024/20240610/集客无线AP_QCA_MIPS/JIKEAP_AP281Y-H_QCA956X_8.0_2024060800.bin.rar,JIKEAP_AP281Y-H_QCA956X_8.0_2024060800.bin.rar,8048785,c60744ab28c1f99f7122b55868fd985d,2024,20240610,集客无线AP_QCA_MIPS
2024/20240610/集客无线AP_QCA_MIPS/JIKEAP_AP282T-H_QCA956X_8.0_2024060800.bin.rar,JIKEAP_AP282T-H_QCA956X_8.0_2024060800.bin.rar,8829590,4735383c0bf786d32f209914e5ff3a50,2024,20240610,集客无线AP_QCA_MIPS
2024/20240610/集客无线AP_QCA_MIPS/JIKEAP_AP283Y-H_QCA956X_8.0_2024060800.bin.rar,JIKEAP_AP283Y-H_QCA956X_8.0_2024060800.bin.rar,7957201,376357a4629249e3745ef8f23c14cff7,2024,20240610,集客无线AP_QCA_MIPS
2024/20240610/集客无线AP_QCA_MIPS/JIKEAP_AP284Y-H_QCA956X_8.0_2024060800.bin.rar,JIKEAP_AP284Y-H_QCA956X_8.0_2024060800.bin.rar,8046022,e9eaa0099a506004c8d5d5e69be45964,2024,20240610,集客无线AP_QCA_MIPS
2024/20240610/集客无线AP_QCA_MIPS/JIKEAP_AP3513NA_QCA934X_8.0_2024060800.bin.rar,JIKEAP_AP3513NA_QCA934X_8.0_2024060800.bin.rar,6796246,c26318ad9d570ab43827107055dd3ed0,2024,20240610,集客无线AP_QCA_MIPS
2024/20240610/集客无线AP_QCA_MIPS/JIKEAP_AP49_QCA953X_8.0_2024060800.bin.rar,JIKEAP_AP49_QCA953X_8.0_2024060800.bin.rar,7201483,2feebf8ddedfa1e3728f73b49d0c083b,2024,20240610,集客无线AP_QCA_MIPS
2024/20240610/集客无线AP_QCA_MIPS/JIKEAP_AP630_QCA953X_100M_EPORT_8.0_2024060800.bin.rar,JIKEAP_AP630_QCA953X_100M_EPORT_8.0_2024060800.bin.rar,6797630,6625cf8478bc18f32f6aa3e43cae6730,2024,20240610,集客无线AP_QCA_MIPS
2024/20240610/集客无线AP_QCA_MIPS/JIKEAP_AP630v2_AP630V2_QCA953X_100M_EPORT_8.0_2024060800.bin.rar,JIKEAP_AP630v2_AP630V2_QCA953X_100M_EPORT_8.0_2024060800.bin.rar,6796548,52383c23816331a1a9e6c9524565ae73,2024,20240610,集客无线AP_QCA_MIPS
2024/20240610/集客无线AP_QCA_MIPS/JIKEAP_AP675_QCA953X_100M_EPORT_8.0_2024060800.bin.rar,JIKEAP_AP675_QCA953X_100M_EPORT_8.0_2024060800.bin.rar,7157029,34c4307b40afb074acbddc1be4058fde,2024,20240610,集客无线AP_QCA_MIPS
2024/20240610/集客无线AP_QCA_MIPS/JIKEAP_AP830H_QCA953X_100M_8.0_2024060800.bin.rar,JIKEAP_AP830H_QCA953X_100M_8.0_2024060800.bin.rar,6799406,2e8d66b2d2952e542d88286a3e52d5aa,2024,20240610,集客无线AP_QCA_MIPS
2024/20240610/集客无线AP_QCA_MIPS/JIKEAP_AP875H_QCA953X_100M_QCA9887_8.0_2024060800.bin.rar,JIKEAP_AP875H_QCA953X_100M_QCA9887_8.0_2024060800.bin.rar,7158633,0cd829438d83c0361262591931d4c5a8,2024,20240610,集客无线AP_QCA_MIPS
2024/20240610/集客无线AP_QCA_MIPS/JIKEAP_AP9344_35P0_AP9344P0_QCA934X_1000M_8.0_2024060800.bin.rar,JIKEAP_AP9344_35P0_AP9344P0_QCA934X_1000M_8.0_2024060800.bin.rar,6797574,91c1c110b100b2488c8f607c70e28bad,2024,20240610,集客无线AP_QCA_MIPS
2024/20240610/集客无线AP_QCA_MIPS/JIKEAP_AP9344_35P4_AP9344P4_QCA934X_1000M_8.0_2024060800.bin.rar,JIKEAP_AP9344_35P4_AP9344P4_QCA934X_1000M_8.0_2024060800.bin.rar,6797637,44e3ee7fd4f513bc5c5233c30af58761,2024,20240610,集客无线AP_QCA_MIPS
2024/20240610/集客无线AP_QCA_MIPS/JIKEAP_AP9344_8327_QCA934X_1000M_8.0_2024060800.bin.rar,JIKEAP_AP9344_8327_QCA934X_1000M_8.0_2024060800.bin.rar,6796051,39eafd9966fd6921c811c3a55f0a5f8b,2024,20240610,集客无线AP_QCA_MIPS
2024/20240610/集客无线AP_QCA_MIPS/JIKEAP_AP9344_M100_QCA934X_100M_8.0_2024060800.bin.rar,JIKEAP_AP9344_M100_QCA934X_100M_8.0_2024060800.bin.rar,6797599,f72a91ecaac5ef9a03b1c4f5295f416e,2024,20240610,集客无线AP_QCA_MIPS
2024/20240610/集客无线AP_QCA_MIPS/JIKEAP_AP9344_RTL_QCA934X_1000M_8.0_2024060800.bin.rar,JIKEAP_AP9344_RTL_QCA934X_1000M_8.0_2024060800.bin.rar,6797715,526ff2e35cf0f112ca4920f3708f0fc6,2024,20240610,集客无线AP_QCA_MIPS
2024/20240610/集客无线AP_QCA_MIPS/JIKEAP_AP941_QCA953X_100M_FREE_8.0_2024060800.bin.rar,JIKEAP_AP941_QCA953X_100M_FREE_8.0_2024060800.bin.rar,6796091,86b896f331becab2034f217773752ccf,2024,20240610,集客无线AP_QCA_MIPS
2024/20240610/集客无线AP_QCA_MIPS/JIKEAP_AP9558V_QCA955X_1000M_QCA9880_LEEEL_FREE_8.0_2024060800.bin.rar,JIKEAP_AP9558V_QCA955X_1000M_QCA9880_LEEEL_FREE_8.0_2024060800.bin.rar,7957287,607bc56ef8183ad57ddb87423f91be52,2024,20240610,集客无线AP_QCA_MIPS
2024/20240610/集客无线AP_QCA_MIPS/JIKEAP_AP9558_QCA955X_1000M_QCA9880_FREE_8.0_2024060800.bin.rar,JIKEAP_AP9558_QCA955X_1000M_QCA9880_FREE_8.0_2024060800.bin.rar,7957356,3bcdf1444948216e7279202e4b2c920b,2024,20240610,集客无线AP_QCA_MIPS
2024/20240610/集客无线AP_QCA_MIPS/JIKEAP_ARIMA2210_QCA934X_EPORT_8.0_2024060800.bin.rar,JIKEAP_ARIMA2210_QCA934X_EPORT_8.0_2024060800.bin.rar,6796424,c1bf222a0da207a1ac85669e09d5a698,2024,20240610,集客无线AP_QCA_MIPS
2024/20240610/集客无线AP_QCA_MIPS/JIKEAP_FX-2ac_FX2AC_QCA956X_8.0_2024060800.bin.rar,JIKEAP_FX-2ac_FX2AC_QCA956X_8.0_2024060800.bin.rar,7951004,3b6af815fb7d5df9bebfbbcab1a3b522,2024,20240610,集客无线AP_QCA_MIPS
2024/20240610/集客无线AP_QCA_MIPS/JIKEAP_MI100_QCA934X_100M_8.0_2024060800.bin.rar,JIKEAP_MI100_QCA934X_100M_8.0_2024060800.bin.rar,6796091,671c2b1501523632b45a17ff9a868b69,2024,20240610,集客无线AP_QCA_MIPS
2024/20240610/集客无线AP_QCA_MIPS/JIKEAP_WPJ563_QCA956X_1000M_QCA9880_8.0_2024060800.bin.rar,JIKEAP_WPJ563_QCA956X_1000M_QCA9880_8.0_2024060800.bin.rar,8309412,7c4f3fa68e33f41216d15b2c08b6ece7,2024,20240610,集客无线AP_QCA_MIPS
2024/20240610/集客无线AP_QCA_MIPS/JIKEAP_XD102_QCA953X_8.0_2024060800.bin.rar,JIKEAP_XD102_QCA953X_8.0_2024060800.bin.rar,6796328,483cf5d3424a680590d959d2fd1ad660,2024,20240610,集客无线AP_QCA_MIPS
2024/20240610/集客无线AP_QCA_MIPS/JIKEAP_XD1202G_QCA956X_8.0_2024060800.bin.rar,JIKEAP_XD1202G_QCA956X_8.0_2024060800.bin.rar,8046002,3c592d8a778f220eb9d78e551e5752eb,2024,20240610,集客无线AP_QCA_MIPS
2024/20240610/集客无线AP_QCA_MIPS/release_notes.txt,release_notes.txt,5872,08cf46955c1acc70c1935dfe6efcc48b,2024,20240610,集客无线AP_QCA_MIPS
2024/20240612/JIKEAP/JIKEAP_AP246ND_MT7621_K4_MT7603_MT7615N_LLEEL_EPORT_FREE_8.0_2024061200.bin,JIKEAP_AP246ND_MT7621_K4_MT7603_MT7615N_LLEEL_EPORT_FREE_8.0_2024061200.bin,8913135,7d0e65121a38aa6883fcba7b0af15192,2024,20240612,JIKEAP
2024/20240612/JIKEAP/JIKEAP_AP246NND_MT7621_K4_MT7603_MT7615N_LLEEL_EPORT_FREE_8.0_2024061200.bin,JIKEAP_AP246NND_MT7621_K4_MT7603_MT7615N_LLEEL_EPORT_FREE_8.0_2024061200.bin,8913136,768e6e5c4ace0c9e0b8ae9f3d52e3486,2024,20240612,JIKEAP
2024/20240612/JIKEAP/JIKEAP_AP250MD_MT7981_K5_NAND_UBI_AUTO_FREE_8.0_2024061200.bin,JIKEAP_AP250MD_MT7981_K5_NAND_UBI_AUTO_FREE_8.0_2024061200.bin,9431905,ffb7a4dd2808c5f36fd501c6db419685,2024,20240612,JIKEAP
2024/20240612/JIKEAP/JIKEAP_AX1800MI_IPQ60XX_1000M_WIFI6_FREE_8.0_2024061200.bin,JIKEAP_AX1800MI_IPQ60XX_1000M_WIFI6_FREE_8.0_2024061200.bin,13898394,37bf88546e046a82150a98aad60a3b30,2024,20240612,JIKEAP
2024/20240612/JIKEAP/JIKEAP_AXR3100_IPQ40XX_1000M_QCA9984_HT160_EPORT_FREE_8.0_2024061200.bin,JIKEAP_AXR3100_IPQ40XX_1000M_QCA9984_HT160_EPORT_FREE_8.0_2024061200.bin,14956338,c22ef436306e7c08436a61bdd7a6512d,2024,20240612,JIKEAP
2024/20240612/JIKEAP/JIKEAP_K2TS_QCA956X_1000M_QCA9886_FREE_8.0_2024061200.bin,JIKEAP_K2TS_QCA956X_1000M_QCA9886_FREE_8.0_2024061200.bin,8323146,df174e6c3af09aa66f42ee349f7ce4e2,2024,20240612,JIKEAP
2024/20240612/JIKEAP/JIKEAP_K2T_QCA956X_1000M_QCA9886_FREE_8.0_2024061200.bin,JIKEAP_K2T_QCA956X_1000M_QCA9886_FREE_8.0_2024061200.bin,8323146,4005e22df1bf66438f2d60217af4f072,2024,20240612,JIKEAP
2024/20240612/JIKEAP/JIKEAP_N3000V_IPQ50XX_NAND_EPORT_FREE_8.0_2024061200.bin,JIKEAP_N3000V_IPQ50XX_NAND_EPORT_FREE_8.0_2024061200.bin,14816294,01989bcc252d90e80b0d8bf40a7b2ad1,2024,20240612,JIKEAP
2024/20240612/JIKEAP/ubi-JIKEAP_AX1800MI.img,ubi-JIKEAP_AX1800MI.img,13893632,908a85d9fad0d2f1fa5a847f87a1fd87,2024,20240612,JIKEAP
2024/20240612/JIKEAP/ubi-JIKEAP_AXR3100.img,ubi-JIKEAP_AXR3100.img,14942208,2ae6802ffb21c9c8068c16b94ff62f07,2024,20240612,JIKEAP
2024/20240617/集客无线AP_MTK_ARM/JIKEAP_AP250_MT7981_K5_WIFI6_3000M_FREE_8.0_2024061700.bin.rar,JIKEAP_AP250_MT7981_K5_WIFI6_3000M_FREE_8.0_2024061700.bin.rar,9156608,39f1532929d6599cc830768ba210d9e9,2024,20240617,集客无线AP_MTK_ARM
2024/20240617/集客无线AP_MTK_ARM/JIKEAP_AX2030FM_MT7981_K5_8.0_2024061700.bin.rar,JIKEAP_AX2030FM_MT7981_K5_8.0_2024061700.bin.rar,9136268,2f725c7fb73ad0828ee3207d3fbe0ff8,2024,20240617,集客无线AP_MTK_ARM
2024/20240617/集客无线AP_MTK_ARM/JIKEAP_AX3000AMX_MT7981_K5_WIFI6_3000M_2_5G_8.0_2024061700.bin.rar,JIKEAP_AX3000AMX_MT7981_K5_WIFI6_3000M_2_5G_8.0_2024061700.bin.rar,9137695,b717703a56951b21df56b96181277e79,2024,20240617,集客无线AP_MTK_ARM
2024/20240617/集客无线AP_MTK_ARM/JIKEAP_AX3000AM_MT7981_K5_WIFI6_3000M_8.0_2024061700.bin.rar,JIKEAP_AX3000AM_MT7981_K5_WIFI6_3000M_8.0_2024061700.bin.rar,9150506,7546d2e0baefc12fd0b7edf34a5cda08,2024,20240617,集客无线AP_MTK_ARM
2024/20240617/集客无线AP_MTK_ARM/JIKEAP_AX3000F-GPON_AX3000FGPON_MT7981_K5_WIFI6_3000M_PON_8.0_2024061700.bin.rar,JIKEAP_AX3000F-GPON_AX3000FGPON_MT7981_K5_WIFI6_3000M_PON_8.0_2024061700.bin.rar,9151215,fdd0924ffd099b2936571276e6eff9cd,2024,20240617,集客无线AP_MTK_ARM
2024/20240617/集客无线AP_MTK_ARM/JIKEAP_AX3000FM_MT7981_K5_8.0_2024061700.bin.rar,JIKEAP_AX3000FM_MT7981_K5_8.0_2024061700.bin.rar,9137212,6c35d3b2f2bc95e165dafe31162ea5cd,2024,20240617,集客无线AP_MTK_ARM
2024/20240617/集客无线AP_MTK_ARM/JIKEAP_AX3000PM_MT7981_K5_WIFI6_3000M_PON_8.0_2024061700.bin.rar,JIKEAP_AX3000PM_MT7981_K5_WIFI6_3000M_PON_8.0_2024061700.bin.rar,9150620,94a83c6ed19356322746d977577fd237,2024,20240617,集客无线AP_MTK_ARM
2024/20240617/集客无线AP_MTK_ARM/JIKEAP_AX3025FMN_MT7981_K5_8.0_2024061700.bin.rar,JIKEAP_AX3025FMN_MT7981_K5_8.0_2024061700.bin.rar,9268427,254fdd914a399d9d2483ab80bc9b3305,2024,20240617,集客无线AP_MTK_ARM
2024/20240617/集客无线AP_MTK_ARM/JIKEAP_AX3025FM_MT7981_K5_8.0_2024061700.bin.rar,JIKEAP_AX3025FM_MT7981_K5_8.0_2024061700.bin.rar,9136567,e9496802868778f20e4eaabdbc6f5694,2024,20240617,集客无线AP_MTK_ARM
2024/20240617/集客无线AP_MTK_ARM/JIKEAP_FAPM3001_MT7981_K5_8.0_2024061700.bin.rar,JIKEAP_FAPM3001_MT7981_K5_8.0_2024061700.bin.rar,9136811,78869c0fedb0a789b7d9b7452c1003de,2024,20240617,集客无线AP_MTK_ARM
2024/20240617/集客无线AP_MTK_ARM/release_notes.txt,release_notes.txt,6572,9d835f5d5c018c0069639324a9239492,2024,20240617,集客无线AP_MTK_ARM
2024/20240617/集客无线AP_MTK_MIPS/JIKEAP_AP107IOT_MT7620_K4_EPORT_8.0_2024061700.bin.rar,JIKEAP_AP107IOT_MT7620_K4_EPORT_8.0_2024061700.bin.rar,6050000,326dcb35e5017e68afd04dad11c92c98,2024,20240617,集客无线AP_MTK_MIPS
2024/20240617/集客无线AP_MTK_MIPS/JIKEAP_AP110F_MT7628_K4_EPORT_8.0_2024061700.bin.rar,JIKEAP_AP110F_MT7628_K4_EPORT_8.0_2024061700.bin.rar,5169966,e29c7ca79b036dc6b0dd72c79d2b3b12,2024,20240617,集客无线AP_MTK_MIPS
2024/20240617/集客无线AP_MTK_MIPS/JIKEAP_AP118A_MT7628_K4_EPORT_8.0_2024061700.bin.rar,JIKEAP_AP118A_MT7628_K4_EPORT_8.0_2024061700.bin.rar,6763302,9b7c8de7eacf491df912616d9bb3fb02,2024,20240617,集客无线AP_MTK_MIPS
2024/20240617/集客无线AP_MTK_MIPS/JIKEAP_AP118F_AP118F0_MT7628_K4_EPORT_8.0_2024061700.bin.rar,JIKEAP_AP118F_AP118F0_MT7628_K4_EPORT_8.0_2024061700.bin.rar,6765424,a41538387759da8ac9ae173e21e15cb0,2024,20240617,集客无线AP_MTK_MIPS
2024/20240617/集客无线AP_MTK_MIPS/JIKEAP_AP118F_MT7628_K4_EPORT_8.0_2024061700.bin.rar,JIKEAP_AP118F_MT7628_K4_EPORT_8.0_2024061700.bin.rar,6763632,dccaa02f76ca0bcb8868fd09af69a3d9,2024,20240617,集客无线AP_MTK_MIPS
2024/20240617/集客无线AP_MTK_MIPS/JIKEAP_AP118Y_MT7628_K4_EPORT_8.0_2024061700.bin.rar,JIKEAP_AP118Y_MT7628_K4_EPORT_8.0_2024061700.bin.rar,6763758,3c318bd643732f2e737dd35045ebc66f,2024,20240617,集客无线AP_MTK_MIPS
2024/20240617/集客无线AP_MTK_MIPS/JIKEAP_AP210G_MT7620_K4_EPORT_8.0_2024061700.bin.rar,JIKEAP_AP210G_MT7620_K4_EPORT_8.0_2024061700.bin.rar,6816218,915c25a8eaabfef5948de8a0bc7d95f5,2024,20240617,集客无线AP_MTK_MIPS
2024/20240617/集客无线AP_MTK_MIPS/JIKEAP_AP212-L_AP212L_MT7621_K4_EPORT_8.0_2024061700.bin.rar,JIKEAP_AP212-L_AP212L_MT7621_K4_EPORT_8.0_2024061700.bin.rar,6316800,88258a0b1ea9accb0e863c83a1dbefc8,2024,20240617,集客无线AP_MTK_MIPS
2024/20240617/集客无线AP_MTK_MIPS/JIKEAP_AP212G_AP212G0_MT7621_K4_EPORT_8.0_2024061700.bin.rar,JIKEAP_AP212G_AP212G0_MT7621_K4_EPORT_8.0_2024061700.bin.rar,6316935,c998a745c69b1813763fe75670a5692d,2024,20240617,集客无线AP_MTK_MIPS
2024/20240617/集客无线AP_MTK_MIPS/JIKEAP_AP212G_MT7621_K4_EPORT_8.0_2024061700.bin.rar,JIKEAP_AP212G_MT7621_K4_EPORT_8.0_2024061700.bin.rar,6314815,1a16aca3b24908e3a0b710f02b47de12,2024,20240617,集客无线AP_MTK_MIPS
2024/20240617/集客无线AP_MTK_MIPS/JIKEAP_AP213G_MT7620_K4_EPORT_8.0_2024061700.bin.rar,JIKEAP_AP213G_MT7620_K4_EPORT_8.0_2024061700.bin.rar,6470231,fe1a60f4ee32ca3797eb9b4984ec0088,2024,20240617,集客无线AP_MTK_MIPS
2024/20240617/集客无线AP_MTK_MIPS/JIKEAP_AP216G_MT7621_K4_EPORT_8.0_2024061700.bin.rar,JIKEAP_AP216G_MT7621_K4_EPORT_8.0_2024061700.bin.rar,7291079,5e8cec62c7249ff7610bdb9e365e717d,2024,20240617,集客无线AP_MTK_MIPS
2024/20240617/集客无线AP_MTK_MIPS/JIKEAP_AP230EP_MT7620_K4_EPORT_FREE_8.0_2024061700.bin.rar,JIKEAP_AP230EP_MT7620_K4_EPORT_FREE_8.0_2024061700.bin.rar,7112127,da6269326fab042d0d89a27bdb739cca,2024,20240617,集客无线AP_MTK_MIPS
2024/20240617/集客无线AP_MTK_MIPS/JIKEAP_AP230G_MT7620_K4_RTL_EPORT_FREE_8.0_2024061700.bin.rar,JIKEAP_AP230G_MT7620_K4_RTL_EPORT_FREE_8.0_2024061700.bin.rar,7111794,a373c67ecd8953a136c2f4e115129e0c,2024,20240617,集客无线AP_MTK_MIPS
2024/20240617/集客无线AP_MTK_MIPS/JIKEAP_AP230IP_MT7620_K4_EPORT_FREE_8.0_2024061700.bin.rar,JIKEAP_AP230IP_MT7620_K4_EPORT_FREE_8.0_2024061700.bin.rar,7111542,1ae99ab6ccc515471744711902c7306f,2024,20240617,集客无线AP_MTK_MIPS
2024/20240617/集客无线AP_MTK_MIPS/JIKEAP_AP238AN_MT7628_K4_LEEEL_EPORT_FREE_8.0_2024061700.bin.rar,JIKEAP_AP238AN_MT7628_K4_LEEEL_EPORT_FREE_8.0_2024061700.bin.rar,7378440,867530bb6bcc2eb60747654f84d98c78,2024,20240617,集客无线AP_MTK_MIPS
2024/20240617/集客无线AP_MTK_MIPS/JIKEAP_AP238IOT_MT7628_K4_LEEEL_EPORT_FREE_8.0_2024061700.bin.rar,JIKEAP_AP238IOT_MT7628_K4_LEEEL_EPORT_FREE_8.0_2024061700.bin.rar,8202495,d38a4620f9a4879f433cfba81794ea21,2024,20240617,集客无线AP_MTK_MIPS
2024/20240617/集客无线AP_MTK_MIPS/JIKEAP_AP238MQ_MT7628_K4_LEEEL_EPORT_8.0_2024061700.bin.rar,JIKEAP_AP238MQ_MT7628_K4_LEEEL_EPORT_8.0_2024061700.bin.rar,7468205,82b3d7cc1de44a906576ac8c249bda7a,2024,20240617,集客无线AP_MTK_MIPS
2024/20240617/集客无线AP_MTK_MIPS/JIKEAP_AP240P_MT7621_K4_SWITCH_LEEEE_EPORT_FREE_8.0_2024061700.bin.rar,JIKEAP_AP240P_MT7621_K4_SWITCH_LEEEE_EPORT_FREE_8.0_2024061700.bin.rar,5271592,63f860605188ae6e35873b9c6c7ae94e,2024,20240617,集客无线AP_MTK_MIPS
2024/20240617/集客无线AP_MTK_MIPS/JIKEAP_AP240SFP_MT7621_K4_SWITCH_LEEEE_FREE_8.0_2024061700.bin.rar,JIKEAP_AP240SFP_MT7621_K4_SWITCH_LEEEE_FREE_8.0_2024061700.bin.rar,5276631,c2776896945ead06be3207887213a741,2024,20240617,集客无线AP_MTK_MIPS
2024/20240617/集客无线AP_MTK_MIPS/JIKEAP_AP242P_MT7621_K4_LLLLL_64M_FREE_8.0_2024061700.bin.rar,JIKEAP_AP242P_MT7621_K4_LLLLL_64M_FREE_8.0_2024061700.bin.rar,7636055,6f3697780a038c2cde956eb87c6c7c89,2024,20240617,集客无线AP_MTK_MIPS
2024/20240617/集客无线AP_MTK_MIPS/JIKEAP_AP246HI_MT7621_K4_1000_FREE_8.0_2024061700.bin.rar,JIKEAP_AP246HI_MT7621_K4_1000_FREE_8.0_2024061700.bin.rar,7864373,7ff6e0e04927f3085cbf29713e10bc0c,2024,20240617,集客无线AP_MTK_MIPS
2024/20240617/集客无线AP_MTK_MIPS/JIKEAP_AP246P_MT7621_K4_MT7603_MT7615N_FREE_8.0_2024061700.bin.rar,JIKEAP_AP246P_MT7621_K4_MT7603_MT7615N_FREE_8.0_2024061700.bin.rar,8676679,015ce9aa36aecb7f52ec811e827b0c48,2024,20240617,集客无线AP_MTK_MIPS
2024/20240617/集客无线AP_MTK_MIPS/JIKEAP_AP24_MT7621_K4_LEEEL_EPORT_FREE_8.0_2024061700.bin.rar,JIKEAP_AP24_MT7621_K4_LEEEL_EPORT_FREE_8.0_2024061700.bin.rar,7644485,60d1e527cf549b08fa176b5b1a35c020,2024,20240617,集客无线AP_MTK_MIPS
2024/20240617/集客无线AP_MTK_MIPS/JIKEAP_AP261F-H_AP261F-H0_MT7621_K4_8.0_2024061700.bin.rar,JIKEAP_AP261F-H_AP261F-H0_MT7621_K4_8.0_2024061700.bin.rar,6317802,02b27223b7385003c9dbe9c42161d520,2024,20240617,集客无线AP_MTK_MIPS
2024/20240617/集客无线AP_MTK_MIPS/JIKEAP_AP261F-H_MT7621_K4_8.0_2024061700.bin.rar,JIKEAP_AP261F-H_MT7621_K4_8.0_2024061700.bin.rar,6315920,b8371af670f75f3c893d314cad65759d,2024,20240617,集客无线AP_MTK_MIPS
2024/20240617/集客无线AP_MTK_MIPS/JIKEAP_AP601_MT7620_K4_LEEEE_EPORT_FREE_8.0_2024061700.bin.rar,JIKEAP_AP601_MT7620_K4_LEEEE_EPORT_FREE_8.0_2024061700.bin.rar,5228032,868363317c0805433c82391ee34bac47,2024,20240617,集客无线AP_MTK_MIPS
2024/20240617/集客无线AP_MTK_MIPS/JIKEAP_AX1800B_MT7621_K4_EPORT_8.0_2024061700.bin.rar,JIKEAP_AX1800B_MT7621_K4_EPORT_8.0_2024061700.bin.rar,6616496,b351a39bcb5de9d96150df49d6bf4645,2024,20240617,集客无线AP_MTK_MIPS
2024/20240617/集客无线AP_MTK_MIPS/JIKEAP_AX1800FM_AX1800FM0_MT7621_K4_8.0_2024061700.bin.rar,JIKEAP_AX1800FM_AX1800FM0_MT7621_K4_8.0_2024061700.bin.rar,6618150,14edf528d2f657e88b9452f7c3368dd0,2024,20240617,集客无线AP_MTK_MIPS
2024/20240617/集客无线AP_MTK_MIPS/JIKEAP_AX1800FM_MT7621_K4_8.0_2024061700.bin.rar,JIKEAP_AX1800FM_MT7621_K4_8.0_2024061700.bin.rar,6618670,b6a744d81d08f2be0ab9a75d9ca88f1e,2024,20240617,集客无线AP_MTK_MIPS
2024/20240617/集客无线AP_MTK_MIPS/JIKEAP_AX1800H_MT7621_K4_MT7915DN_WIFI6_NAND_FREE_8.0_2024061700.bin.rar,JIKEAP_AX1800H_MT7621_K4_MT7915DN_WIFI6_NAND_FREE_8.0_2024061700.bin.rar,6835815,35e6712a323378cbe68c55154ec9cf56,2024,20240617,集客无线AP_MTK_MIPS
2024/20240617/集客无线AP_MTK_MIPS/JIKEAP_AX1800IoT_AX1800IOT_MT7621_K4_8.0_2024061700.bin.rar,JIKEAP_AX1800IoT_AX1800IOT_MT7621_K4_8.0_2024061700.bin.rar,7442440,a57eaacd90847955107c4a0b87aa774e,2024,20240617,集客无线AP_MTK_MIPS
2024/20240617/集客无线AP_MTK_MIPS/JIKEAP_AX1800S_MT7621_K4_MT7915DN_WIFI6_8.0_2024061700.bin.rar,JIKEAP_AX1800S_MT7621_K4_MT7915DN_WIFI6_8.0_2024061700.bin.rar,6617355,4bdf4390da7bc0539528b6d5d99b78db,2024,20240617,集客无线AP_MTK_MIPS
2024/20240617/集客无线AP_MTK_MIPS/JIKEAP_AX2018-GPON_AX2018GP_MT7621_K4_EPORT_8.0_2024061700.bin.rar,JIKEAP_AX2018-GPON_AX2018GP_MT7621_K4_EPORT_8.0_2024061700.bin.rar,6616137,cc25712a9d464be552994204c7ddead6,2024,20240617,集客无线AP_MTK_MIPS
2024/20240617/集客无线AP_MTK_MIPS/JIKEAP_AX2020_MT7621_K4_EPORT_8.0_2024061700.bin.rar,JIKEAP_AX2020_MT7621_K4_EPORT_8.0_2024061700.bin.rar,6616329,bc507b105587aaf5af6a1b72cbe5db99,2024,20240617,集客无线AP_MTK_MIPS
2024/20240617/集客无线AP_MTK_MIPS/JIKEAP_AX2021_0AX2021_MT7621_K4_EPORT_8.0_2024061700.bin.rar,JIKEAP_AX2021_0AX2021_MT7621_K4_EPORT_8.0_2024061700.bin.rar,6619500,87fa0e567f9e19356eec202af91b222d,2024,20240617,集客无线AP_MTK_MIPS
2024/20240617/集客无线AP_MTK_MIPS/JIKEAP_AX2021_MT7621_K4_EPORT_8.0_2024061700.bin.rar,JIKEAP_AX2021_MT7621_K4_EPORT_8.0_2024061700.bin.rar,6619424,5a7886ac57a9643339b1f9313bcb07a5,2024,20240617,集客无线AP_MTK_MIPS
2024/20240617/集客无线AP_MTK_MIPS/JIKEAP_AX2022MQ_MT7621_K4_EPORT_8.0_2024061700.bin.rar,JIKEAP_AX2022MQ_MT7621_K4_EPORT_8.0_2024061700.bin.rar,6705982,1469e15d06ba969c90574f3e7b32b8f5,2024,20240617,集客无线AP_MTK_MIPS
2024/20240617/集客无线AP_MTK_MIPS/JIKEAP_AX2022_MT7621_K4_EPORT_8.0_2024061700.bin.rar,JIKEAP_AX2022_MT7621_K4_EPORT_8.0_2024061700.bin.rar,7442309,353e7689399b8fca21233685a4d7ec99,2024,20240617,集客无线AP_MTK_MIPS
2024/20240617/集客无线AP_MTK_MIPS/JIKEAP_PAK590055_MT7621_K4_EPORT_8.0_2024061700.bin.rar,JIKEAP_PAK590055_MT7621_K4_EPORT_8.0_2024061700.bin.rar,6317024,5a8f8304fb35e6081612b7d46379fc28,2024,20240617,集客无线AP_MTK_MIPS
2024/20240617/集客无线AP_MTK_MIPS/JIKEAP_XB1200G_MT7621_K4_EPORT_8.0_2024061700.bin.rar,JIKEAP_XB1200G_MT7621_K4_EPORT_8.0_2024061700.bin.rar,6314931,66f6984cd3bccaea0a242ed9c3231004,2024,20240617,集客无线AP_MTK_MIPS
2024/20240617/集客无线AP_MTK_MIPS/JIKEAP_XB8800_MT7620_K4_EPORT_8.0_2024061700.bin.rar,JIKEAP_XB8800_MT7620_K4_EPORT_8.0_2024061700.bin.rar,5228406,04f9dd7fdc9e566cae23ebad21d3d0a4,2024,20240617,集客无线AP_MTK_MIPS
2024/20240617/集客无线AP_MTK_MIPS/release_notes.txt,release_notes.txt,6572,9d835f5d5c018c0069639324a9239492,2024,20240617,集客无线AP_MTK_MIPS
2024/20240617/集客无线AP_QCA_ARM/JIKEAP_AC58U_IPQ40XX_1000M_IPQ4018_FREE_8.0_2024061700.bin.rar,JIKEAP_AC58U_IPQ40XX_1000M_IPQ4018_FREE_8.0_2024061700.bin.rar,12061765,67e8106a21e33df687e8979d65c7b000,2024,20240617,集客无线AP_QCA_ARM
2024/20240617/集客无线AP_QCA_ARM/JIKEAP_AC58U_IPQ40XX_8.0_2024061700_opboot.bin.rar,JIKEAP_AC58U_IPQ40XX_8.0_2024061700_opboot.bin.rar,12061484,f9bfebda3148292cf8b8cf5cdfa8ae9f,2024,20240617,集客无线AP_QCA_ARM
2024/20240617/集客无线AP_QCA_ARM/JIKEAP_ACRH17_IPQ40XX_1000M_QCA9984_HT160_EPORT_FREE_8.0_2024061700.bin.rar,JIKEAP_ACRH17_IPQ40XX_1000M_QCA9984_HT160_EPORT_FREE_8.0_2024061700.bin.rar,13968668,6fd225ac0c93d04e65811710789f5af7,2024,20240617,集客无线AP_QCA_ARM
2024/20240617/集客无线AP_QCA_ARM/JIKEAP_ACRH17_IPQ40XX_8.0_2024061700_opboot.bin.rar,JIKEAP_ACRH17_IPQ40XX_8.0_2024061700_opboot.bin.rar,13968646,c7fd08d84958e2a2b4905a494af42239,2024,20240617,集客无线AP_QCA_ARM
2024/20240617/集客无线AP_QCA_ARM/JIKEAP_AP118L_IPQ40XX_1000M_EPORT_8.0_2024061700.bin.rar,JIKEAP_AP118L_IPQ40XX_1000M_EPORT_8.0_2024061700.bin.rar,13716767,1f7c5d44a8df81c6d07c50511444f913,2024,20240617,集客无线AP_QCA_ARM
2024/20240617/集客无线AP_QCA_ARM/JIKEAP_AP268F-H_IPQ40XX_8.0_2024061700.bin.rar,JIKEAP_AP268F-H_IPQ40XX_8.0_2024061700.bin.rar,13864790,d7fef4c03c749a862937db7b7f49ed6a,2024,20240617,集客无线AP_QCA_ARM
2024/20240617/集客无线AP_QCA_ARM/JIKEAP_AP268F-IoT_AP268IOT_IPQ40XX_8.0_2024061700.bin.rar,JIKEAP_AP268F-IoT_AP268IOT_IPQ40XX_8.0_2024061700.bin.rar,13703184,dae5ff78de7ee0531f78dceb08207793,2024,20240617,集客无线AP_QCA_ARM
2024/20240617/集客无线AP_QCA_ARM/JIKEAP_AP269X-HG_IPQ40XX_1000M_8.0_2024061700.bin.rar,JIKEAP_AP269X-HG_IPQ40XX_1000M_8.0_2024061700.bin.rar,13716506,f3e740836f5f4d9c57bb5e9af26ebe1f,2024,20240617,集客无线AP_QCA_ARM
2024/20240617/集客无线AP_QCA_ARM/JIKEAP_AP285F-H_IPQ40XX_1000M_8.0_2024061700.bin.rar,JIKEAP_AP285F-H_IPQ40XX_1000M_8.0_2024061700.bin.rar,13718188,58cf1fc4fb71a99f90d373461144fb10,2024,20240617,集客无线AP_QCA_ARM
2024/20240617/集客无线AP_QCA_ARM/JIKEAP_AP285KY-H_IPQ40XX_8.0_2024061700.bin.rar,JIKEAP_AP285KY-H_IPQ40XX_8.0_2024061700.bin.rar,13612817,b34670a804b18a87f9a1444aa0ac12fe,2024,20240617,集客无线AP_QCA_ARM
2024/20240617/集客无线AP_QCA_ARM/JIKEAP_AP320F-H_IPQ40XX_1000M_3RADIO_8.0_2024061700.bin.rar,JIKEAP_AP320F-H_IPQ40XX_1000M_3RADIO_8.0_2024061700.bin.rar,13683889,f1c2bf4b3a04e555f88d4f757742dcf1,2024,20240617,集客无线AP_QCA_ARM
2024/20240617/集客无线AP_QCA_ARM/JIKEAP_AP320KY-H_IPQ40XX_8.0_2024061700.bin.rar,JIKEAP_AP320KY-H_IPQ40XX_8.0_2024061700.bin.rar,13800298,389771ce2fce7aea2d5e00252777070f,2024,20240617,集客无线AP_QCA_ARM
2024/20240617/集客无线AP_QCA_ARM/JIKEAP_AP320KYRUS_IPQ40XX_8.0_2024061700.bin.rar,JIKEAP_AP320KYRUS_IPQ40XX_8.0_2024061700.bin.rar,13800231,c464473510aa9ebe87163b61cbb7189e,2024,20240617,集客无线AP_QCA_ARM
2024/20240617/集客无线AP_QCA_ARM/JIKEAP_AP320Y-H_IPQ40XX_1000M_3RADIO_8.0_2024061700.bin.rar,JIKEAP_AP320Y-H_IPQ40XX_1000M_3RADIO_8.0_2024061700.bin.rar,13717899,69f5eb52aff6d1a78500861e2057f82f,2024,20240617,集客无线AP_QCA_ARM
2024/20240617/集客无线AP_QCA_ARM/JIKEAP_AP320YRUS_IPQ40XX_1000M_3RADIO_8.0_2024061700.bin.rar,JIKEAP_AP320YRUS_IPQ40XX_1000M_3RADIO_8.0_2024061700.bin.rar,13718352,98243c77cec7633bf1c19092a67561d0,2024,20240617,集客无线AP_QCA_ARM
2024/20240617/集客无线AP_QCA_ARM/JIKEAP_AP330F-H_IPQ40XX_1000M_3RADIO_HT160_8.0_2024061700.bin.rar,JIKEAP_AP330F-H_IPQ40XX_1000M_3RADIO_HT160_8.0_2024061700.bin.rar,13683765,435992231d6b5d881c43c8c006f4a811,2024,20240617,集客无线AP_QCA_ARM
2024/20240617/集客无线AP_QCA_ARM/JIKEAP_AP386X_IPQ40XX_1000M_3RADIO_8.0_2024061700.bin.rar,JIKEAP_AP386X_IPQ40XX_1000M_3RADIO_8.0_2024061700.bin.rar,13718230,72b93af4b3b3d7b45eb3f1d5f14f17be,2024,20240617,集客无线AP_QCA_ARM
2024/20240617/集客无线AP_QCA_ARM/JIKEAP_AX1800F_IPQ60XX_1000M_WIFI6_8.0_2024061700.bin.rar,JIKEAP_AX1800F_IPQ60XX_1000M_WIFI6_8.0_2024061700.bin.rar,12671025,105b1a069d95c03548635d3a3ae11166,2024,20240617,集客无线AP_QCA_ARM
2024/20240617/集客无线AP_QCA_ARM/JIKEAP_AX1800Y_IPQ60XX_8.0_2024061700.bin.rar,JIKEAP_AX1800Y_IPQ60XX_8.0_2024061700.bin.rar,12969374,3c98ae6f8139aae1da26d3447fa71986,2024,20240617,集客无线AP_QCA_ARM
2024/20240617/集客无线AP_QCA_ARM/JIKEAP_AX1801-MESH_AX1801MESH_IPQ60XX_8.0_2024061700.bin.rar,JIKEAP_AX1801-MESH_AX1801MESH_IPQ60XX_8.0_2024061700.bin.rar,15301368,7b312c7cc1ddc93ef92097145163190c,2024,20240617,集客无线AP_QCA_ARM
2024/20240617/集客无线AP_QCA_ARM/JIKEAP_AX2030A_IPQ50XX_EPORT_8.0_2024061700.bin.rar,JIKEAP_AX2030A_IPQ50XX_EPORT_8.0_2024061700.bin.rar,13679818,12365d7ca87bd3b4c57218f4357710dd,2024,20240617,集客无线AP_QCA_ARM
2024/20240617/集客无线AP_QCA_ARM/JIKEAP_AX2034W_IPQ50XX_EPORT_8.0_2024061700.bin.rar,JIKEAP_AX2034W_IPQ50XX_EPORT_8.0_2024061700.bin.rar,14186189,9a11c3b0ec49bd4f412ffc7137ccdd89,2024,20240617,集客无线AP_QCA_ARM
2024/20240617/集客无线AP_QCA_ARM/JIKEAP_AX2180_IPQ60XX_1000M_WIFI6_8.0_2024061700.bin.rar,JIKEAP_AX2180_IPQ60XX_1000M_WIFI6_8.0_2024061700.bin.rar,15076666,27b72516c1386df675a37f438faff813,2024,20240617,集客无线AP_QCA_ARM
2024/20240617/集客无线AP_QCA_ARM/JIKEAP_AX3000F-SFP_AX3000FX_IPQ50XX_SFP_8.0_2024061700.bin.rar,JIKEAP_AX3000F-SFP_AX3000FX_IPQ50XX_SFP_8.0_2024061700.bin.rar,14178739,44c3be2cb574eb340cabc85975ead1c3,2024,20240617,集客无线AP_QCA_ARM
2024/20240617/集客无线AP_QCA_ARM/JIKEAP_AX3000FY_IPQ50XX_8.0_2024061700.bin.rar,JIKEAP_AX3000FY_IPQ50XX_8.0_2024061700.bin.rar,14164694,e19e6a816051c8fe321abeb48e48d260,2024,20240617,集客无线AP_QCA_ARM
2024/20240617/集客无线AP_QCA_ARM/JIKEAP_AX3000F_IPQ50XX_8.0_2024061700.bin.rar,JIKEAP_AX3000F_IPQ50XX_8.0_2024061700.bin.rar,14164069,ca7a21dd9a661c8849b35874ef777cd9,2024,20240617,集客无线AP_QCA_ARM
2024/20240617/集客无线AP_QCA_ARM/JIKEAP_AX3000X_IPQ50XX_8.0_2024061700.bin.rar,JIKEAP_AX3000X_IPQ50XX_8.0_2024061700.bin.rar,13948219,134e92a6c8d76e57e022e45bfc650a08,2024,20240617,集客无线AP_QCA_ARM
2024/20240617/集客无线AP_QCA_ARM/JIKEAP_AX3001-MESH_AX3001MESH_IPQ50XX_8.0_2024061700.bin.rar,JIKEAP_AX3001-MESH_AX3001MESH_IPQ50XX_8.0_2024061700.bin.rar,16119019,c6027e9a5cf5d4283ae383c84769d6bc,2024,20240617,集客无线AP_QCA_ARM
2024/20240617/集客无线AP_QCA_ARM/JIKEAP_AX3025Y_IPQ807X_2500M_WIFI6_HT160_8.0_2024061700.bin.rar,JIKEAP_AX3025Y_IPQ807X_2500M_WIFI6_HT160_8.0_2024061700.bin.rar,15862434,48450ff3e03f28135aec5c9e8e3da343,2024,20240617,集客无线AP_QCA_ARM
2024/20240617/集客无线AP_QCA_ARM/JIKEAP_AX3050KY_IPQ807X_5000M_WIFI6_HT160_8.0_2024061700.bin.rar,JIKEAP_AX3050KY_IPQ807X_5000M_WIFI6_HT160_8.0_2024061700.bin.rar,13546847,8a54f5064f03c832c8f2b9b7cb8d9d9b,2024,20240617,集客无线AP_QCA_ARM
2024/20240617/集客无线AP_QCA_ARM/JIKEAP_AX5400KY_IPQ50XX_8.0_2024061700.bin.rar,JIKEAP_AX5400KY_IPQ50XX_8.0_2024061700.bin.rar,14405405,4758957bb4502ac692a5e72c399a485d,2024,20240617,集客无线AP_QCA_ARM
2024/20240617/集客无线AP_QCA_ARM/JIKEAP_AX5425Y-3-RU_AX5425Y3RU_IPQ50XX_8.0_2024061700.bin.rar,JIKEAP_AX5425Y-3-RU_AX5425Y3RU_IPQ50XX_8.0_2024061700.bin.rar,14192151,8698244b95d5edf9971c5c2d4689556c,2024,20240617,集客无线AP_QCA_ARM
2024/20240617/集客无线AP_QCA_ARM/JIKEAP_AX5RM_IPQ60XX_1000M_WIFI6_FREE_8.0_2024061700.bin.rar,JIKEAP_AX5RM_IPQ60XX_1000M_WIFI6_FREE_8.0_2024061700.bin.rar,12841639,ac86b2d7f9457a26450dc67a8961bf49,2024,20240617,集客无线AP_QCA_ARM
2024/20240617/集客无线AP_QCA_ARM/JIKEAP_AX8180X_IPQ60XX_8.0_2024061700.bin.rar,JIKEAP_AX8180X_IPQ60XX_8.0_2024061700.bin.rar,12985884,7c30e8f7fff9bfb72887dee74ce6964b,2024,20240617,集客无线AP_QCA_ARM
2024/20240617/集客无线AP_QCA_ARM/JIKEAP_AX8180Y_IPQ60XX_8.0_2024061700.bin.rar,JIKEAP_AX8180Y_IPQ60XX_8.0_2024061700.bin.rar,13121689,91dbfcd3a239980c539c7f13b34f32e2,2024,20240617,集客无线AP_QCA_ARM
2024/20240617/集客无线AP_QCA_ARM/JIKEAP_AX8300A-SFP_AX8300ASFP_IPQ50XX_8.0_2024061700.bin.rar,JIKEAP_AX8300A-SFP_AX8300ASFP_IPQ50XX_8.0_2024061700.bin.rar,14173364,4e76c3dea7a539c52a08d01eb30e3907,2024,20240617,集客无线AP_QCA_ARM
2024/20240617/集客无线AP_QCA_ARM/JIKEAP_AX8300A-SFP_IPQ50XX_8.0_2024061700.bin.rar,JIKEAP_AX8300A-SFP_IPQ50XX_8.0_2024061700.bin.rar,14167584,0c1cb9ba3362746fbefe9cf3774cdcdc,2024,20240617,集客无线AP_QCA_ARM
2024/20240617/集客无线AP_QCA_ARM/JIKEAP_AX8301L_IPQ50XX_8.0_2024061700.bin.rar,JIKEAP_AX8301L_IPQ50XX_8.0_2024061700.bin.rar,14165916,43a8eee96d5e389d1307469e24f16617,2024,20240617,集客无线AP_QCA_ARM
2024/20240617/集客无线AP_QCA_ARM/JIKEAP_AX8325Q-SFP_AX8325QF0_IPQ50XX_SFP_8.0_2024061700.bin.rar,JIKEAP_AX8325Q-SFP_AX8325QF0_IPQ50XX_SFP_8.0_2024061700.bin.rar,16143380,d7d56c66c9f40c79e45bf51af878b3e6,2024,20240617,集客无线AP_QCA_ARM
2024/20240617/集客无线AP_QCA_ARM/JIKEAP_AX8325Q-SFP_AX8325QF_IPQ50XX_SFP_8.0_2024061700.bin.rar,JIKEAP_AX8325Q-SFP_AX8325QF_IPQ50XX_SFP_8.0_2024061700.bin.rar,16143443,3edc4ec7ed293e7b5fdf488f696c83dc,2024,20240617,集客无线AP_QCA_ARM
2024/20240617/集客无线AP_QCA_ARM/JIKEAP_AX8540Q-3_AX8540Q0_IPQ50XX_SFP_8.0_2024061700.bin.rar,JIKEAP_AX8540Q-3_AX8540Q0_IPQ50XX_SFP_8.0_2024061700.bin.rar,14198180,8387d846c78e8feb731b61a3122f1245,2024,20240617,集客无线AP_QCA_ARM
2024/20240617/集客无线AP_QCA_ARM/JIKEAP_AX8540Q-3_AX8540Q_IPQ50XX_SFP_8.0_2024061700.bin.rar,JIKEAP_AX8540Q-3_AX8540Q_IPQ50XX_SFP_8.0_2024061700.bin.rar,14200136,e932d2b7f2adb87d6b71b4325c0d85a1,2024,20240617,集客无线AP_QCA_ARM
2024/20240617/集客无线AP_QCA_ARM/JIKEAP_B3000_IPQ50XX_AR8033_NOR32_EPORT_FREE_8.0_2024061700.bin.rar,JIKEAP_B3000_IPQ50XX_AR8033_NOR32_EPORT_FREE_8.0_2024061700.bin.rar,13323227,e1439849a87668d31a692ce4270905cd,2024,20240617,集客无线AP_QCA_ARM
2024/20240617/集客无线AP_QCA_ARM/JIKEAP_CM520_IPQ40XX_1000M_NAND_EPORT_FREE_8.0_2024061700.bin.rar,JIKEAP_CM520_IPQ40XX_1000M_NAND_EPORT_FREE_8.0_2024061700.bin.rar,13990301,569b5959d16bd8113b5a3529f56e8750,2024,20240617,集客无线AP_QCA_ARM
2024/20240617/集客无线AP_QCA_ARM/JIKEAP_CM520_IPQ40XX_8.0_2024061700_opboot.bin.rar,JIKEAP_CM520_IPQ40XX_8.0_2024061700_opboot.bin.rar,13986005,d6468861e9200710f0d5290ed93fed5d,2024,20240617,集客无线AP_QCA_ARM
2024/20240617/集客无线AP_QCA_ARM/JIKEAP_EA1303_IPQ50XX_8.0_2024061700.bin.rar,JIKEAP_EA1303_IPQ50XX_8.0_2024061700.bin.rar,14397792,d8448e6bc4f3e24583fad644090498b9,2024,20240617,集客无线AP_QCA_ARM
2024/20240617/集客无线AP_QCA_ARM/JIKEAP_HM1800_IPQ60XX_1000M_WIFI6_8.0_2024061700.bin.rar,JIKEAP_HM1800_IPQ60XX_1000M_WIFI6_8.0_2024061700.bin.rar,13033746,d234da64a0f565c6833b02f5a2879fdb,2024,20240617,集客无线AP_QCA_ARM
2024/20240617/集客无线AP_QCA_ARM/JIKEAP_N3000_IPQ50XX_NAND_FREE_8.0_2024061700.bin.rar,JIKEAP_N3000_IPQ50XX_NAND_FREE_8.0_2024061700.bin.rar,13588311,216ec493a29369a7f907fe5b761c6a8e,2024,20240617,集客无线AP_QCA_ARM
2024/20240617/集客无线AP_QCA_ARM/JIKEAP_WIA3600_IPQ50XX_QCA8337_NAND_8.0_2024061700.bin.rar,JIKEAP_WIA3600_IPQ50XX_QCA8337_NAND_8.0_2024061700.bin.rar,13665480,eeb7af1ce340b3fe83465248198ab310,2024,20240617,集客无线AP_QCA_ARM
2024/20240617/集客无线AP_QCA_ARM/JIKEAP_WP963_IPQ50XX_AR8033_NOR16_EPORT_8.0_2024061700.bin.rar,JIKEAP_WP963_IPQ50XX_AR8033_NOR16_EPORT_8.0_2024061700.bin.rar,12968041,93cab6609ec624468b34d08c8fadc362,2024,20240617,集客无线AP_QCA_ARM
2024/20240617/集客无线AP_QCA_ARM/JIKEAP_WP973_IPQ50XX_NAND_8.0_2024061700.bin.rar,JIKEAP_WP973_IPQ50XX_NAND_8.0_2024061700.bin.rar,14166537,4bb8804057a0f2961ebbba970a24b5ac,2024,20240617,集客无线AP_QCA_ARM
2024/20240617/集客无线AP_QCA_ARM/JIKEAP_WP973_V0_IPQ50XX_NOR_NAND_8.0_2024061700.bin.rar,JIKEAP_WP973_V0_IPQ50XX_NOR_NAND_8.0_2024061700.bin.rar,14166540,6d837c99815e41619cca04e26a72f73f,2024,20240617,集客无线AP_QCA_ARM
2024/20240617/集客无线AP_QCA_ARM/release_notes.txt,release_notes.txt,5872,08cf46955c1acc70c1935dfe6efcc48b,2024,20240617,集客无线AP_QCA_ARM
2024/20240617/集客无线AP_QCA_ARM/ubi-JIKEAP_AC58U.img,ubi-JIKEAP_AC58U.img,12845056,91a6f233adcf1238c4df4dd6ae17ef89,2024,20240617,集客无线AP_QCA_ARM
2024/20240617/集客无线AP_QCA_ARM/ubi-JIKEAP_ACRH17.img,ubi-JIKEAP_ACRH17.img,14942208,fa645d8bbc5285daa7eca4830ffe8abe,2024,20240617,集客无线AP_QCA_ARM
2024/20240617/集客无线AP_QCA_ARM/ubi-JIKEAP_AX5RM.img,ubi-JIKEAP_AX5RM.img,13893632,9c8e4b5098c34d92ce4e08ff6a0162c0,2024,20240617,集客无线AP_QCA_ARM
2024/20240617/集客无线AP_QCA_ARM/ubi-JIKEAP_CM520.img,ubi-JIKEAP_CM520.img,14942208,b48eb9fd99d184f2dcecae7c20eadc7f,2024,20240617,集客无线AP_QCA_ARM
2024/20240617/集客无线AP_QCA_ARM/ubi-JIKEAP_N3000.img,ubi-JIKEAP_N3000.img,14811136,723eacce6ae4f8fb7d6f14ffa41dead3,2024,20240617,集客无线AP_QCA_ARM
2024/20240617/集客无线AP_QCA_MIPS/JIKEAP_AP0141_QCA934X_1000M_8.0_2024061700.bin.rar,JIKEAP_AP0141_QCA934X_1000M_8.0_2024061700.bin.rar,6792752,1ca340c31fbbfde5220d828166595cce,2024,20240617,集客无线AP_QCA_MIPS
2024/20240617/集客无线AP_QCA_MIPS/JIKEAP_AP110T_QCA933X_100M_EPORT_FREE_8.0_2024061700.bin.rar,JIKEAP_AP110T_QCA933X_100M_EPORT_FREE_8.0_2024061700.bin.rar,6792017,d8c9d1df3f93b4fcdc29003858e48e81,2024,20240617,集客无线AP_QCA_MIPS
2024/20240617/集客无线AP_QCA_MIPS/JIKEAP_AP112F_QCA953X_100M_16M_EPORT_8.0_2024061700.bin.rar,JIKEAP_AP112F_QCA953X_100M_16M_EPORT_8.0_2024061700.bin.rar,6793947,de5f56a94a7f42b8b1aa9899d457e2b9,2024,20240617,集客无线AP_QCA_MIPS
2024/20240617/集客无线AP_QCA_MIPS/JIKEAP_AP112Fv2_AP112FV2_QCA953X_100M_8M_EPORT_8.0_2024061700.bin.rar,JIKEAP_AP112Fv2_AP112FV2_QCA953X_100M_8M_EPORT_8.0_2024061700.bin.rar,6792846,849445deb3b2a7430e67889e84eccf7c,2024,20240617,集客无线AP_QCA_MIPS
2024/20240617/集客无线AP_QCA_MIPS/JIKEAP_AP112J_QCA953X_100M_EPORT_8.0_2024061700.bin.rar,JIKEAP_AP112J_QCA953X_100M_EPORT_8.0_2024061700.bin.rar,6794117,4c6e7a8756813e6ebc84fec119be6679,2024,20240617,集客无线AP_QCA_MIPS
2024/20240617/集客无线AP_QCA_MIPS/JIKEAP_AP112Q_QCA934X_100M_EPORT_8.0_2024061700.bin.rar,JIKEAP_AP112Q_QCA934X_100M_EPORT_8.0_2024061700.bin.rar,6793034,f09e68d0e739ded3a76bd9edce7d49a9,2024,20240617,集客无线AP_QCA_MIPS
2024/20240617/集客无线AP_QCA_MIPS/JIKEAP_AP112T_QCA953X_100M_EPORT_8.0_2024061700.bin.rar,JIKEAP_AP112T_QCA953X_100M_EPORT_8.0_2024061700.bin.rar,6792628,443b4cb24f56e5a8e0a78a8c360b3845,2024,20240617,集客无线AP_QCA_MIPS
2024/20240617/集客无线AP_QCA_MIPS/JIKEAP_AP112Y_QCA953X_100M_EPORT_8.0_2024061700.bin.rar,JIKEAP_AP112Y_QCA953X_100M_EPORT_8.0_2024061700.bin.rar,6793994,d2660259ba752bc1269326dfabbdd7f1,2024,20240617,集客无线AP_QCA_MIPS
2024/20240617/集客无线AP_QCA_MIPS/JIKEAP_AP116F_QCA953X_100M_QCA9887_EPORT_8.0_2024061700.bin.rar,JIKEAP_AP116F_QCA953X_100M_QCA9887_EPORT_8.0_2024061700.bin.rar,7153499,b3c506703298a37d5674a9a67039895e,2024,20240617,集客无线AP_QCA_MIPS
2024/20240617/集客无线AP_QCA_MIPS/JIKEAP_AP116Q_QCA953X_100M_QCA9887_EPORT_8.0_2024061700.bin.rar,JIKEAP_AP116Q_QCA953X_100M_QCA9887_EPORT_8.0_2024061700.bin.rar,7153577,f08162d7c1d704bd59f320bec870bc26,2024,20240617,集客无线AP_QCA_MIPS
2024/20240617/集客无线AP_QCA_MIPS/JIKEAP_AP117Q_QCA956X_1000M_QCA9882_8.0_2024061700.bin.rar,JIKEAP_AP117Q_QCA956X_1000M_QCA9882_8.0_2024061700.bin.rar,7953353,ae5e021bc8f3d786a990670f387b77ac,2024,20240617,集客无线AP_QCA_MIPS
2024/20240617/集客无线AP_QCA_MIPS/JIKEAP_AP120_QCA934X_1000M_FREE_8.0_2024061700.bin.rar,JIKEAP_AP120_QCA934X_1000M_FREE_8.0_2024061700.bin.rar,7169847,8115110df5d35dad305aa40e86846f69,2024,20240617,集客无线AP_QCA_MIPS
2024/20240617/集客无线AP_QCA_MIPS/JIKEAP_AP126F_QCA953X_100M_8M_8.0_2024061700.bin.rar,JIKEAP_AP126F_QCA953X_100M_8M_8.0_2024061700.bin.rar,6792678,065b5f7bfaf472258196106fc097c501,2024,20240617,集客无线AP_QCA_MIPS
2024/20240617/集客无线AP_QCA_MIPS/JIKEAP_AP130F-H_QCA953X_100M_8.0_2024061700.bin.rar,JIKEAP_AP130F-H_QCA953X_100M_8.0_2024061700.bin.rar,6795766,4f995c3aa1ee6a1b82bbe55d346bcd0d,2024,20240617,集客无线AP_QCA_MIPS
2024/20240617/集客无线AP_QCA_MIPS/JIKEAP_AP130T_QCA934X_100M_AR9341_8.0_2024061700.bin.rar,JIKEAP_AP130T_QCA934X_100M_AR9341_8.0_2024061700.bin.rar,6792454,4f1606bedcface71ec4b0aa0fb27909f,2024,20240617,集客无线AP_QCA_MIPS
2024/20240617/集客无线AP_QCA_MIPS/JIKEAP_AP135T-H_QCA953X_100M_AR9341_8.0_2024061700.bin.rar,JIKEAP_AP135T-H_QCA953X_100M_AR9341_8.0_2024061700.bin.rar,6792575,3ec8d0e4b045477bebc7c245b0cc9ca6,2024,20240617,集客无线AP_QCA_MIPS
2024/20240617/集客无线AP_QCA_MIPS/JIKEAP_AP136Y-H_QCA953X_100M_8.0_2024061700.bin.rar,JIKEAP_AP136Y-H_QCA953X_100M_8.0_2024061700.bin.rar,6794127,caae863c45e097d8918672ac596b05f2,2024,20240617,集客无线AP_QCA_MIPS
2024/20240617/集客无线AP_QCA_MIPS/JIKEAP_AP147_QCA953X_100M_QCA9887_FREE_8.0_2024061700.bin.rar,JIKEAP_AP147_QCA953X_100M_QCA9887_FREE_8.0_2024061700.bin.rar,7930736,883495945d60dbfd5bd2ced612004833,2024,20240617,集客无线AP_QCA_MIPS
2024/20240617/集客无线AP_QCA_MIPS/JIKEAP_AP153Y-H_QCA953X_8.0_2024061700.bin.rar,JIKEAP_AP153Y-H_QCA953X_8.0_2024061700.bin.rar,6794143,bce699474297c5ee87da152162767917,2024,20240617,集客无线AP_QCA_MIPS
2024/20240617/集客无线AP_QCA_MIPS/JIKEAP_AP185W_QCA934X_8.0_2024061700.bin.rar,JIKEAP_AP185W_QCA934X_8.0_2024061700.bin.rar,6792690,18f5a02d0086ca1bf9b8e1eb1154be0e,2024,20240617,集客无线AP_QCA_MIPS
2024/20240617/集客无线AP_QCA_MIPS/JIKEAP_AP220G_AP220G_QCA956X_1000M_QCA9886_8.0_2024061700.bin.rar,JIKEAP_AP220G_AP220G_QCA956X_1000M_QCA9886_8.0_2024061700.bin.rar,8042019,d2268a7407711d946f68d92e6f5b3da4,2024,20240617,集客无线AP_QCA_MIPS
2024/20240617/集客无线AP_QCA_MIPS/JIKEAP_AP222G_QCA956X_8.0_2024061700.bin.rar,JIKEAP_AP222G_QCA956X_8.0_2024061700.bin.rar,8042414,4cad6144a6687b7db26a03f25060aa8c,2024,20240617,集客无线AP_QCA_MIPS
2024/20240617/集客无线AP_QCA_MIPS/JIKEAP_AP223G_AP223G_QCA956X_1000M_QCA9886_8.0_2024061700.bin.rar,JIKEAP_AP223G_AP223G_QCA956X_1000M_QCA9886_8.0_2024061700.bin.rar,8019162,d1676d3dc371d425b8cb6577028dfa40,2024,20240617,集客无线AP_QCA_MIPS
2024/20240617/集客无线AP_QCA_MIPS/JIKEAP_AP260F-H_QCA953X_100M_QCA9887_8.0_2024061700.bin.rar,JIKEAP_AP260F-H_QCA953X_100M_QCA9887_8.0_2024061700.bin.rar,7155089,ed06e804674a2be3c2db00ba0bd25250,2024,20240617,集客无线AP_QCA_MIPS
2024/20240617/集客无线AP_QCA_MIPS/JIKEAP_AP260T-H_QCA953X_100M_AR9X82_8.0_2024061700.bin.rar,JIKEAP_AP260T-H_QCA953X_100M_AR9X82_8.0_2024061700.bin.rar,6794043,ba507f2a7e820007131046eedbf50ae8,2024,20240617,集客无线AP_QCA_MIPS
2024/20240617/集客无线AP_QCA_MIPS/JIKEAP_AP261Y-H_QCA953X_100M_QCA9887_8.0_2024061700.bin.rar,JIKEAP_AP261Y-H_QCA953X_100M_QCA9887_8.0_2024061700.bin.rar,7153696,23487761ad4ba35410fc90f0b02150f7,2024,20240617,集客无线AP_QCA_MIPS
2024/20240617/集客无线AP_QCA_MIPS/JIKEAP_AP262Y-H_QCA956X_1000M_QCA9882_8.0_2024061700.bin.rar,JIKEAP_AP262Y-H_QCA956X_1000M_QCA9882_8.0_2024061700.bin.rar,7953181,27f2683c32595175c5b7ffddaf1256ce,2024,20240617,集客无线AP_QCA_MIPS
2024/20240617/集客无线AP_QCA_MIPS/JIKEAP_AP263YS_QCA956X_1000M_QCA9880_8.0_2024061700.bin.rar,JIKEAP_AP263YS_QCA956X_1000M_QCA9880_8.0_2024061700.bin.rar,8305652,dc06016c1cb1fe9e2c1391391dcaa68d,2024,20240617,集客无线AP_QCA_MIPS
2024/20240617/集客无线AP_QCA_MIPS/JIKEAP_AP266G-H_QCA955X_1000M_QCA9880_8.0_2024061700.bin.rar,JIKEAP_AP266G-H_QCA955X_1000M_QCA9880_8.0_2024061700.bin.rar,7952237,765e8292d5753f87248f44068bef77cf,2024,20240617,集客无线AP_QCA_MIPS
2024/20240617/集客无线AP_QCA_MIPS/JIKEAP_AP267F-H_QCA956X_1000M_QCA9886_8.0_2024061700.bin.rar,JIKEAP_AP267F-H_QCA956X_1000M_QCA9886_8.0_2024061700.bin.rar,8041888,16e935d160ff7289488981c55661743b,2024,20240617,集客无线AP_QCA_MIPS
2024/20240617/集客无线AP_QCA_MIPS/JIKEAP_AP267F-Hv2_AP267F-HV2_QCA956X_1000M_QCA9886_8.0_2024061700.bin.rar,JIKEAP_AP267F-Hv2_AP267F-HV2_QCA956X_1000M_QCA9886_8.0_2024061700.bin.rar,8041992,93606033f467967e07dc93f0ba96e22c,2024,20240617,集客无线AP_QCA_MIPS
2024/20240617/集客无线AP_QCA_MIPS/JIKEAP_AP267KY-H_QCA956X_1000M_QCA9886_8.0_2024061700.bin.rar,JIKEAP_AP267KY-H_QCA956X_1000M_QCA9886_8.0_2024061700.bin.rar,8041924,e0a1e5ab7beec8da8738242def69df3e,2024,20240617,集客无线AP_QCA_MIPS
2024/20240617/集客无线AP_QCA_MIPS/JIKEAP_AP280F-H_QCA953X_100M_QCA9887_8.0_2024061700.bin.rar,JIKEAP_AP280F-H_QCA953X_100M_QCA9887_8.0_2024061700.bin.rar,7155122,5d34f1e58983551be2184cf24a1fde2c,2024,20240617,集客无线AP_QCA_MIPS
2024/20240617/集客无线AP_QCA_MIPS/JIKEAP_AP280Y-H_QCA953X_8.0_2024061700.bin.rar,JIKEAP_AP280Y-H_QCA953X_8.0_2024061700.bin.rar,7153676,5f4e39931e4ecb7c545057cdbcda228e,2024,20240617,集客无线AP_QCA_MIPS
2024/20240617/集客无线AP_QCA_MIPS/JIKEAP_AP281Y-H_AP281YV2_QCA956X_8.0_2024061700.bin.rar,JIKEAP_AP281Y-H_AP281YV2_QCA956X_8.0_2024061700.bin.rar,8042185,2c7e824e131f192663b587331972d497,2024,20240617,集客无线AP_QCA_MIPS
2024/20240617/集客无线AP_QCA_MIPS/JIKEAP_AP281Y-H_QCA956X_8.0_2024061700.bin.rar,JIKEAP_AP281Y-H_QCA956X_8.0_2024061700.bin.rar,8044950,4acec47b6ec27fc5dfd0a3e14b10cf89,2024,20240617,集客无线AP_QCA_MIPS
2024/20240617/集客无线AP_QCA_MIPS/JIKEAP_AP282T-H_QCA956X_8.0_2024061700.bin.rar,JIKEAP_AP282T-H_QCA956X_8.0_2024061700.bin.rar,8825874,8d48be85be2f3dbb2c098689fe414bdc,2024,20240617,集客无线AP_QCA_MIPS
2024/20240617/集客无线AP_QCA_MIPS/JIKEAP_AP283Y-H_QCA956X_8.0_2024061700.bin.rar,JIKEAP_AP283Y-H_QCA956X_8.0_2024061700.bin.rar,7953156,b12981845983eef6d02afd957aabf686,2024,20240617,集客无线AP_QCA_MIPS
2024/20240617/集客无线AP_QCA_MIPS/JIKEAP_AP284Y-H_QCA956X_8.0_2024061700.bin.rar,JIKEAP_AP284Y-H_QCA956X_8.0_2024061700.bin.rar,8042054,e3dd01e7df9364a60013aa1f79525ea4,2024,20240617,集客无线AP_QCA_MIPS
2024/20240617/集客无线AP_QCA_MIPS/JIKEAP_AP3513NA_QCA934X_8.0_2024061700.bin.rar,JIKEAP_AP3513NA_QCA934X_8.0_2024061700.bin.rar,6792529,0cffcacad9f80e4b60cb48fcf2660862,2024,20240617,集客无线AP_QCA_MIPS
2024/20240617/集客无线AP_QCA_MIPS/JIKEAP_AP49_QCA953X_8.0_2024061700.bin.rar,JIKEAP_AP49_QCA953X_8.0_2024061700.bin.rar,7197432,37da3a1ce03ba9f77c16ecb0dc763d9e,2024,20240617,集客无线AP_QCA_MIPS
2024/20240617/集客无线AP_QCA_MIPS/JIKEAP_AP630_QCA953X_100M_EPORT_8.0_2024061700.bin.rar,JIKEAP_AP630_QCA953X_100M_EPORT_8.0_2024061700.bin.rar,6794076,d425f5be9a1172d78c4e2c7a5b2a8398,2024,20240617,集客无线AP_QCA_MIPS
2024/20240617/集客无线AP_QCA_MIPS/JIKEAP_AP630v2_AP630V2_QCA953X_100M_EPORT_8.0_2024061700.bin.rar,JIKEAP_AP630v2_AP630V2_QCA953X_100M_EPORT_8.0_2024061700.bin.rar,6792745,4ac7f2fe32428fe6a00e6a32281bf96b,2024,20240617,集客无线AP_QCA_MIPS
2024/20240617/集客无线AP_QCA_MIPS/JIKEAP_AP675_QCA953X_100M_EPORT_8.0_2024061700.bin.rar,JIKEAP_AP675_QCA953X_100M_EPORT_8.0_2024061700.bin.rar,7153464,d9f1a4576975a6ca28e45cf2c92023d2,2024,20240617,集客无线AP_QCA_MIPS
2024/20240617/集客无线AP_QCA_MIPS/JIKEAP_AP830H_QCA953X_100M_8.0_2024061700.bin.rar,JIKEAP_AP830H_QCA953X_100M_8.0_2024061700.bin.rar,6795581,e6fb54b3f1515c6ebd775a98863f1733,2024,20240617,集客无线AP_QCA_MIPS
2024/20240617/集客无线AP_QCA_MIPS/JIKEAP_AP875H_QCA953X_100M_QCA9887_8.0_2024061700.bin.rar,JIKEAP_AP875H_QCA953X_100M_QCA9887_8.0_2024061700.bin.rar,7155031,7c97fc83f3f23c247ec5d8d03cabc1d3,2024,20240617,集客无线AP_QCA_MIPS
2024/20240617/集客无线AP_QCA_MIPS/JIKEAP_AP9344_35P0_AP9344P0_QCA934X_1000M_8.0_2024061700.bin.rar,JIKEAP_AP9344_35P0_AP9344P0_QCA934X_1000M_8.0_2024061700.bin.rar,6793857,6bb807643afa9077b506166fdcb85d42,2024,20240617,集客无线AP_QCA_MIPS
2024/20240617/集客无线AP_QCA_MIPS/JIKEAP_AP9344_35P4_AP9344P4_QCA934X_1000M_8.0_2024061700.bin.rar,JIKEAP_AP9344_35P4_AP9344P4_QCA934X_1000M_8.0_2024061700.bin.rar,6793759,cc622c1858b2153e01a4c1694e60c8f2,2024,20240617,集客无线AP_QCA_MIPS
2024/20240617/集客无线AP_QCA_MIPS/JIKEAP_AP9344_8327_QCA934X_1000M_8.0_2024061700.bin.rar,JIKEAP_AP9344_8327_QCA934X_1000M_8.0_2024061700.bin.rar,6792517,e28e9b9bfbcd16cfa25c771ce78425e8,2024,20240617,集客无线AP_QCA_MIPS
2024/20240617/集客无线AP_QCA_MIPS/JIKEAP_AP9344_M100_QCA934X_100M_8.0_2024061700.bin.rar,JIKEAP_AP9344_M100_QCA934X_100M_8.0_2024061700.bin.rar,6794019,10f0bb00a513564f70e42cbb23d5dd2d,2024,20240617,集客无线AP_QCA_MIPS
2024/20240617/集客无线AP_QCA_MIPS/JIKEAP_AP9344_RTL_QCA934X_1000M_8.0_2024061700.bin.rar,JIKEAP_AP9344_RTL_QCA934X_1000M_8.0_2024061700.bin.rar,6793910,56f00862ef03ca5c471b56f6d298bef5,2024,20240617,集客无线AP_QCA_MIPS
2024/20240617/集客无线AP_QCA_MIPS/JIKEAP_AP941_QCA953X_100M_FREE_8.0_2024061700.bin.rar,JIKEAP_AP941_QCA953X_100M_FREE_8.0_2024061700.bin.rar,6792449,ae40ae114a8204981404b89ea7a3c028,2024,20240617,集客无线AP_QCA_MIPS
2024/20240617/集客无线AP_QCA_MIPS/JIKEAP_AP9558V_QCA955X_1000M_QCA9880_LEEEL_FREE_8.0_2024061700.bin.rar,JIKEAP_AP9558V_QCA955X_1000M_QCA9880_LEEEL_FREE_8.0_2024061700.bin.rar,7953392,91559052669860b1046a7e37dc04538c,2024,20240617,集客无线AP_QCA_MIPS
2024/20240617/集客无线AP_QCA_MIPS/JIKEAP_AP9558_QCA955X_1000M_QCA9880_FREE_8.0_2024061700.bin.rar,JIKEAP_AP9558_QCA955X_1000M_QCA9880_FREE_8.0_2024061700.bin.rar,7953299,2ede6a89efe6f727a93ca8b2f6e1cc7b,2024,20240617,集客无线AP_QCA_MIPS
2024/20240617/集客无线AP_QCA_MIPS/JIKEAP_ARIMA2210_QCA934X_EPORT_8.0_2024061700.bin.rar,JIKEAP_ARIMA2210_QCA934X_EPORT_8.0_2024061700.bin.rar,6792598,83fe081ea028e5babe8271ca7df1ea99,2024,20240617,集客无线AP_QCA_MIPS
2024/20240617/集客无线AP_QCA_MIPS/JIKEAP_FX-2ac_FX2AC_QCA956X_8.0_2024061700.bin.rar,JIKEAP_FX-2ac_FX2AC_QCA956X_8.0_2024061700.bin.rar,7947582,f332a38f32a700e78f0a28dc61601680,2024,20240617,集客无线AP_QCA_MIPS
2024/20240617/集客无线AP_QCA_MIPS/JIKEAP_MI100_QCA934X_100M_8.0_2024061700.bin.rar,JIKEAP_MI100_QCA934X_100M_8.0_2024061700.bin.rar,6792515,bc55745cafbcbd2f78078ba46ce6c7c0,2024,20240617,集客无线AP_QCA_MIPS
2024/20240617/集客无线AP_QCA_MIPS/JIKEAP_WPJ563_QCA956X_1000M_QCA9880_8.0_2024061700.bin.rar,JIKEAP_WPJ563_QCA956X_1000M_QCA9880_8.0_2024061700.bin.rar,8305800,42d4aeafec72661cf3499816d0bcb93c,2024,20240617,集客无线AP_QCA_MIPS
2024/20240617/集客无线AP_QCA_MIPS/JIKEAP_XD102_QCA953X_8.0_2024061700.bin.rar,JIKEAP_XD102_QCA953X_8.0_2024061700.bin.rar,6792791,c0c262cb8dfb876b24df3a3c9c26ffb1,2024,20240617,集客无线AP_QCA_MIPS
2024/20240617/集客无线AP_QCA_MIPS/JIKEAP_XD1202G_QCA956X_8.0_2024061700.bin.rar,JIKEAP_XD1202G_QCA956X_8.0_2024061700.bin.rar,8042297,20bffc8ff53fa763c777e0e751829b1b,2024,20240617,集客无线AP_QCA_MIPS
2024/20240726/JIKEAP/JIKEAP_AP245P_MT7621_K4_MT7615DN_LEEEL_EPORT_8.0_2024072600.bin,JIKEAP_AP245P_MT7621_K4_MT7615DN_LEEEL_EPORT_8.0_2024072600.bin,6684910,0f13a3ef6dcb254935b3f05fbef8b260,2024,20240726,JIKEAP
2024/20240726/JIKEAP/JIKEAP_AP246ND_MT7621_K4_MT7603_MT7615N_LLEEL_EPORT_8.0_2024072600.bin,JIKEAP_AP246ND_MT7621_K4_MT7603_MT7615N_LLEEL_EPORT_8.0_2024072600.bin,8913135,6e1baa8cc9c3e474278bae8ddfdc08d2,2024,20240726,JIKEAP
2024/20240726/JIKEAP/JIKEAP_AP246NND_MT7621_K4_MT7603_MT7615N_LLEEL_EPORT_8.0_2024072600.bin,JIKEAP_AP246NND_MT7621_K4_MT7603_MT7615N_LLEEL_EPORT_8.0_2024072600.bin,8913136,5396286538016c575133104619d7af5f,2024,20240726,JIKEAP
2024/20240726/JIKEAP/JIKEAP_AP250MD_MT7981_K5_NAND_UBI_AUTO_8.0_2024072600.bin,JIKEAP_AP250MD_MT7981_K5_NAND_UBI_AUTO_8.0_2024072600.bin,9319265,f26f12eabf10635dbebdbf58b385d808,2024,20240726,JIKEAP
2024/20240726/JIKEAP/JIKEAP_AP250MD_MT7981_K5_NAND_UBI_AUTO_8.0_2024080100.bin,JIKEAP_AP250MD_MT7981_K5_NAND_UBI_AUTO_8.0_2024080100.bin,9309025,8b8c9ea86e617f2bdd4602342dba7712,2024,20240726,JIKEAP
2024/20240726/JIKEAP/JIKEAP_AP941_QCA953X_100M_8.0_2024072600.bin,JIKEAP_AP941_QCA953X_100M_8.0_2024072600.bin,6815818,3a84e7d449200adea9fa1d2112ec84a9,2024,20240726,JIKEAP
2024/20240726/JIKEAP/JIKEAP_AX1800MI_IPQ60XX_1000M_WIFI6_8.0_2024072600.bin,JIKEAP_AX1800MI_IPQ60XX_1000M_WIFI6_8.0_2024072600.bin,13898394,42a53550c02841f36bdd592ed858ece5,2024,20240726,JIKEAP
2024/20240726/JIKEAP/JIKEAP_AXR3100_IPQ40XX_1000M_QCA9984_HT160_EPORT_8.0_2024072600.bin,JIKEAP_AXR3100_IPQ40XX_1000M_QCA9984_HT160_EPORT_8.0_2024072600.bin,14956338,3030776474aeed2b1091f3ae1124ddcc,2024,20240726,JIKEAP
2024/20240726/JIKEAP/JIKEAP_K2TS_QCA956X_1000M_QCA9886_8.0_2024072600.bin,JIKEAP_K2TS_QCA956X_1000M_QCA9886_8.0_2024072600.bin,8323146,ed54af6ef1aaa326a3a2c590839bbe02,2024,20240726,JIKEAP
2024/20240726/JIKEAP/JIKEAP_K2T_QCA956X_1000M_QCA9886_8.0_2024072600.bin,JIKEAP_K2T_QCA956X_1000M_QCA9886_8.0_2024072600.bin,8323146,c2abba3ea428d0fe1e8e4e4d67f60125,2024,20240726,JIKEAP
2024/20240726/JIKEAP/JIKEAP_N3000V_IPQ50XX_NAND_EPORT_8.0_2024072600.bin,JIKEAP_N3000V_IPQ50XX_NAND_EPORT_8.0_2024072600.bin,14816294,3b568110ffaa922afd2a210f6af89c6f,2024,20240726,JIKEAP
2024/20240726/JIKEAP/ubi-JIKEAP_AX1800MI.img,ubi-JIKEAP_AX1800MI.img,13893632,07f0e8d5b39e5ed035171128f2b276f0,2024,20240726,JIKEAP
2024/20240726/JIKEAP/ubi-JIKEAP_AXR3100.img,ubi-JIKEAP_AXR3100.img,14942208,e96ede1ef780175d3219e48e72384bbc,2024,20240726,JIKEAP
2024/20240726/集客无线AP_MTK_ARM/JIKEAP_AP250_MT7981_K5_WIFI6_3000M_8.0_2024072600.bin.rar,JIKEAP_AP250_MT7981_K5_WIFI6_3000M_8.0_2024072600.bin.rar,9178610,870010d01269358ee641ad4360a98e18,2024,20240726,集客无线AP_MTK_ARM
2024/20240726/集客无线AP_MTK_ARM/JIKEAP_AX2030FM_MT7981_K5_8.0_2024072600.bin.rar,JIKEAP_AX2030FM_MT7981_K5_8.0_2024072600.bin.rar,9159873,8c366e53c921a80a806c22310f3e6131,2024,20240726,集客无线AP_MTK_ARM
2024/20240726/集客无线AP_MTK_ARM/JIKEAP_AX3000AMX_MT7981_K5_WIFI6_3000M_2_5G_8.0_2024072600.bin.rar,JIKEAP_AX3000AMX_MT7981_K5_WIFI6_3000M_2_5G_8.0_2024072600.bin.rar,9159221,d2428a16b0c6370f3cddf0b55b8860fd,2024,20240726,集客无线AP_MTK_ARM
2024/20240726/集客无线AP_MTK_ARM/JIKEAP_AX3000AM_MT7981_K5_WIFI6_3000M_8.0_2024072600.bin.rar,JIKEAP_AX3000AM_MT7981_K5_WIFI6_3000M_8.0_2024072600.bin.rar,9173506,aa9eb1dd448217915f130f1989778918,2024,20240726,集客无线AP_MTK_ARM
2024/20240726/集客无线AP_MTK_ARM/JIKEAP_AX3000F-GPON_AX3000FGPON_MT7981_K5_WIFI6_3000M_PON_8.0_2024072600.bin.rar,JIKEAP_AX3000F-GPON_AX3000FGPON_MT7981_K5_WIFI6_3000M_PON_8.0_2024072600.bin.rar,9173432,e98af252a8a82362176806b31fd856f6,2024,20240726,集客无线AP_MTK_ARM
2024/20240726/集客无线AP_MTK_ARM/JIKEAP_AX3000FM_MT7981_K5_8.0_2024072600.bin.rar,JIKEAP_AX3000FM_MT7981_K5_8.0_2024072600.bin.rar,9159266,e2e999176610846698ec49fbd2ff1781,2024,20240726,集客无线AP_MTK_ARM
2024/20240726/集客无线AP_MTK_ARM/JIKEAP_AX3000PM_MT7981_K5_WIFI6_3000M_PON_8.0_2024072600.bin.rar,JIKEAP_AX3000PM_MT7981_K5_WIFI6_3000M_PON_8.0_2024072600.bin.rar,9173236,ae4d9f811b3e1728910ee1024e65082d,2024,20240726,集客无线AP_MTK_ARM
2024/20240726/集客无线AP_MTK_ARM/JIKEAP_AX3025FMN_MT7981_K5_8.0_2024072600.bin.rar,JIKEAP_AX3025FMN_MT7981_K5_8.0_2024072600.bin.rar,9290886,29250280bdef0226327a7a9194000cc5,2024,20240726,集客无线AP_MTK_ARM
2024/20240726/集客无线AP_MTK_ARM/JIKEAP_AX3025FM_MT7981_K5_8.0_2024072600.bin.rar,JIKEAP_AX3025FM_MT7981_K5_8.0_2024072600.bin.rar,9159665,b8c01742b964ffd0c62a029de6457a3e,2024,20240726,集客无线AP_MTK_ARM
2024/20240726/集客无线AP_MTK_ARM/JIKEAP_FAPM3001_MT7981_K5_8.0_2024072600.bin.rar,JIKEAP_FAPM3001_MT7981_K5_8.0_2024072600.bin.rar,9159615,679b04471af7745881d066a640781f8c,2024,20240726,集客无线AP_MTK_ARM
2024/20240726/集客无线AP_MTK_ARM/release_notes.txt,release_notes.txt,4403,5ad0ebb562bece17224da22d0fd744f6,2024,20240726,集客无线AP_MTK_ARM
2024/20240726/集客无线AP_MTK_MIPS/JIKEAP_AP107IOT_MT7620_K4_EPORT_8.0_2024072600.bin.rar,JIKEAP_AP107IOT_MT7620_K4_EPORT_8.0_2024072600.bin.rar,6061791,612b2960e11824cb2123aeae0fc55f5a,2024,20240726,集客无线AP_MTK_MIPS
2024/20240726/集客无线AP_MTK_MIPS/JIKEAP_AP110F_MT7628_K4_EPORT_8.0_2024072600.bin.rar,JIKEAP_AP110F_MT7628_K4_EPORT_8.0_2024072600.bin.rar,5182599,98f72a259871e366acce7f011f79921a,2024,20240726,集客无线AP_MTK_MIPS
2024/20240726/集客无线AP_MTK_MIPS/JIKEAP_AP118A_MT7628_K4_EPORT_8.0_2024072600.bin.rar,JIKEAP_AP118A_MT7628_K4_EPORT_8.0_2024072600.bin.rar,6775858,1decdbf5e809785175a6233f420fc82c,2024,20240726,集客无线AP_MTK_MIPS
2024/20240726/集客无线AP_MTK_MIPS/JIKEAP_AP118F_AP118F0_MT7628_K4_EPORT_8.0_2024072600.bin.rar,JIKEAP_AP118F_AP118F0_MT7628_K4_EPORT_8.0_2024072600.bin.rar,6775935,a28cf96171baf0524a1ea511c11c4d0c,2024,20240726,集客无线AP_MTK_MIPS
2024/20240726/集客无线AP_MTK_MIPS/JIKEAP_AP118F_MT7628_K4_EPORT_8.0_2024072600.bin.rar,JIKEAP_AP118F_MT7628_K4_EPORT_8.0_2024072600.bin.rar,6776374,c78960128236fe5e6f9b24fbb019306f,2024,20240726,集客无线AP_MTK_MIPS
2024/20240726/集客无线AP_MTK_MIPS/JIKEAP_AP118Y_MT7628_K4_EPORT_8.0_2024072600.bin.rar,JIKEAP_AP118Y_MT7628_K4_EPORT_8.0_2024072600.bin.rar,6776249,091874fa478baa41949c87af639dd24c,2024,20240726,集客无线AP_MTK_MIPS
2024/20240726/集客无线AP_MTK_MIPS/JIKEAP_AP210G_MT7620_K4_EPORT_8.0_2024072600.bin.rar,JIKEAP_AP210G_MT7620_K4_EPORT_8.0_2024072600.bin.rar,6834413,2767f3b26b4638f4d52ac813841ef8d1,2024,20240726,集客无线AP_MTK_MIPS
2024/20240726/集客无线AP_MTK_MIPS/JIKEAP_AP212-L_AP212L_MT7621_K4_EPORT_8.0_2024072600.bin.rar,JIKEAP_AP212-L_AP212L_MT7621_K4_EPORT_8.0_2024072600.bin.rar,6327059,cf2f2029a1bb4346831e23e4e1426f20,2024,20240726,集客无线AP_MTK_MIPS
2024/20240726/集客无线AP_MTK_MIPS/JIKEAP_AP212G_AP212G0_MT7621_K4_EPORT_8.0_2024072600.bin.rar,JIKEAP_AP212G_AP212G0_MT7621_K4_EPORT_8.0_2024072600.bin.rar,6326926,d3a70f3c2ce1ec272598851df462f8ba,2024,20240726,集客无线AP_MTK_MIPS
2024/20240726/集客无线AP_MTK_MIPS/JIKEAP_AP212G_MT7621_K4_EPORT_8.0_2024072600.bin.rar,JIKEAP_AP212G_MT7621_K4_EPORT_8.0_2024072600.bin.rar,6327785,d519c75a11e0077a5b42e09ca524575d,2024,20240726,集客无线AP_MTK_MIPS
2024/20240726/集客无线AP_MTK_MIPS/JIKEAP_AP213G_MT7620_K4_EPORT_8.0_2024072600.bin.rar,JIKEAP_AP213G_MT7620_K4_EPORT_8.0_2024072600.bin.rar,6483023,27cbef484bcf1394b31a193f3cf1a219,2024,20240726,集客无线AP_MTK_MIPS
2024/20240726/集客无线AP_MTK_MIPS/JIKEAP_AP216G_MT7621_K4_EPORT_8.0_2024072600.bin.rar,JIKEAP_AP216G_MT7621_K4_EPORT_8.0_2024072600.bin.rar,7303952,99b73cb15a38dd7ba5f292a99c0bc7b6,2024,20240726,集客无线AP_MTK_MIPS
2024/20240726/集客无线AP_MTK_MIPS/JIKEAP_AP230EP_MT7620_K4_EPORT_8.0_2024072600.bin.rar,JIKEAP_AP230EP_MT7620_K4_EPORT_8.0_2024072600.bin.rar,7124900,cebd64f257fdc6809bccbeccbcfaef63,2024,20240726,集客无线AP_MTK_MIPS
2024/20240726/集客无线AP_MTK_MIPS/JIKEAP_AP230G_MT7620_K4_RTL_EPORT_8.0_2024072600.bin.rar,JIKEAP_AP230G_MT7620_K4_RTL_EPORT_8.0_2024072600.bin.rar,7124563,68740cbfe91888e7512a9bdaa9fec917,2024,20240726,集客无线AP_MTK_MIPS
2024/20240726/集客无线AP_MTK_MIPS/JIKEAP_AP230IP_MT7620_K4_EPORT_8.0_2024072600.bin.rar,JIKEAP_AP230IP_MT7620_K4_EPORT_8.0_2024072600.bin.rar,7124297,d28a402de335c8949184a573f90387d3,2024,20240726,集客无线AP_MTK_MIPS
2024/20240726/集客无线AP_MTK_MIPS/JIKEAP_AP238AN_MT7628_K4_LEEEL_EPORT_8.0_2024072600.bin.rar,JIKEAP_AP238AN_MT7628_K4_LEEEL_EPORT_8.0_2024072600.bin.rar,7391341,1a5a1e2c02879a8979a65b6d5cf6d45b,2024,20240726,集客无线AP_MTK_MIPS
2024/20240726/集客无线AP_MTK_MIPS/JIKEAP_AP238IOT_MT7628_K4_LEEEL_EPORT_8.0_2024072600.bin.rar,JIKEAP_AP238IOT_MT7628_K4_LEEEL_EPORT_8.0_2024072600.bin.rar,8213922,1bb2663343acb89f568d039d503dc5fb,2024,20240726,集客无线AP_MTK_MIPS
2024/20240726/集客无线AP_MTK_MIPS/JIKEAP_AP238MQ_MT7628_K4_LEEEL_EPORT_8.0_2024072600.bin.rar,JIKEAP_AP238MQ_MT7628_K4_LEEEL_EPORT_8.0_2024072600.bin.rar,7480330,b4d7cec32c3e3bda80482abe7b203e4e,2024,20240726,集客无线AP_MTK_MIPS
2024/20240726/集客无线AP_MTK_MIPS/JIKEAP_AP240P_MT7621_K4_SWITCH_LEEEE_EPORT_8.0_2024072600.bin.rar,JIKEAP_AP240P_MT7621_K4_SWITCH_LEEEE_EPORT_8.0_2024072600.bin.rar,5283925,437fe016b2ff1ccd7ad62cc2331d55c6,2024,20240726,集客无线AP_MTK_MIPS
2024/20240726/集客无线AP_MTK_MIPS/JIKEAP_AP240SFP_MT7621_K4_SWITCH_LEEEE_8.0_2024072600.bin.rar,JIKEAP_AP240SFP_MT7621_K4_SWITCH_LEEEE_8.0_2024072600.bin.rar,5289349,553310469978023a480b0f748a207b34,2024,20240726,集客无线AP_MTK_MIPS
2024/20240726/集客无线AP_MTK_MIPS/JIKEAP_AP242P_MT7621_K4_LLLLL_64M_8.0_2024072600.bin.rar,JIKEAP_AP242P_MT7621_K4_LLLLL_64M_8.0_2024072600.bin.rar,7649245,790f157ae4234a737db2c295b2c9805a,2024,20240726,集客无线AP_MTK_MIPS
2024/20240726/集客无线AP_MTK_MIPS/JIKEAP_AP246HI_MT7621_K4_1000_8.0_2024072600.bin.rar,JIKEAP_AP246HI_MT7621_K4_1000_8.0_2024072600.bin.rar,7877102,ee656a5d0c3a9a9475531d421077a10d,2024,20240726,集客无线AP_MTK_MIPS
2024/20240726/集客无线AP_MTK_MIPS/JIKEAP_AP246P_MT7621_K4_MT7603_MT7615N_8.0_2024072600.bin.rar,JIKEAP_AP246P_MT7621_K4_MT7603_MT7615N_8.0_2024072600.bin.rar,8689685,e669bf1d7610f176d4cdb897a823d7bc,2024,20240726,集客无线AP_MTK_MIPS
2024/20240726/集客无线AP_MTK_MIPS/JIKEAP_AP24_MT7621_K4_LEEEL_EPORT_8.0_2024072600.bin.rar,JIKEAP_AP24_MT7621_K4_LEEEL_EPORT_8.0_2024072600.bin.rar,7657253,ca498e6b13129a73ffe53963f4be1c41,2024,20240726,集客无线AP_MTK_MIPS
2024/20240726/集客无线AP_MTK_MIPS/JIKEAP_AP261F-H_AP261F-H0_MT7621_K4_8.0_2024072600.bin.rar,JIKEAP_AP261F-H_AP261F-H0_MT7621_K4_8.0_2024072600.bin.rar,6327919,9c56d1083cde239253af65bf1d6a1f4d,2024,20240726,集客无线AP_MTK_MIPS
2024/20240726/集客无线AP_MTK_MIPS/JIKEAP_AP261F-H_MT7621_K4_8.0_2024072600.bin.rar,JIKEAP_AP261F-H_MT7621_K4_8.0_2024072600.bin.rar,6328505,4952b8ad7c931e83e8532debf59e1577,2024,20240726,集客无线AP_MTK_MIPS
2024/20240726/集客无线AP_MTK_MIPS/JIKEAP_AP601_MT7620_K4_LEEEE_EPORT_8.0_2024072600.bin.rar,JIKEAP_AP601_MT7620_K4_LEEEE_EPORT_8.0_2024072600.bin.rar,5240585,b6f57a0c93b22003d9a3e1b0425fe19b,2024,20240726,集客无线AP_MTK_MIPS
2024/20240726/集客无线AP_MTK_MIPS/JIKEAP_AX1800B_MT7621_K4_EPORT_8.0_2024072600.bin.rar,JIKEAP_AX1800B_MT7621_K4_EPORT_8.0_2024072600.bin.rar,6629515,cae3c6a7f018e62b4d03902f2fd35a7b,2024,20240726,集客无线AP_MTK_MIPS
2024/20240726/集客无线AP_MTK_MIPS/JIKEAP_AX1800FM_AX1800FM0_MT7621_K4_8.0_2024072600.bin.rar,JIKEAP_AX1800FM_AX1800FM0_MT7621_K4_8.0_2024072600.bin.rar,6628647,93afa043e7f25cdf04b16ae645e53cd0,2024,20240726,集客无线AP_MTK_MIPS
2024/20240726/集客无线AP_MTK_MIPS/JIKEAP_AX1800FM_MT7621_K4_8.0_2024072600.bin.rar,JIKEAP_AX1800FM_MT7621_K4_8.0_2024072600.bin.rar,6631230,76e8cd7e0b2638d1cc3d9ad0ecb39a80,2024,20240726,集客无线AP_MTK_MIPS
2024/20240726/集客无线AP_MTK_MIPS/JIKEAP_AX1800H_MT7621_K4_MT7915DN_WIFI6_NAND_8.0_2024072600.bin.rar,JIKEAP_AX1800H_MT7621_K4_MT7915DN_WIFI6_NAND_8.0_2024072600.bin.rar,6848698,c99bd43d0a3c646034062bab1ea502a0,2024,20240726,集客无线AP_MTK_MIPS
2024/20240726/集客无线AP_MTK_MIPS/JIKEAP_AX1800IoT_AX1800IOT_MT7621_K4_8.0_2024072600.bin.rar,JIKEAP_AX1800IoT_AX1800IOT_MT7621_K4_8.0_2024072600.bin.rar,7454063,a2f996e0ee9563b2f3e75a15e4f4392c,2024,20240726,集客无线AP_MTK_MIPS
2024/20240726/集客无线AP_MTK_MIPS/JIKEAP_AX1800S_MT7621_K4_MT7915DN_WIFI6_8.0_2024072600.bin.rar,JIKEAP_AX1800S_MT7621_K4_MT7915DN_WIFI6_8.0_2024072600.bin.rar,6629084,1436b63b122cc305ee047656db35a716,2024,20240726,集客无线AP_MTK_MIPS
2024/20240726/集客无线AP_MTK_MIPS/JIKEAP_AX2018-GPON_AX2018GP_MT7621_K4_EPORT_8.0_2024072600.bin.rar,JIKEAP_AX2018-GPON_AX2018GP_MT7621_K4_EPORT_8.0_2024072600.bin.rar,6629245,24fc7b7612056353aa4149a65323f153,2024,20240726,集客无线AP_MTK_MIPS
2024/20240726/集客无线AP_MTK_MIPS/JIKEAP_AX2020_MT7621_K4_EPORT_8.0_2024072600.bin.rar,JIKEAP_AX2020_MT7621_K4_EPORT_8.0_2024072600.bin.rar,6629222,c65710eb683ce2a7e1370c3ebc35dc6b,2024,20240726,集客无线AP_MTK_MIPS
2024/20240726/集客无线AP_MTK_MIPS/JIKEAP_AX2021_0AX2021_MT7621_K4_EPORT_8.0_2024072600.bin.rar,JIKEAP_AX2021_0AX2021_MT7621_K4_EPORT_8.0_2024072600.bin.rar,6629210,3d41b26e8ad7082c2ccb6e1e598866d6,2024,20240726,集客无线AP_MTK_MIPS
2024/20240726/集客无线AP_MTK_MIPS/JIKEAP_AX2021_MT7621_K4_EPORT_8.0_2024072600.bin.rar,JIKEAP_AX2021_MT7621_K4_EPORT_8.0_2024072600.bin.rar,6631810,bdcb0f02fcbf5309ed182ecec55bd4c2,2024,20240726,集客无线AP_MTK_MIPS
2024/20240726/集客无线AP_MTK_MIPS/JIKEAP_AX2022MQ_MT7621_K4_EPORT_8.0_2024072600.bin.rar,JIKEAP_AX2022MQ_MT7621_K4_EPORT_8.0_2024072600.bin.rar,6717572,adb8d7a917d7f571579dc7744431e886,2024,20240726,集客无线AP_MTK_MIPS
2024/20240726/集客无线AP_MTK_MIPS/JIKEAP_AX2022_MT7621_K4_EPORT_8.0_2024072600.bin.rar,JIKEAP_AX2022_MT7621_K4_EPORT_8.0_2024072600.bin.rar,7453649,9497713bcaac611766a06d1f6707402e,2024,20240726,集客无线AP_MTK_MIPS
2024/20240726/集客无线AP_MTK_MIPS/JIKEAP_PAK590055_MT7621_K4_EPORT_8.0_2024072600.bin.rar,JIKEAP_PAK590055_MT7621_K4_EPORT_8.0_2024072600.bin.rar,6327212,530b712697fcc261865240c7339c69da,2024,20240726,集客无线AP_MTK_MIPS
2024/20240726/集客无线AP_MTK_MIPS/JIKEAP_XB1200G_MT7621_K4_EPORT_8.0_2024072600.bin.rar,JIKEAP_XB1200G_MT7621_K4_EPORT_8.0_2024072600.bin.rar,6327983,ff67417da8ecd8565a4d8912c4790704,2024,20240726,集客无线AP_MTK_MIPS
2024/20240726/集客无线AP_MTK_MIPS/JIKEAP_XB8800_MT7620_K4_EPORT_8.0_2024072600.bin.rar,JIKEAP_XB8800_MT7620_K4_EPORT_8.0_2024072600.bin.rar,5241279,30e88dd0c3b9c4402617ea811217cfcc,2024,20240726,集客无线AP_MTK_MIPS
2024/20240726/集客无线AP_MTK_MIPS/release_notes.txt,release_notes.txt,4403,5ad0ebb562bece17224da22d0fd744f6,2024,20240726,集客无线AP_MTK_MIPS
2024/20240726/集客无线AP_QCA_ARM/JIKEAP_AC58U_IPQ40XX_1000M_IPQ4018_8.0_2024072600.bin.rar,JIKEAP_AC58U_IPQ40XX_1000M_IPQ4018_8.0_2024072600.bin.rar,12075801,e4dce2cfa9a81fc5f213a0555dc52909,2024,20240726,集客无线AP_QCA_ARM
2024/20240726/集客无线AP_QCA_ARM/JIKEAP_AC58U_IPQ40XX_8.0_2024072600_opboot.bin.rar,JIKEAP_AC58U_IPQ40XX_8.0_2024072600_opboot.bin.rar,12075623,8698f782510acf9e162b9f90fd188839,2024,20240726,集客无线AP_QCA_ARM
2024/20240726/集客无线AP_QCA_ARM/JIKEAP_ACRH17_IPQ40XX_1000M_QCA9984_HT160_EPORT_8.0_2024072600.bin.rar,JIKEAP_ACRH17_IPQ40XX_1000M_QCA9984_HT160_EPORT_8.0_2024072600.bin.rar,13982283,d24d783e5a7687f082fc3044d9fb359e,2024,20240726,集客无线AP_QCA_ARM
2024/20240726/集客无线AP_QCA_ARM/JIKEAP_ACRH17_IPQ40XX_8.0_2024072600_opboot.bin.rar,JIKEAP_ACRH17_IPQ40XX_8.0_2024072600_opboot.bin.rar,13983355,a2fde21a5c1b1ed88ce041f087f3bde9,2024,20240726,集客无线AP_QCA_ARM
2024/20240726/集客无线AP_QCA_ARM/JIKEAP_AP118L_IPQ40XX_1000M_EPORT_8.0_2024072600.bin.rar,JIKEAP_AP118L_IPQ40XX_1000M_EPORT_8.0_2024072600.bin.rar,13729884,65fa718f848694a68894dbdbaadce1a5,2024,20240726,集客无线AP_QCA_ARM
2024/20240726/集客无线AP_QCA_ARM/JIKEAP_AP268F-H_IPQ40XX_8.0_2024072600.bin.rar,JIKEAP_AP268F-H_IPQ40XX_8.0_2024072600.bin.rar,13877902,b57a33d4e511de828b29ff7f016dff10,2024,20240726,集客无线AP_QCA_ARM
2024/20240726/集客无线AP_QCA_ARM/JIKEAP_AP268F-IoT_AP268IOT_IPQ40XX_8.0_2024072600.bin.rar,JIKEAP_AP268F-IoT_AP268IOT_IPQ40XX_8.0_2024072600.bin.rar,13716103,326069f27f559fbcd49c51670fd562df,2024,20240726,集客无线AP_QCA_ARM
2024/20240726/集客无线AP_QCA_ARM/JIKEAP_AP269X-HG_IPQ40XX_1000M_8.0_2024072600.bin.rar,JIKEAP_AP269X-HG_IPQ40XX_1000M_8.0_2024072600.bin.rar,13729659,d4af0ba20e065520e487b4086e56b77f,2024,20240726,集客无线AP_QCA_ARM
2024/20240726/集客无线AP_QCA_ARM/JIKEAP_AP285F-H_IPQ40XX_1000M_8.0_2024072600.bin.rar,JIKEAP_AP285F-H_IPQ40XX_1000M_8.0_2024072600.bin.rar,13731022,c00aaf9a103bfaa6a308f8ef656c8c50,2024,20240726,集客无线AP_QCA_ARM
2024/20240726/集客无线AP_QCA_ARM/JIKEAP_AP285KY-H_IPQ40XX_8.0_2024072600.bin.rar,JIKEAP_AP285KY-H_IPQ40XX_8.0_2024072600.bin.rar,13625590,fda13f92c1b226adff363d4cceb5de8b,2024,20240726,集客无线AP_QCA_ARM
2024/20240726/集客无线AP_QCA_ARM/JIKEAP_AP320F-H_IPQ40XX_1000M_3RADIO_8.0_2024072600.bin.rar,JIKEAP_AP320F-H_IPQ40XX_1000M_3RADIO_8.0_2024072600.bin.rar,13696501,600b2faea5e0fd668b9d789a70acaaf4,2024,20240726,集客无线AP_QCA_ARM
2024/20240726/集客无线AP_QCA_ARM/JIKEAP_AP320KY-H_IPQ40XX_8.0_2024072600.bin.rar,JIKEAP_AP320KY-H_IPQ40XX_8.0_2024072600.bin.rar,13812955,0db204d3915680509f766612e9c817f3,2024,20240726,集客无线AP_QCA_ARM
2024/20240726/集客无线AP_QCA_ARM/JIKEAP_AP320KYRUS_IPQ40XX_8.0_2024072600.bin.rar,JIKEAP_AP320KYRUS_IPQ40XX_8.0_2024072600.bin.rar,13812606,962c320ef7bafb85cd6f52795769e197,2024,20240726,集客无线AP_QCA_ARM
2024/20240726/集客无线AP_QCA_ARM/JIKEAP_AP320Y-H_IPQ40XX_1000M_3RADIO_8.0_2024072600.bin.rar,JIKEAP_AP320Y-H_IPQ40XX_1000M_3RADIO_8.0_2024072600.bin.rar,13731449,687f6ec09fa2e881e5ff372ffe4b3b48,2024,20240726,集客无线AP_QCA_ARM
2024/20240726/集客无线AP_QCA_ARM/JIKEAP_AP320YRUS_IPQ40XX_1000M_3RADIO_8.0_2024072600.bin.rar,JIKEAP_AP320YRUS_IPQ40XX_1000M_3RADIO_8.0_2024072600.bin.rar,13730937,b7d3e2a3edf6313e9817e8b68ad45d3f,2024,20240726,集客无线AP_QCA_ARM
2024/20240726/集客无线AP_QCA_ARM/JIKEAP_AP330F-H_IPQ40XX_1000M_3RADIO_HT160_8.0_2024072600.bin.rar,JIKEAP_AP330F-H_IPQ40XX_1000M_3RADIO_HT160_8.0_2024072600.bin.rar,13696430,6c025f3a326bb0a957ca89627f6b30e9,2024,20240726,集客无线AP_QCA_ARM
2024/20240726/集客无线AP_QCA_ARM/JIKEAP_AP386X_IPQ40XX_1000M_3RADIO_8.0_2024072600.bin.rar,JIKEAP_AP386X_IPQ40XX_1000M_3RADIO_8.0_2024072600.bin.rar,13730967,b90ecb350584069ef0ff6eb61859be11,2024,20240726,集客无线AP_QCA_ARM
2024/20240726/集客无线AP_QCA_ARM/JIKEAP_AX1800F_IPQ60XX_1000M_WIFI6_8.0_2024072600.bin.rar,JIKEAP_AX1800F_IPQ60XX_1000M_WIFI6_8.0_2024072600.bin.rar,12684116,2fdadca354206a5f30a8eda0de75a8d5,2024,20240726,集客无线AP_QCA_ARM
2024/20240726/集客无线AP_QCA_ARM/JIKEAP_AX1800Y_IPQ60XX_8.0_2024072600.bin.rar,JIKEAP_AX1800Y_IPQ60XX_8.0_2024072600.bin.rar,12982707,b8814d8ddf6aa5be4408c39d840a77a0,2024,20240726,集客无线AP_QCA_ARM
2024/20240726/集客无线AP_QCA_ARM/JIKEAP_AX1801-MESH_AX1801MESH_IPQ60XX_8.0_2024072600.bin.rar,JIKEAP_AX1801-MESH_AX1801MESH_IPQ60XX_8.0_2024072600.bin.rar,15311129,94ab514fdf38c626a68c7f951578e35e,2024,20240726,集客无线AP_QCA_ARM
2024/20240726/集客无线AP_QCA_ARM/JIKEAP_AX2030A_IPQ50XX_EPORT_8.0_2024072600.bin.rar,JIKEAP_AX2030A_IPQ50XX_EPORT_8.0_2024072600.bin.rar,13693522,3a6c941baaa729441d85804265035727,2024,20240726,集客无线AP_QCA_ARM
2024/20240726/集客无线AP_QCA_ARM/JIKEAP_AX2034W_IPQ50XX_EPORT_8.0_2024072600.bin.rar,JIKEAP_AX2034W_IPQ50XX_EPORT_8.0_2024072600.bin.rar,14198129,e2a2566a347a85366abe8820322b7556,2024,20240726,集客无线AP_QCA_ARM
2024/20240726/集客无线AP_QCA_ARM/JIKEAP_AX2180_IPQ60XX_1000M_WIFI6_8.0_2024072600.bin.rar,JIKEAP_AX2180_IPQ60XX_1000M_WIFI6_8.0_2024072600.bin.rar,15089277,1df1ff78e3d581c5fdece09e463c5cb2,2024,20240726,集客无线AP_QCA_ARM
2024/20240726/集客无线AP_QCA_ARM/JIKEAP_AX3000F-SFP_AX3000FX_IPQ50XX_SFP_8.0_2024072600.bin.rar,JIKEAP_AX3000F-SFP_AX3000FX_IPQ50XX_SFP_8.0_2024072600.bin.rar,14191641,d6d009679112aed7b866980f1d5b0ce9,2024,20240726,集客无线AP_QCA_ARM
2024/20240726/集客无线AP_QCA_ARM/JIKEAP_AX3000FY_IPQ50XX_8.0_2024072600.bin.rar,JIKEAP_AX3000FY_IPQ50XX_8.0_2024072600.bin.rar,14177594,455f10d82c9c76e5d19aad529fd86aef,2024,20240726,集客无线AP_QCA_ARM
2024/20240726/集客无线AP_QCA_ARM/JIKEAP_AX3000F_IPQ50XX_8.0_2024072600.bin.rar,JIKEAP_AX3000F_IPQ50XX_8.0_2024072600.bin.rar,14175975,de859a40e23cf311b32d4815073ade8c,2024,20240726,集客无线AP_QCA_ARM
2024/20240726/集客无线AP_QCA_ARM/JIKEAP_AX3000X_IPQ50XX_8.0_2024072600.bin.rar,JIKEAP_AX3000X_IPQ50XX_8.0_2024072600.bin.rar,13960622,bab1733927c7ce03506a8a430cf2c834,2024,20240726,集客无线AP_QCA_ARM
2024/20240726/集客无线AP_QCA_ARM/JIKEAP_AX3001-MESH_AX3001MESH_IPQ50XX_8.0_2024072600.bin.rar,JIKEAP_AX3001-MESH_AX3001MESH_IPQ50XX_8.0_2024072600.bin.rar,16130755,245b2a6efa3ed4c0bf6eea769eac1569,2024,20240726,集客无线AP_QCA_ARM
2024/20240726/集客无线AP_QCA_ARM/JIKEAP_AX3025Y_IPQ807X_2500M_WIFI6_HT160_8.0_2024072600.bin.rar,JIKEAP_AX3025Y_IPQ807X_2500M_WIFI6_HT160_8.0_2024072600.bin.rar,15875342,cd57e28ecc63645c467e5c1ccaed44c2,2024,20240726,集客无线AP_QCA_ARM
2024/20240726/集客无线AP_QCA_ARM/JIKEAP_AX3050KY_IPQ807X_5000M_WIFI6_HT160_8.0_2024072600.bin.rar,JIKEAP_AX3050KY_IPQ807X_5000M_WIFI6_HT160_8.0_2024072600.bin.rar,13559156,6e2b25e61bf311025ddc5106a695f111,2024,20240726,集客无线AP_QCA_ARM
2024/20240726/集客无线AP_QCA_ARM/JIKEAP_AX5400KY_IPQ50XX_8.0_2024072600.bin.rar,JIKEAP_AX5400KY_IPQ50XX_8.0_2024072600.bin.rar,14418002,71455da097ffa36c061dd1580a250cf3,2024,20240726,集客无线AP_QCA_ARM
2024/20240726/集客无线AP_QCA_ARM/JIKEAP_AX5425Y-3-RU_AX5425Y3RU_IPQ50XX_8.0_2024072600.bin.rar,JIKEAP_AX5425Y-3-RU_AX5425Y3RU_IPQ50XX_8.0_2024072600.bin.rar,14205011,6a4e20a3fd9302e679723d218b3b8638,2024,20240726,集客无线AP_QCA_ARM
2024/20240726/集客无线AP_QCA_ARM/JIKEAP_AX5RM_IPQ60XX_1000M_WIFI6_8.0_2024072600.bin.rar,JIKEAP_AX5RM_IPQ60XX_1000M_WIFI6_8.0_2024072600.bin.rar,12854751,b6ec12b1d4f1a5d7336f0ce3a820d0b3,2024,20240726,集客无线AP_QCA_ARM
2024/20240726/集客无线AP_QCA_ARM/JIKEAP_AX8180X_IPQ60XX_8.0_2024072600.bin.rar,JIKEAP_AX8180X_IPQ60XX_8.0_2024072600.bin.rar,12998271,96b53442c4517c4aed12128633b28039,2024,20240726,集客无线AP_QCA_ARM
2024/20240726/集客无线AP_QCA_ARM/JIKEAP_AX8180Y_IPQ60XX_8.0_2024072600.bin.rar,JIKEAP_AX8180Y_IPQ60XX_8.0_2024072600.bin.rar,13134695,fcca904aefaf7e205a912651e6461af8,2024,20240726,集客无线AP_QCA_ARM
2024/20240726/集客无线AP_QCA_ARM/JIKEAP_AX8300A-SFP_AX8300ASFP_IPQ50XX_8.0_2024072600.bin.rar,JIKEAP_AX8300A-SFP_AX8300ASFP_IPQ50XX_8.0_2024072600.bin.rar,14185571,b2e7f3d68df4cb922ea514586846251b,2024,20240726,集客无线AP_QCA_ARM
2024/20240726/集客无线AP_QCA_ARM/JIKEAP_AX8300A-SFP_IPQ50XX_8.0_2024072600.bin.rar,JIKEAP_AX8300A-SFP_IPQ50XX_8.0_2024072600.bin.rar,14179354,be5121dea06dd0de546d735a85d20afe,2024,20240726,集客无线AP_QCA_ARM
2024/20240726/集客无线AP_QCA_ARM/JIKEAP_AX8301L_IPQ50XX_8.0_2024072600.bin.rar,JIKEAP_AX8301L_IPQ50XX_8.0_2024072600.bin.rar,14177690,75f68596f373894737e015ac71e1667d,2024,20240726,集客无线AP_QCA_ARM
2024/20240726/集客无线AP_QCA_ARM/JIKEAP_AX8325Q-SFP_AX8325QF0_IPQ50XX_SFP_8.0_2024072600.bin.rar,JIKEAP_AX8325Q-SFP_AX8325QF0_IPQ50XX_SFP_8.0_2024072600.bin.rar,16153498,5228695bbd535ff0d5365b43dac134ad,2024,20240726,集客无线AP_QCA_ARM
2024/20240726/集客无线AP_QCA_ARM/JIKEAP_AX8325Q-SFP_AX8325QF_IPQ50XX_SFP_8.0_2024072600.bin.rar,JIKEAP_AX8325Q-SFP_AX8325QF_IPQ50XX_SFP_8.0_2024072600.bin.rar,16156015,21ab99e00f6ad64c2710369efca963b5,2024,20240726,集客无线AP_QCA_ARM
2024/20240726/集客无线AP_QCA_ARM/JIKEAP_AX8540Q-3_AX8540Q0_IPQ50XX_SFP_8.0_2024072600.bin.rar,JIKEAP_AX8540Q-3_AX8540Q0_IPQ50XX_SFP_8.0_2024072600.bin.rar,14208034,662a97a884fc9f64094d31e22f1636cc,2024,20240726,集客无线AP_QCA_ARM
2024/20240726/集客无线AP_QCA_ARM/JIKEAP_AX8540Q-3_AX8540Q_IPQ50XX_SFP_8.0_2024072600.bin.rar,JIKEAP_AX8540Q-3_AX8540Q_IPQ50XX_SFP_8.0_2024072600.bin.rar,14211241,e7d50dde25eec12a755b862fd5612f28,2024,20240726,集客无线AP_QCA_ARM
2024/20240726/集客无线AP_QCA_ARM/JIKEAP_B3000_IPQ50XX_AR8033_NOR32_EPORT_8.0_2024072600.bin.rar,JIKEAP_B3000_IPQ50XX_AR8033_NOR32_EPORT_8.0_2024072600.bin.rar,13335585,54fe061889591e6f05c474d7cdb09b83,2024,20240726,集客无线AP_QCA_ARM
2024/20240726/集客无线AP_QCA_ARM/JIKEAP_CM520_IPQ40XX_1000M_NAND_EPORT_8.0_2024072600.bin.rar,JIKEAP_CM520_IPQ40XX_1000M_NAND_EPORT_8.0_2024072600.bin.rar,14004053,47728f3ce3a52308428b8ebed206af91,2024,20240726,集客无线AP_QCA_ARM
2024/20240726/集客无线AP_QCA_ARM/JIKEAP_CM520_IPQ40XX_8.0_2024072600_opboot.bin.rar,JIKEAP_CM520_IPQ40XX_8.0_2024072600_opboot.bin.rar,14000471,cb63c4ff98accb342b0f369e0745ecce,2024,20240726,集客无线AP_QCA_ARM
2024/20240726/集客无线AP_QCA_ARM/JIKEAP_EA1303_IPQ50XX_8.0_2024072600.bin.rar,JIKEAP_EA1303_IPQ50XX_8.0_2024072600.bin.rar,14409134,7dbb0558b6e7c12a2a3942f87a84daff,2024,20240726,集客无线AP_QCA_ARM
2024/20240726/集客无线AP_QCA_ARM/JIKEAP_HM1800_IPQ60XX_1000M_WIFI6_8.0_2024072600.bin.rar,JIKEAP_HM1800_IPQ60XX_1000M_WIFI6_8.0_2024072600.bin.rar,13045811,6d270991652d9257eac563f2a11cf5f6,2024,20240726,集客无线AP_QCA_ARM
2024/20240726/集客无线AP_QCA_ARM/JIKEAP_N3000_IPQ50XX_NAND_8.0_2024072600.bin.rar,JIKEAP_N3000_IPQ50XX_NAND_8.0_2024072600.bin.rar,13603402,0676f21c6e8efb21434b2042ace41b20,2024,20240726,集客无线AP_QCA_ARM
2024/20240726/集客无线AP_QCA_ARM/JIKEAP_WIA3600_IPQ50XX_QCA8337_NAND_8.0_2024072600.bin.rar,JIKEAP_WIA3600_IPQ50XX_QCA8337_NAND_8.0_2024072600.bin.rar,13679526,88b136b45f0cb7298bbeb796609dc73d,2024,20240726,集客无线AP_QCA_ARM
2024/20240726/集客无线AP_QCA_ARM/JIKEAP_WP963_IPQ50XX_AR8033_NOR16_EPORT_8.0_2024072600.bin.rar,JIKEAP_WP963_IPQ50XX_AR8033_NOR16_EPORT_8.0_2024072600.bin.rar,12978643,a265a6d8c393b300c0c11bf534804e1f,2024,20240726,集客无线AP_QCA_ARM
2024/20240726/集客无线AP_QCA_ARM/JIKEAP_WP973_IPQ50XX_NAND_8.0_2024072600.bin.rar,JIKEAP_WP973_IPQ50XX_NAND_8.0_2024072600.bin.rar,14178512,3b3017db6ed213696f36ff1181fea2b4,2024,20240726,集客无线AP_QCA_ARM
2024/20240726/集客无线AP_QCA_ARM/JIKEAP_WP973_V0_IPQ50XX_NOR_NAND_8.0_2024072600.bin.rar,JIKEAP_WP973_V0_IPQ50XX_NOR_NAND_8.0_2024072600.bin.rar,14178973,649cfe002ec588cb610643954124d00c,2024,20240726,集客无线AP_QCA_ARM
2024/20240726/集客无线AP_QCA_ARM/release_notes.txt,release_notes.txt,4082,6acd1086b975a95906bd0275c0382811,2024,20240726,集客无线AP_QCA_ARM
2024/20240726/集客无线AP_QCA_ARM/ubi-JIKEAP_AC58U.img,ubi-JIKEAP_AC58U.img,12845056,968ba54fec0b7b3c46f4c471e2d45781,2024,20240726,集客无线AP_QCA_ARM
2024/20240726/集客无线AP_QCA_ARM/ubi-JIKEAP_ACRH17.img,ubi-JIKEAP_ACRH17.img,14942208,b43babc8d21ed955ead3bd89c2e196bf,2024,20240726,集客无线AP_QCA_ARM
2024/20240726/集客无线AP_QCA_ARM/ubi-JIKEAP_AX5RM.img,ubi-JIKEAP_AX5RM.img,13893632,f3ef23de4a66e56d86a49712cf84a4a7,2024,20240726,集客无线AP_QCA_ARM
2024/20240726/集客无线AP_QCA_ARM/ubi-JIKEAP_CM520.img,ubi-JIKEAP_CM520.img,14942208,15b1804bee76768610ddcf3bf993cb8e,2024,20240726,集客无线AP_QCA_ARM
2024/20240726/集客无线AP_QCA_ARM/ubi-JIKEAP_N3000.img,ubi-JIKEAP_N3000.img,14811136,24db9570b3f1002a67bcffaac88e57c7,2024,20240726,集客无线AP_QCA_ARM
2024/20240726/集客无线AP_QCA_MIPS/JIKEAP_AP0141_QCA934X_1000M_8.0_2024072600.bin.rar,JIKEAP_AP0141_QCA934X_1000M_8.0_2024072600.bin.rar,6804978,975390a388e21ccf2f60633112bd3e83,2024,20240726,集客无线AP_QCA_MIPS
2024/20240726/集客无线AP_QCA_MIPS/JIKEAP_AP110T_QCA933X_100M_EPORT_8.0_2024072600.bin.rar,JIKEAP_AP110T_QCA933X_100M_EPORT_8.0_2024072600.bin.rar,6804483,4def6fc51e46a14761ffbdcb976973f0,2024,20240726,集客无线AP_QCA_MIPS
2024/20240726/集客无线AP_QCA_MIPS/JIKEAP_AP112F_QCA953X_100M_16M_EPORT_8.0_2024072600.bin.rar,JIKEAP_AP112F_QCA953X_100M_16M_EPORT_8.0_2024072600.bin.rar,6806609,5663b6dddca2df680b30179ad1cf5dfc,2024,20240726,集客无线AP_QCA_MIPS
2024/20240726/集客无线AP_QCA_MIPS/JIKEAP_AP112Fv2_AP112FV2_QCA953X_100M_8M_EPORT_8.0_2024072600.bin.rar,JIKEAP_AP112Fv2_AP112FV2_QCA953X_100M_8M_EPORT_8.0_2024072600.bin.rar,6804919,98ea5ea8ac072cb0e73aaef0c5d4c9d9,2024,20240726,集客无线AP_QCA_MIPS
2024/20240726/集客无线AP_QCA_MIPS/JIKEAP_AP112J_QCA953X_100M_EPORT_8.0_2024072600.bin.rar,JIKEAP_AP112J_QCA953X_100M_EPORT_8.0_2024072600.bin.rar,6806604,c0f799acf587a66288c6e5300ff2de25,2024,20240726,集客无线AP_QCA_MIPS
2024/20240726/集客无线AP_QCA_MIPS/JIKEAP_AP112Q_QCA934X_100M_EPORT_8.0_2024072600.bin.rar,JIKEAP_AP112Q_QCA934X_100M_EPORT_8.0_2024072600.bin.rar,6805254,2b265fe76fee0df94147c9b11626571f,2024,20240726,集客无线AP_QCA_MIPS
2024/20240726/集客无线AP_QCA_MIPS/JIKEAP_AP112T_QCA953X_100M_EPORT_8.0_2024072600.bin.rar,JIKEAP_AP112T_QCA953X_100M_EPORT_8.0_2024072600.bin.rar,6805076,f9370274afbdaeb209f6d50dd4fb2c42,2024,20240726,集客无线AP_QCA_MIPS
2024/20240726/集客无线AP_QCA_MIPS/JIKEAP_AP112Y_QCA953X_100M_EPORT_8.0_2024072600.bin.rar,JIKEAP_AP112Y_QCA953X_100M_EPORT_8.0_2024072600.bin.rar,6806665,c679b47d1acea082bbb6dcb43db9f1f0,2024,20240726,集客无线AP_QCA_MIPS
2024/20240726/集客无线AP_QCA_MIPS/JIKEAP_AP116F_QCA953X_100M_QCA9887_EPORT_8.0_2024072600.bin.rar,JIKEAP_AP116F_QCA953X_100M_QCA9887_EPORT_8.0_2024072600.bin.rar,7165715,95d75f75ed1c8109e338d36850aca7f6,2024,20240726,集客无线AP_QCA_MIPS
2024/20240726/集客无线AP_QCA_MIPS/JIKEAP_AP116Q_QCA953X_100M_QCA9887_EPORT_8.0_2024072600.bin.rar,JIKEAP_AP116Q_QCA953X_100M_QCA9887_EPORT_8.0_2024072600.bin.rar,7165807,acdc9c9d4109202084b570c6c1e35af5,2024,20240726,集客无线AP_QCA_MIPS
2024/20240726/集客无线AP_QCA_MIPS/JIKEAP_AP117Q_QCA956X_1000M_QCA9882_8.0_2024072600.bin.rar,JIKEAP_AP117Q_QCA956X_1000M_QCA9882_8.0_2024072600.bin.rar,7965780,e7d2bfa68fcceb7f180610565551ceec,2024,20240726,集客无线AP_QCA_MIPS
2024/20240726/集客无线AP_QCA_MIPS/JIKEAP_AP120_QCA934X_1000M_8.0_2024072600.bin.rar,JIKEAP_AP120_QCA934X_1000M_8.0_2024072600.bin.rar,7181972,81962d85b5a9e0e4e7c6d7a596be405f,2024,20240726,集客无线AP_QCA_MIPS
2024/20240726/集客无线AP_QCA_MIPS/JIKEAP_AP126F_QCA953X_100M_8M_8.0_2024072600.bin.rar,JIKEAP_AP126F_QCA953X_100M_8M_8.0_2024072600.bin.rar,6804923,bf088bd07feb28a15b9f64b128473e17,2024,20240726,集客无线AP_QCA_MIPS
2024/20240726/集客无线AP_QCA_MIPS/JIKEAP_AP130F-H_QCA953X_100M_8.0_2024072600.bin.rar,JIKEAP_AP130F-H_QCA953X_100M_8.0_2024072600.bin.rar,6807752,652e68e2410edcace8709746c1926815,2024,20240726,集客无线AP_QCA_MIPS
2024/20240726/集客无线AP_QCA_MIPS/JIKEAP_AP130T_QCA934X_100M_AR9341_8.0_2024072600.bin.rar,JIKEAP_AP130T_QCA934X_100M_AR9341_8.0_2024072600.bin.rar,6804801,ceecff0f05dcd79f85d64dc7beb1dbf2,2024,20240726,集客无线AP_QCA_MIPS
2024/20240726/集客无线AP_QCA_MIPS/JIKEAP_AP135T-H_QCA953X_100M_AR9341_8.0_2024072600.bin.rar,JIKEAP_AP135T-H_QCA953X_100M_AR9341_8.0_2024072600.bin.rar,6804773,089bcf184b1de1a26f6304c062ba3b9a,2024,20240726,集客无线AP_QCA_MIPS
2024/20240726/集客无线AP_QCA_MIPS/JIKEAP_AP136Y-H_QCA953X_100M_8.0_2024072600.bin.rar,JIKEAP_AP136Y-H_QCA953X_100M_8.0_2024072600.bin.rar,6806705,546d1b1aade0430c9bc0ef2046418879,2024,20240726,集客无线AP_QCA_MIPS
2024/20240726/集客无线AP_QCA_MIPS/JIKEAP_AP147_QCA953X_100M_QCA9887_8.0_2024072600.bin.rar,JIKEAP_AP147_QCA953X_100M_QCA9887_8.0_2024072600.bin.rar,7943133,c578828eb19d72a6f7127f6ef6937c52,2024,20240726,集客无线AP_QCA_MIPS
2024/20240726/集客无线AP_QCA_MIPS/JIKEAP_AP153Y-H_QCA953X_8.0_2024072600.bin.rar,JIKEAP_AP153Y-H_QCA953X_8.0_2024072600.bin.rar,6806755,15ef2b3590ab8ada9fb77c051830aefa,2024,20240726,集客无线AP_QCA_MIPS
2024/20240726/集客无线AP_QCA_MIPS/JIKEAP_AP185W_QCA934X_8.0_2024072600.bin.rar,JIKEAP_AP185W_QCA934X_8.0_2024072600.bin.rar,6805009,119550fb56fb7a2f4208abf3c65a5d2c,2024,20240726,集客无线AP_QCA_MIPS
2024/20240726/集客无线AP_QCA_MIPS/JIKEAP_AP220G_AP220G_QCA956X_1000M_QCA9886_8.0_2024072600.bin.rar,JIKEAP_AP220G_AP220G_QCA956X_1000M_QCA9886_8.0_2024072600.bin.rar,8054411,bdb7ad46db0ad99edc3c49d9b756db2c,2024,20240726,集客无线AP_QCA_MIPS
2024/20240726/集客无线AP_QCA_MIPS/JIKEAP_AP222G_QCA956X_8.0_2024072600.bin.rar,JIKEAP_AP222G_QCA956X_8.0_2024072600.bin.rar,8054620,0f47e07346ba228aad31b298bb6e15ee,2024,20240726,集客无线AP_QCA_MIPS
2024/20240726/集客无线AP_QCA_MIPS/JIKEAP_AP223G_AP223G_QCA956X_1000M_QCA9886_8.0_2024072600.bin.rar,JIKEAP_AP223G_AP223G_QCA956X_1000M_QCA9886_8.0_2024072600.bin.rar,8031584,5c228f9e16afcdc61fea85c49ba62b80,2024,20240726,集客无线AP_QCA_MIPS
2024/20240726/集客无线AP_QCA_MIPS/JIKEAP_AP260F-H_QCA953X_100M_QCA9887_8.0_2024072600.bin.rar,JIKEAP_AP260F-H_QCA953X_100M_QCA9887_8.0_2024072600.bin.rar,7167354,911ca14418c734a92b92fd10277cac3d,2024,20240726,集客无线AP_QCA_MIPS
2024/20240726/集客无线AP_QCA_MIPS/JIKEAP_AP260T-H_QCA953X_100M_AR9X82_8.0_2024072600.bin.rar,JIKEAP_AP260T-H_QCA953X_100M_AR9X82_8.0_2024072600.bin.rar,6806675,832c7d548aaf56d31ec47cc31dcf117b,2024,20240726,集客无线AP_QCA_MIPS
2024/20240726/集客无线AP_QCA_MIPS/JIKEAP_AP261Y-H_QCA953X_100M_QCA9887_8.0_2024072600.bin.rar,JIKEAP_AP261Y-H_QCA953X_100M_QCA9887_8.0_2024072600.bin.rar,7165770,229d36c1c8ca9a764014586d70a99567,2024,20240726,集客无线AP_QCA_MIPS
2024/20240726/集客无线AP_QCA_MIPS/JIKEAP_AP262Y-H_QCA956X_1000M_QCA9882_8.0_2024072600.bin.rar,JIKEAP_AP262Y-H_QCA956X_1000M_QCA9882_8.0_2024072600.bin.rar,7965763,d176dc0ccb9f45b503f5689a7d547f81,2024,20240726,集客无线AP_QCA_MIPS
2024/20240726/集客无线AP_QCA_MIPS/JIKEAP_AP263YS_QCA956X_1000M_QCA9880_8.0_2024072600.bin.rar,JIKEAP_AP263YS_QCA956X_1000M_QCA9880_8.0_2024072600.bin.rar,8318064,8420796f2a3876cb2ac2c541a3e4770c,2024,20240726,集客无线AP_QCA_MIPS
2024/20240726/集客无线AP_QCA_MIPS/JIKEAP_AP266G-H_QCA955X_1000M_QCA9880_8.0_2024072600.bin.rar,JIKEAP_AP266G-H_QCA955X_1000M_QCA9880_8.0_2024072600.bin.rar,7964325,e3161d89e2ead8e904f865c3628ba356,2024,20240726,集客无线AP_QCA_MIPS
2024/20240726/集客无线AP_QCA_MIPS/JIKEAP_AP267F-H_QCA956X_1000M_QCA9886_8.0_2024072600.bin.rar,JIKEAP_AP267F-H_QCA956X_1000M_QCA9886_8.0_2024072600.bin.rar,8054302,18a80a2a2e6d6f28e1ffe05d24dadc74,2024,20240726,集客无线AP_QCA_MIPS
2024/20240726/集客无线AP_QCA_MIPS/JIKEAP_AP267F-Hv2_AP267F-HV2_QCA956X_1000M_QCA9886_8.0_2024072600.bin.rar,JIKEAP_AP267F-Hv2_AP267F-HV2_QCA956X_1000M_QCA9886_8.0_2024072600.bin.rar,8054417,6dce73016460a42847aa76a47a99020b,2024,20240726,集客无线AP_QCA_MIPS
2024/20240726/集客无线AP_QCA_MIPS/JIKEAP_AP267KY-H_QCA956X_1000M_QCA9886_8.0_2024072600.bin.rar,JIKEAP_AP267KY-H_QCA956X_1000M_QCA9886_8.0_2024072600.bin.rar,8054114,a27b5c6de67ee7e94966cf0780720a58,2024,20240726,集客无线AP_QCA_MIPS
2024/20240726/集客无线AP_QCA_MIPS/JIKEAP_AP280F-H_QCA953X_100M_QCA9887_8.0_2024072600.bin.rar,JIKEAP_AP280F-H_QCA953X_100M_QCA9887_8.0_2024072600.bin.rar,7167207,933fe7c2b3865a0984ec7c084285c86c,2024,20240726,集客无线AP_QCA_MIPS
2024/20240726/集客无线AP_QCA_MIPS/JIKEAP_AP280Y-H_QCA953X_8.0_2024072600.bin.rar,JIKEAP_AP280Y-H_QCA953X_8.0_2024072600.bin.rar,7165715,05bfe56ece10f7f24fb55c6d0a597edb,2024,20240726,集客无线AP_QCA_MIPS
2024/20240726/集客无线AP_QCA_MIPS/JIKEAP_AP281Y-H_AP281YV2_QCA956X_8.0_2024072600.bin.rar,JIKEAP_AP281Y-H_AP281YV2_QCA956X_8.0_2024072600.bin.rar,8054532,1d21efa0d2408e52e7a241938ab9cc9a,2024,20240726,集客无线AP_QCA_MIPS
2024/20240726/集客无线AP_QCA_MIPS/JIKEAP_AP281Y-H_QCA956X_8.0_2024072600.bin.rar,JIKEAP_AP281Y-H_QCA956X_8.0_2024072600.bin.rar,8057321,9100414703331779a2272af6b1633445,2024,20240726,集客无线AP_QCA_MIPS
2024/20240726/集客无线AP_QCA_MIPS/JIKEAP_AP282T-H_QCA956X_8.0_2024072600.bin.rar,JIKEAP_AP282T-H_QCA956X_8.0_2024072600.bin.rar,8838169,881dbdf9730c89b8a245c7f696db2535,2024,20240726,集客无线AP_QCA_MIPS
2024/20240726/集客无线AP_QCA_MIPS/JIKEAP_AP283Y-H_QCA956X_8.0_2024072600.bin.rar,JIKEAP_AP283Y-H_QCA956X_8.0_2024072600.bin.rar,7965637,de78d013268d8073f3304ebe2b1e64c6,2024,20240726,集客无线AP_QCA_MIPS
2024/20240726/集客无线AP_QCA_MIPS/JIKEAP_AP284Y-H_QCA956X_8.0_2024072600.bin.rar,JIKEAP_AP284Y-H_QCA956X_8.0_2024072600.bin.rar,8054349,e9cb3099c04bc1ee9003b9a4845abb51,2024,20240726,集客无线AP_QCA_MIPS
2024/20240726/集客无线AP_QCA_MIPS/JIKEAP_AP3513NA_QCA934X_8.0_2024072600.bin.rar,JIKEAP_AP3513NA_QCA934X_8.0_2024072600.bin.rar,6804886,7f8569dac818f3d1dd465db9eb0428eb,2024,20240726,集客无线AP_QCA_MIPS
2024/20240726/集客无线AP_QCA_MIPS/JIKEAP_AP49_QCA953X_8.0_2024072600.bin.rar,JIKEAP_AP49_QCA953X_8.0_2024072600.bin.rar,7209797,aab63f201338110eb8b541884aca58ee,2024,20240726,集客无线AP_QCA_MIPS
2024/20240726/集客无线AP_QCA_MIPS/JIKEAP_AP630_QCA953X_100M_EPORT_8.0_2024072600.bin.rar,JIKEAP_AP630_QCA953X_100M_EPORT_8.0_2024072600.bin.rar,6806641,6532984231666317e1b1003be7fa1b5a,2024,20240726,集客无线AP_QCA_MIPS
2024/20240726/集客无线AP_QCA_MIPS/JIKEAP_AP630v2_AP630V2_QCA953X_100M_EPORT_8.0_2024072600.bin.rar,JIKEAP_AP630v2_AP630V2_QCA953X_100M_EPORT_8.0_2024072600.bin.rar,6805050,a78fdaf667360e9b0cf760c8d957fb16,2024,20240726,集客无线AP_QCA_MIPS
2024/20240726/集客无线AP_QCA_MIPS/JIKEAP_AP675_QCA953X_100M_EPORT_8.0_2024072600.bin.rar,JIKEAP_AP675_QCA953X_100M_EPORT_8.0_2024072600.bin.rar,7165658,57763d1b40ed9841a3be0f6a065f036e,2024,20240726,集客无线AP_QCA_MIPS
2024/20240726/集客无线AP_QCA_MIPS/JIKEAP_AP830H_QCA953X_100M_8.0_2024072600.bin.rar,JIKEAP_AP830H_QCA953X_100M_8.0_2024072600.bin.rar,6807969,34226e6b68ea3e6099082c132759c09a,2024,20240726,集客无线AP_QCA_MIPS
2024/20240726/集客无线AP_QCA_MIPS/JIKEAP_AP875H_QCA953X_100M_QCA9887_8.0_2024072600.bin.rar,JIKEAP_AP875H_QCA953X_100M_QCA9887_8.0_2024072600.bin.rar,7167303,35712ea2a520f63f5923dcc8e8ee0cc6,2024,20240726,集客无线AP_QCA_MIPS
2024/20240726/集客无线AP_QCA_MIPS/JIKEAP_AP9344_35P0_AP9344P0_QCA934X_1000M_8.0_2024072600.bin.rar,JIKEAP_AP9344_35P0_AP9344P0_QCA934X_1000M_8.0_2024072600.bin.rar,6806423,96c751a369ef2becd749957f930b4784,2024,20240726,集客无线AP_QCA_MIPS
2024/20240726/集客无线AP_QCA_MIPS/JIKEAP_AP9344_35P4_AP9344P4_QCA934X_1000M_8.0_2024072600.bin.rar,JIKEAP_AP9344_35P4_AP9344P4_QCA934X_1000M_8.0_2024072600.bin.rar,6806411,727da972875eddbdf17ba1f7c6ef76b6,2024,20240726,集客无线AP_QCA_MIPS
2024/20240726/集客无线AP_QCA_MIPS/JIKEAP_AP9344_8327_QCA934X_1000M_8.0_2024072600.bin.rar,JIKEAP_AP9344_8327_QCA934X_1000M_8.0_2024072600.bin.rar,6804638,0cfbbcdfc7bf39cda5f7d9b1c982dee7,2024,20240726,集客无线AP_QCA_MIPS
2024/20240726/集客无线AP_QCA_MIPS/JIKEAP_AP9344_M100_QCA934X_100M_8.0_2024072600.bin.rar,JIKEAP_AP9344_M100_QCA934X_100M_8.0_2024072600.bin.rar,6806419,071ff3c7cc009dbbe20f4e6f3dbd3844,2024,20240726,集客无线AP_QCA_MIPS
2024/20240726/集客无线AP_QCA_MIPS/JIKEAP_AP9344_RTL_QCA934X_1000M_8.0_2024072600.bin.rar,JIKEAP_AP9344_RTL_QCA934X_1000M_8.0_2024072600.bin.rar,6806597,77377ff5975581a4fc4981cb2ed1815b,2024,20240726,集客无线AP_QCA_MIPS
2024/20240726/集客无线AP_QCA_MIPS/JIKEAP_AP941_QCA953X_100M_8.0_2024072600.bin.rar,JIKEAP_AP941_QCA953X_100M_8.0_2024072600.bin.rar,6804738,baff13f28caa847bd2ed4960959a3244,2024,20240726,集客无线AP_QCA_MIPS
2024/20240726/集客无线AP_QCA_MIPS/JIKEAP_AP9558V_QCA955X_1000M_QCA9880_LEEEL_8.0_2024072600.bin.rar,JIKEAP_AP9558V_QCA955X_1000M_QCA9880_LEEEL_8.0_2024072600.bin.rar,7965766,e7c363574a53678a5287f50564a13d6a,2024,20240726,集客无线AP_QCA_MIPS
2024/20240726/集客无线AP_QCA_MIPS/JIKEAP_AP9558_QCA955X_1000M_QCA9880_8.0_2024072600.bin.rar,JIKEAP_AP9558_QCA955X_1000M_QCA9880_8.0_2024072600.bin.rar,7965719,5091b202448914e6872b92cbcc2353a7,2024,20240726,集客无线AP_QCA_MIPS
2024/20240726/集客无线AP_QCA_MIPS/JIKEAP_ARIMA2210_QCA934X_EPORT_8.0_2024072600.bin.rar,JIKEAP_ARIMA2210_QCA934X_EPORT_8.0_2024072600.bin.rar,6805023,cd795027e40089fe8e2e1ee12f757625,2024,20240726,集客无线AP_QCA_MIPS
2024/20240726/集客无线AP_QCA_MIPS/JIKEAP_FX-2ac_FX2AC_QCA956X_8.0_2024072600.bin.rar,JIKEAP_FX-2ac_FX2AC_QCA956X_8.0_2024072600.bin.rar,7959659,c6af03e9752ab2e8a3e8124e1453df47,2024,20240726,集客无线AP_QCA_MIPS
2024/20240726/集客无线AP_QCA_MIPS/JIKEAP_MI100_QCA934X_100M_8.0_2024072600.bin.rar,JIKEAP_MI100_QCA934X_100M_8.0_2024072600.bin.rar,6804723,1085d0b04b158adbc8f582569a01b7af,2024,20240726,集客无线AP_QCA_MIPS
2024/20240726/集客无线AP_QCA_MIPS/JIKEAP_WPJ563_QCA956X_1000M_QCA9880_8.0_2024072600.bin.rar,JIKEAP_WPJ563_QCA956X_1000M_QCA9880_8.0_2024072600.bin.rar,8318025,f648360f14f8cca69462cbb45c8c1e1c,2024,20240726,集客无线AP_QCA_MIPS
2024/20240726/集客无线AP_QCA_MIPS/JIKEAP_XD102_QCA953X_8.0_2024072600.bin.rar,JIKEAP_XD102_QCA953X_8.0_2024072600.bin.rar,6804897,bf3f1fbb3e1d7dc647643a02ab678870,2024,20240726,集客无线AP_QCA_MIPS
2024/20240726/集客无线AP_QCA_MIPS/JIKEAP_XD1202G_QCA956X_8.0_2024072600.bin.rar,JIKEAP_XD1202G_QCA956X_8.0_2024072600.bin.rar,8054537,5bc315e3c1c87985d3f2f5544c0255bd,2024,20240726,集客无线AP_QCA_MIPS
2024/20240726/集客无线AP_QCA_MIPS/release_notes.txt,release_notes.txt,4082,6acd1086b975a95906bd0275c0382811,2024,20240726,集客无线AP_QCA_MIPS
2024/20240810/集客无线AP_MTK_ARM/JIKEAP_AP250MD_MT7981_K5_NAND_UBI_AUTO_8.0_2024081000.bin.rar,JIKEAP_AP250MD_MT7981_K5_NAND_UBI_AUTO_8.0_2024081000.bin.rar,9307872,f3eb3c2c782f4dfaf499a553a25c1836,2024,20240810,集客无线AP_MTK_ARM
2024/20240810/集客无线AP_MTK_ARM/JIKEAP_AP250_MT7981_K5_WIFI6_3000M_8.0_2024081000.bin.rar,JIKEAP_AP250_MT7981_K5_WIFI6_3000M_8.0_2024081000.bin.rar,9179754,fbdf602bde6cf77724605b3936f32869,2024,20240810,集客无线AP_MTK_ARM
2024/20240810/集客无线AP_MTK_ARM/JIKEAP_AX2030FM_AX2030FM0_MT7981_K5_8.0_2024081000.bin.rar,JIKEAP_AX2030FM_AX2030FM0_MT7981_K5_8.0_2024081000.bin.rar,9159377,aa1c65a4d42ba2cd8fc9e220846d091f,2024,20240810,集客无线AP_MTK_ARM
2024/20240810/集客无线AP_MTK_ARM/JIKEAP_AX2030FM_MT7981_K5_8.0_2024081000.bin.rar,JIKEAP_AX2030FM_MT7981_K5_8.0_2024081000.bin.rar,9159700,177828b7b494fa51b8b29596923e546c,2024,20240810,集客无线AP_MTK_ARM
2024/20240810/集客无线AP_MTK_ARM/JIKEAP_AX3000AMX_MT7981_K5_WIFI6_3000M_2_5G_8.0_2024081000.bin.rar,JIKEAP_AX3000AMX_MT7981_K5_WIFI6_3000M_2_5G_8.0_2024081000.bin.rar,9158778,3ff2255063d962feee9889e4337fad2f,2024,20240810,集客无线AP_MTK_ARM
2024/20240810/集客无线AP_MTK_ARM/JIKEAP_AX3000AM_MT7981_K5_WIFI6_3000M_8.0_2024081000.bin.rar,JIKEAP_AX3000AM_MT7981_K5_WIFI6_3000M_8.0_2024081000.bin.rar,9173996,ffc96dff664b261049a4a43a0fece16a,2024,20240810,集客无线AP_MTK_ARM
2024/20240810/集客无线AP_MTK_ARM/JIKEAP_AX3000F-GPON_AX3000FGPON_MT7981_K5_WIFI6_3000M_PON_8.0_2024081000.bin.rar,JIKEAP_AX3000F-GPON_AX3000FGPON_MT7981_K5_WIFI6_3000M_PON_8.0_2024081000.bin.rar,9174231,15c538cf523c169bb87354ad378af347,2024,20240810,集客无线AP_MTK_ARM
2024/20240810/集客无线AP_MTK_ARM/JIKEAP_AX3000FM_MT7981_K5_8.0_2024081000.bin.rar,JIKEAP_AX3000FM_MT7981_K5_8.0_2024081000.bin.rar,9160813,0c5557270c83ec584ab57d851b271237,2024,20240810,集客无线AP_MTK_ARM
2024/20240810/集客无线AP_MTK_ARM/JIKEAP_AX3000PM_MT7981_K5_WIFI6_3000M_PON_8.0_2024081000.bin.rar,JIKEAP_AX3000PM_MT7981_K5_WIFI6_3000M_PON_8.0_2024081000.bin.rar,9174495,93d2babe9c637bb6de513b522c4da6a2,2024,20240810,集客无线AP_MTK_ARM
2024/20240810/集客无线AP_MTK_ARM/JIKEAP_AX3025FMN_MT7981_K5_8.0_2024081000.bin.rar,JIKEAP_AX3025FMN_MT7981_K5_8.0_2024081000.bin.rar,9291216,778cd8635b632adb8dd9c7faf31cf4e9,2024,20240810,集客无线AP_MTK_ARM
2024/20240810/集客无线AP_MTK_ARM/JIKEAP_AX3025FM_MT7981_K5_8.0_2024081000.bin.rar,JIKEAP_AX3025FM_MT7981_K5_8.0_2024081000.bin.rar,9160043,f60e7467942c9417b771237dbbc5c1f7,2024,20240810,集客无线AP_MTK_ARM
2024/20240810/集客无线AP_MTK_ARM/JIKEAP_FAPM3001_MT7981_K5_8.0_2024081000.bin.rar,JIKEAP_FAPM3001_MT7981_K5_8.0_2024081000.bin.rar,9158950,ea991496ff37dfd6ee6955d88b57f11e,2024,20240810,集客无线AP_MTK_ARM
2024/20240810/集客无线AP_MTK_ARM/release_notes.txt,release_notes.txt,4447,172c72d585b5bfe2c4b3a02bc74a74d6,2024,20240810,集客无线AP_MTK_ARM
2024/20240810/集客无线AP_MTK_MIPS/JIKEAP_AP107IOT_MT7620_K4_EPORT_8.0_2024081000.bin.rar,JIKEAP_AP107IOT_MT7620_K4_EPORT_8.0_2024081000.bin.rar,6063079,9fe757af7e74fb8e464c76a6f8e85b78,2024,20240810,集客无线AP_MTK_MIPS
2024/20240810/集客无线AP_MTK_MIPS/JIKEAP_AP110F_MT7628_K4_EPORT_8.0_2024081000.bin.rar,JIKEAP_AP110F_MT7628_K4_EPORT_8.0_2024081000.bin.rar,5182894,0405c6819166762726a81f1ec2af8212,2024,20240810,集客无线AP_MTK_MIPS
2024/20240810/集客无线AP_MTK_MIPS/JIKEAP_AP118A_MT7628_K4_EPORT_8.0_2024081000.bin.rar,JIKEAP_AP118A_MT7628_K4_EPORT_8.0_2024081000.bin.rar,6776101,867430acf3360e26621037f9bdaa3c83,2024,20240810,集客无线AP_MTK_MIPS
2024/20240810/集客无线AP_MTK_MIPS/JIKEAP_AP118F_AP118F0_MT7628_K4_EPORT_8.0_2024081000.bin.rar,JIKEAP_AP118F_AP118F0_MT7628_K4_EPORT_8.0_2024081000.bin.rar,6776167,44c9c4eb39dc64ba6ba8809642939ae9,2024,20240810,集客无线AP_MTK_MIPS
2024/20240810/集客无线AP_MTK_MIPS/JIKEAP_AP118F_MT7628_K4_EPORT_8.0_2024081000.bin.rar,JIKEAP_AP118F_MT7628_K4_EPORT_8.0_2024081000.bin.rar,6776507,4f0e707579d8a6ce560bae31c150f0bc,2024,20240810,集客无线AP_MTK_MIPS
2024/20240810/集客无线AP_MTK_MIPS/JIKEAP_AP118Y_MT7628_K4_EPORT_8.0_2024081000.bin.rar,JIKEAP_AP118Y_MT7628_K4_EPORT_8.0_2024081000.bin.rar,6776580,86857d91102c208d2f6fa288953ffbd4,2024,20240810,集客无线AP_MTK_MIPS
2024/20240810/集客无线AP_MTK_MIPS/JIKEAP_AP210G_MT7620_K4_EPORT_8.0_2024081000.bin.rar,JIKEAP_AP210G_MT7620_K4_EPORT_8.0_2024081000.bin.rar,6834737,d53f11e604dab6f987b7c2fc48ee18c8,2024,20240810,集客无线AP_MTK_MIPS
2024/20240810/集客无线AP_MTK_MIPS/JIKEAP_AP212-L_AP212L_MT7621_K4_EPORT_8.0_2024081000.bin.rar,JIKEAP_AP212-L_AP212L_MT7621_K4_EPORT_8.0_2024081000.bin.rar,6327437,af63a86e92270af98d6b3bae2418cd79,2024,20240810,集客无线AP_MTK_MIPS
2024/20240810/集客无线AP_MTK_MIPS/JIKEAP_AP212G_AP212G0_MT7621_K4_EPORT_8.0_2024081000.bin.rar,JIKEAP_AP212G_AP212G0_MT7621_K4_EPORT_8.0_2024081000.bin.rar,6327378,69aa3f42efcf7d1cb2e508df16372ea0,2024,20240810,集客无线AP_MTK_MIPS
2024/20240810/集客无线AP_MTK_MIPS/JIKEAP_AP212G_MT7621_K4_EPORT_8.0_2024081000.bin.rar,JIKEAP_AP212G_MT7621_K4_EPORT_8.0_2024081000.bin.rar,6327876,42da26cfcce9659a7293ef300247eb3a,2024,20240810,集客无线AP_MTK_MIPS
2024/20240810/集客无线AP_MTK_MIPS/JIKEAP_AP213G_MT7620_K4_EPORT_8.0_2024081000.bin.rar,JIKEAP_AP213G_MT7620_K4_EPORT_8.0_2024081000.bin.rar,6483171,6c66e77f447bd4cc040d32c2afbeda8b,2024,20240810,集客无线AP_MTK_MIPS
2024/20240810/集客无线AP_MTK_MIPS/JIKEAP_AP216G_MT7621_K4_EPORT_8.0_2024081000.bin.rar,JIKEAP_AP216G_MT7621_K4_EPORT_8.0_2024081000.bin.rar,7304271,0fce07dc442ce9da1e716afde40074f8,2024,20240810,集客无线AP_MTK_MIPS
2024/20240810/集客无线AP_MTK_MIPS/JIKEAP_AP230EP_MT7620_K4_EPORT_8.0_2024081000.bin.rar,JIKEAP_AP230EP_MT7620_K4_EPORT_8.0_2024081000.bin.rar,7124880,9371bafda70951398941829bc8c15934,2024,20240810,集客无线AP_MTK_MIPS
2024/20240810/集客无线AP_MTK_MIPS/JIKEAP_AP230G_MT7620_K4_RTL_EPORT_8.0_2024081000.bin.rar,JIKEAP_AP230G_MT7620_K4_RTL_EPORT_8.0_2024081000.bin.rar,7124531,2736400fb849c0985cd12f27b248397a,2024,20240810,集客无线AP_MTK_MIPS
2024/20240810/集客无线AP_MTK_MIPS/JIKEAP_AP230IP_MT7620_K4_EPORT_8.0_2024081000.bin.rar,JIKEAP_AP230IP_MT7620_K4_EPORT_8.0_2024081000.bin.rar,7124343,d1b0812302e8f09104277de4b6e43392,2024,20240810,集客无线AP_MTK_MIPS
2024/20240810/集客无线AP_MTK_MIPS/JIKEAP_AP238AN_MT7628_K4_LEEEL_EPORT_8.0_2024081000.bin.rar,JIKEAP_AP238AN_MT7628_K4_LEEEL_EPORT_8.0_2024081000.bin.rar,7391482,1e15d166757b3bd7d09e5b5d2f223dbf,2024,20240810,集客无线AP_MTK_MIPS
2024/20240810/集客无线AP_MTK_MIPS/JIKEAP_AP238IOT_MT7628_K4_LEEEL_EPORT_8.0_2024081000.bin.rar,JIKEAP_AP238IOT_MT7628_K4_LEEEL_EPORT_8.0_2024081000.bin.rar,8215288,670c425ba3b09b61109760dfd42cda9d,2024,20240810,集客无线AP_MTK_MIPS
2024/20240810/集客无线AP_MTK_MIPS/JIKEAP_AP238MQ_MT7628_K4_LEEEL_EPORT_8.0_2024081000.bin.rar,JIKEAP_AP238MQ_MT7628_K4_LEEEL_EPORT_8.0_2024081000.bin.rar,7480434,0dcc869b82d5b3245998a9226d616669,2024,20240810,集客无线AP_MTK_MIPS
2024/20240810/集客无线AP_MTK_MIPS/JIKEAP_AP240P_MT7621_K4_SWITCH_LEEEE_EPORT_8.0_2024081000.bin.rar,JIKEAP_AP240P_MT7621_K4_SWITCH_LEEEE_EPORT_8.0_2024081000.bin.rar,5284220,6b8942b876e0d3577d4e06ede3bc1df8,2024,20240810,集客无线AP_MTK_MIPS
2024/20240810/集客无线AP_MTK_MIPS/JIKEAP_AP240SFP_MT7621_K4_SWITCH_LEEEE_8.0_2024081000.bin.rar,JIKEAP_AP240SFP_MT7621_K4_SWITCH_LEEEE_8.0_2024081000.bin.rar,5289595,72fbd11d80de100156041bc4cff32a42,2024,20240810,集客无线AP_MTK_MIPS
2024/20240810/集客无线AP_MTK_MIPS/JIKEAP_AP242P_MT7621_K4_LLLLL_64M_8.0_2024081000.bin.rar,JIKEAP_AP242P_MT7621_K4_LLLLL_64M_8.0_2024081000.bin.rar,7649473,d830fe8a6b38643d1260cdc881a1144e,2024,20240810,集客无线AP_MTK_MIPS
2024/20240810/集客无线AP_MTK_MIPS/JIKEAP_AP245P_MT7621_K4_MT7615DN_LEEEL_EPORT_8.0_2024081000.bin.rar,JIKEAP_AP245P_MT7621_K4_MT7615DN_LEEEL_EPORT_8.0_2024081000.bin.rar,6681699,a54b5408a0bd9d6755ecc68c7f53a48d,2024,20240810,集客无线AP_MTK_MIPS
2024/20240810/集客无线AP_MTK_MIPS/JIKEAP_AP246HI_MT7621_K4_1000_8.0_2024081000.bin.rar,JIKEAP_AP246HI_MT7621_K4_1000_8.0_2024081000.bin.rar,7877345,f5e13ef072d00b9d4a6325b68df102b0,2024,20240810,集客无线AP_MTK_MIPS
2024/20240810/集客无线AP_MTK_MIPS/JIKEAP_AP246ND_MT7621_K4_MT7603_MT7615N_LLEEL_EPORT_8.0_2024081000.bin.rar,JIKEAP_AP246ND_MT7621_K4_MT7603_MT7615N_LLEEL_EPORT_8.0_2024081000.bin.rar,8913423,782441a7fe9628cdbf8d864ea01baed7,2024,20240810,集客无线AP_MTK_MIPS
2024/20240810/集客无线AP_MTK_MIPS/JIKEAP_AP246NND_MT7621_K4_MT7603_MT7615N_LLEEL_EPORT_8.0_2024081000.bin.rar,JIKEAP_AP246NND_MT7621_K4_MT7603_MT7615N_LLEEL_EPORT_8.0_2024081000.bin.rar,8913426,3e596239dc27f0273b0da736018fe996,2024,20240810,集客无线AP_MTK_MIPS
2024/20240810/集客无线AP_MTK_MIPS/JIKEAP_AP246P_MT7621_K4_MT7603_MT7615N_8.0_2024081000.bin.rar,JIKEAP_AP246P_MT7621_K4_MT7603_MT7615N_8.0_2024081000.bin.rar,8689852,cb3892a7ec355a6ac3b4993130cc3e2e,2024,20240810,集客无线AP_MTK_MIPS
2024/20240810/集客无线AP_MTK_MIPS/JIKEAP_AP24_MT7621_K4_LEEEL_EPORT_8.0_2024081000.bin.rar,JIKEAP_AP24_MT7621_K4_LEEEL_EPORT_8.0_2024081000.bin.rar,7657658,db7c18544bcecb34664ac4e3378c0eaa,2024,20240810,集客无线AP_MTK_MIPS
2024/20240810/集客无线AP_MTK_MIPS/JIKEAP_AP261F-H_AP261F-H0_MT7621_K4_8.0_2024081000.bin.rar,JIKEAP_AP261F-H_AP261F-H0_MT7621_K4_8.0_2024081000.bin.rar,6328087,8218571913a39a9e00387dedbaa231d4,2024,20240810,集客无线AP_MTK_MIPS
2024/20240810/集客无线AP_MTK_MIPS/JIKEAP_AP261F-H_MT7621_K4_8.0_2024081000.bin.rar,JIKEAP_AP261F-H_MT7621_K4_8.0_2024081000.bin.rar,6328909,5178e8ba6f2b3c6dd36ffba7252f11d5,2024,20240810,集客无线AP_MTK_MIPS
2024/20240810/集客无线AP_MTK_MIPS/JIKEAP_AP601_MT7620_K4_LEEEE_EPORT_8.0_2024081000.bin.rar,JIKEAP_AP601_MT7620_K4_LEEEE_EPORT_8.0_2024081000.bin.rar,5241000,d41d0424e5fefa64b5953d4a0c33cb8b,2024,20240810,集客无线AP_MTK_MIPS
2024/20240810/集客无线AP_MTK_MIPS/JIKEAP_AX1800B_MT7621_K4_EPORT_8.0_2024081000.bin.rar,JIKEAP_AX1800B_MT7621_K4_EPORT_8.0_2024081000.bin.rar,6629621,74a84579ad470b3a08162214784036b8,2024,20240810,集客无线AP_MTK_MIPS
2024/20240810/集客无线AP_MTK_MIPS/JIKEAP_AX1800FM_AX1800FM0_MT7621_K4_8.0_2024081000.bin.rar,JIKEAP_AX1800FM_AX1800FM0_MT7621_K4_8.0_2024081000.bin.rar,6628575,e8ada11e432bd6d05f66ee19ba506e65,2024,20240810,集客无线AP_MTK_MIPS
2024/20240810/集客无线AP_MTK_MIPS/JIKEAP_AX1800FM_MT7621_K4_8.0_2024081000.bin.rar,JIKEAP_AX1800FM_MT7621_K4_8.0_2024081000.bin.rar,6631502,614d4e7db4f72d0f4d3ed1481860a7ba,2024,20240810,集客无线AP_MTK_MIPS
2024/20240810/集客无线AP_MTK_MIPS/JIKEAP_AX1800H_MT7621_K4_MT7915DN_WIFI6_NAND_8.0_2024081000.bin.rar,JIKEAP_AX1800H_MT7621_K4_MT7915DN_WIFI6_NAND_8.0_2024081000.bin.rar,6848837,0fc4e6cf55d2ede2a7b5b51db7f06394,2024,20240810,集客无线AP_MTK_MIPS
2024/20240810/集客无线AP_MTK_MIPS/JIKEAP_AX1800IoT_AX1800IOT_MT7621_K4_8.0_2024081000.bin.rar,JIKEAP_AX1800IoT_AX1800IOT_MT7621_K4_8.0_2024081000.bin.rar,7455289,adba83ebc6454887511766acc59f04db,2024,20240810,集客无线AP_MTK_MIPS
2024/20240810/集客无线AP_MTK_MIPS/JIKEAP_AX1800S_MT7621_K4_MT7915DN_WIFI6_8.0_2024081000.bin.rar,JIKEAP_AX1800S_MT7621_K4_MT7915DN_WIFI6_8.0_2024081000.bin.rar,6629477,1730bad22ab1e804452e136e81ecd697,2024,20240810,集客无线AP_MTK_MIPS
2024/20240810/集客无线AP_MTK_MIPS/JIKEAP_AX2018-GPON_AX2018GP_MT7621_K4_EPORT_8.0_2024081000.bin.rar,JIKEAP_AX2018-GPON_AX2018GP_MT7621_K4_EPORT_8.0_2024081000.bin.rar,6629689,742c4fecb88798db84d32c1a429b89d9,2024,20240810,集客无线AP_MTK_MIPS
2024/20240810/集客无线AP_MTK_MIPS/JIKEAP_AX2020_MT7621_K4_EPORT_8.0_2024081000.bin.rar,JIKEAP_AX2020_MT7621_K4_EPORT_8.0_2024081000.bin.rar,6629954,13fca3f6863df6c20016c03aa8561bd0,2024,20240810,集客无线AP_MTK_MIPS
2024/20240810/集客无线AP_MTK_MIPS/JIKEAP_AX2021_0AX2021_MT7621_K4_EPORT_8.0_2024081000.bin.rar,JIKEAP_AX2021_0AX2021_MT7621_K4_EPORT_8.0_2024081000.bin.rar,6629175,b4d7f6ab59d0156a349eca7169c2085b,2024,20240810,集客无线AP_MTK_MIPS
2024/20240810/集客无线AP_MTK_MIPS/JIKEAP_AX2021_MT7621_K4_EPORT_8.0_2024081000.bin.rar,JIKEAP_AX2021_MT7621_K4_EPORT_8.0_2024081000.bin.rar,6632410,fef07a9e2b091f36c06724bf94328ade,2024,20240810,集客无线AP_MTK_MIPS
2024/20240810/集客无线AP_MTK_MIPS/JIKEAP_AX2022MQ_MT7621_K4_EPORT_8.0_2024081000.bin.rar,JIKEAP_AX2022MQ_MT7621_K4_EPORT_8.0_2024081000.bin.rar,6717986,94582dc03600aff3d2b9fc239481c5b8,2024,20240810,集客无线AP_MTK_MIPS
2024/20240810/集客无线AP_MTK_MIPS/JIKEAP_AX2022_MT7621_K4_EPORT_8.0_2024081000.bin.rar,JIKEAP_AX2022_MT7621_K4_EPORT_8.0_2024081000.bin.rar,7455337,6f6fddecd66ebd1236c8601ad2ba3040,2024,20240810,集客无线AP_MTK_MIPS
2024/20240810/集客无线AP_MTK_MIPS/JIKEAP_PAK590055_MT7621_K4_EPORT_8.0_2024081000.bin.rar,JIKEAP_PAK590055_MT7621_K4_EPORT_8.0_2024081000.bin.rar,6327345,7c61245e4e9336afa45da4ff04e220a5,2024,20240810,集客无线AP_MTK_MIPS
2024/20240810/集客无线AP_MTK_MIPS/JIKEAP_XB1200G_MT7621_K4_EPORT_8.0_2024081000.bin.rar,JIKEAP_XB1200G_MT7621_K4_EPORT_8.0_2024081000.bin.rar,6328142,8d4f51fd2e0ec18972a49a51b7970df8,2024,20240810,集客无线AP_MTK_MIPS
2024/20240810/集客无线AP_MTK_MIPS/JIKEAP_XB8800_MT7620_K4_EPORT_8.0_2024081000.bin.rar,JIKEAP_XB8800_MT7620_K4_EPORT_8.0_2024081000.bin.rar,5241406,3ec71b3fedb489a95e44c67c5e3b0aa1,2024,20240810,集客无线AP_MTK_MIPS
2024/20240810/集客无线AP_MTK_MIPS/release_notes.txt,release_notes.txt,4447,172c72d585b5bfe2c4b3a02bc74a74d6,2024,20240810,集客无线AP_MTK_MIPS
2024/20240810/集客无线AP_QCA_ARM/JIKEAP_AC58U_IPQ40XX_1000M_IPQ4018_8.0_2024081000.bin.rar,JIKEAP_AC58U_IPQ40XX_1000M_IPQ4018_8.0_2024081000.bin.rar,12077499,46550f7a795a6b21ec6d2cbf07f46f88,2024,20240810,集客无线AP_QCA_ARM
2024/20240810/集客无线AP_QCA_ARM/JIKEAP_AC58U_IPQ40XX_8.0_2024081000_opboot.bin.rar,JIKEAP_AC58U_IPQ40XX_8.0_2024081000_opboot.bin.rar,12077294,a642bb776a28b9a5650122348e17afb8,2024,20240810,集客无线AP_QCA_ARM
2024/20240810/集客无线AP_QCA_ARM/JIKEAP_ACRH17_IPQ40XX_1000M_QCA9984_HT160_EPORT_8.0_2024081000.bin.rar,JIKEAP_ACRH17_IPQ40XX_1000M_QCA9984_HT160_EPORT_8.0_2024081000.bin.rar,13983862,117e59f7a495501cb8c79e2a3fc4a69f,2024,20240810,集客无线AP_QCA_ARM
2024/20240810/集客无线AP_QCA_ARM/JIKEAP_ACRH17_IPQ40XX_8.0_2024081000_opboot.bin.rar,JIKEAP_ACRH17_IPQ40XX_8.0_2024081000_opboot.bin.rar,13984562,671156f24597b13b440f5116b28f3969,2024,20240810,集客无线AP_QCA_ARM
2024/20240810/集客无线AP_QCA_ARM/JIKEAP_AP118L_IPQ40XX_1000M_EPORT_8.0_2024081000.bin.rar,JIKEAP_AP118L_IPQ40XX_1000M_EPORT_8.0_2024081000.bin.rar,13731009,cd11e600bc20a7f29002afb75e054bca,2024,20240810,集客无线AP_QCA_ARM
2024/20240810/集客无线AP_QCA_ARM/JIKEAP_AP268F-H_IPQ40XX_8.0_2024081000.bin.rar,JIKEAP_AP268F-H_IPQ40XX_8.0_2024081000.bin.rar,13879063,8f78b7ce173a5c75b8c6073b6f89cb8c,2024,20240810,集客无线AP_QCA_ARM
2024/20240810/集客无线AP_QCA_ARM/JIKEAP_AP268F-IoT_AP268IOT_IPQ40XX_8.0_2024081000.bin.rar,JIKEAP_AP268F-IoT_AP268IOT_IPQ40XX_8.0_2024081000.bin.rar,13717263,b3fffff5add060ebc25f6baaf6080ae6,2024,20240810,集客无线AP_QCA_ARM
2024/20240810/集客无线AP_QCA_ARM/JIKEAP_AP269X-HG_IPQ40XX_1000M_8.0_2024081000.bin.rar,JIKEAP_AP269X-HG_IPQ40XX_1000M_8.0_2024081000.bin.rar,13730657,79ce4019a1c0e8315d0aa0bfbc9796c4,2024,20240810,集客无线AP_QCA_ARM
2024/20240810/集客无线AP_QCA_ARM/JIKEAP_AP285F-H_IPQ40XX_1000M_8.0_2024081000.bin.rar,JIKEAP_AP285F-H_IPQ40XX_1000M_8.0_2024081000.bin.rar,13732247,95ef8152f7bc641e9d3e76e579f71c2c,2024,20240810,集客无线AP_QCA_ARM
2024/20240810/集客无线AP_QCA_ARM/JIKEAP_AP285KY-H_IPQ40XX_8.0_2024081000.bin.rar,JIKEAP_AP285KY-H_IPQ40XX_8.0_2024081000.bin.rar,13626961,f4c943fcaa08099cac94ed90d4638727,2024,20240810,集客无线AP_QCA_ARM
2024/20240810/集客无线AP_QCA_ARM/JIKEAP_AP320F-H_IPQ40XX_1000M_3RADIO_8.0_2024081000.bin.rar,JIKEAP_AP320F-H_IPQ40XX_1000M_3RADIO_8.0_2024081000.bin.rar,13697738,e60f6131745458b776dd40347a14fd04,2024,20240810,集客无线AP_QCA_ARM
2024/20240810/集客无线AP_QCA_ARM/JIKEAP_AP320KY-H_IPQ40XX_8.0_2024081000.bin.rar,JIKEAP_AP320KY-H_IPQ40XX_8.0_2024081000.bin.rar,13814387,1a03602ae08404a1ea36699b6aa43168,2024,20240810,集客无线AP_QCA_ARM
2024/20240810/集客无线AP_QCA_ARM/JIKEAP_AP320KYRUS_IPQ40XX_8.0_2024081000.bin.rar,JIKEAP_AP320KYRUS_IPQ40XX_8.0_2024081000.bin.rar,13813719,4b9438b126a84415c6c834a22c71630a,2024,20240810,集客无线AP_QCA_ARM
2024/20240810/集客无线AP_QCA_ARM/JIKEAP_AP320Y-H_IPQ40XX_1000M_3RADIO_8.0_2024081000.bin.rar,JIKEAP_AP320Y-H_IPQ40XX_1000M_3RADIO_8.0_2024081000.bin.rar,13732917,480b6bc305b67e0c771aa14f9ad62c81,2024,20240810,集客无线AP_QCA_ARM
2024/20240810/集客无线AP_QCA_ARM/JIKEAP_AP320YRUS_IPQ40XX_1000M_3RADIO_8.0_2024081000.bin.rar,JIKEAP_AP320YRUS_IPQ40XX_1000M_3RADIO_8.0_2024081000.bin.rar,13732713,7d9231482eae4bb6d088d0e7728ea4ba,2024,20240810,集客无线AP_QCA_ARM
2024/20240810/集客无线AP_QCA_ARM/JIKEAP_AP330F-H_IPQ40XX_1000M_3RADIO_HT160_8.0_2024081000.bin.rar,JIKEAP_AP330F-H_IPQ40XX_1000M_3RADIO_HT160_8.0_2024081000.bin.rar,13697635,241014afcbb9bedc08872da659ec18e5,2024,20240810,集客无线AP_QCA_ARM
2024/20240810/集客无线AP_QCA_ARM/JIKEAP_AP386X_IPQ40XX_1000M_3RADIO_8.0_2024081000.bin.rar,JIKEAP_AP386X_IPQ40XX_1000M_3RADIO_8.0_2024081000.bin.rar,13732307,8896a21e8caa407b5799cfcc080fcf82,2024,20240810,集客无线AP_QCA_ARM
2024/20240810/集客无线AP_QCA_ARM/JIKEAP_AX1800F_IPQ60XX_1000M_WIFI6_8.0_2024081000.bin.rar,JIKEAP_AX1800F_IPQ60XX_1000M_WIFI6_8.0_2024081000.bin.rar,12685337,fd81418ab983bf717991cef5a0955ce5,2024,20240810,集客无线AP_QCA_ARM
2024/20240810/集客无线AP_QCA_ARM/JIKEAP_AX1800MI_IPQ60XX_1000M_WIFI6_8.0_2024081000.bin.rar,JIKEAP_AX1800MI_IPQ60XX_1000M_WIFI6_8.0_2024081000.bin.rar,12855058,cb5a1e2c261a67274b3814e0473f34cb,2024,20240810,集客无线AP_QCA_ARM
2024/20240810/集客无线AP_QCA_ARM/JIKEAP_AX1800Y_IPQ60XX_8.0_2024081000.bin.rar,JIKEAP_AX1800Y_IPQ60XX_8.0_2024081000.bin.rar,12984495,5e5bf4d965262ab1185cfba7576795bc,2024,20240810,集客无线AP_QCA_ARM
2024/20240810/集客无线AP_QCA_ARM/JIKEAP_AX1801-MESH_AX1801MESH_IPQ60XX_8.0_2024081000.bin.rar,JIKEAP_AX1801-MESH_AX1801MESH_IPQ60XX_8.0_2024081000.bin.rar,15313634,d29828324fdd9e39600885dff62329dc,2024,20240810,集客无线AP_QCA_ARM
2024/20240810/集客无线AP_QCA_ARM/JIKEAP_AX2030A_IPQ50XX_EPORT_8.0_2024081000.bin.rar,JIKEAP_AX2030A_IPQ50XX_EPORT_8.0_2024081000.bin.rar,13691480,b40bc196eaa52f3810ea2f64a0d50407,2024,20240810,集客无线AP_QCA_ARM
2024/20240810/集客无线AP_QCA_ARM/JIKEAP_AX2034W_IPQ50XX_EPORT_8.0_2024081000.bin.rar,JIKEAP_AX2034W_IPQ50XX_EPORT_8.0_2024081000.bin.rar,14200353,4b5edf3c9529f32b0eb7d4f2d80155a2,2024,20240810,集客无线AP_QCA_ARM
2024/20240810/集客无线AP_QCA_ARM/JIKEAP_AX2180_IPQ60XX_1000M_WIFI6_8.0_2024081000.bin.rar,JIKEAP_AX2180_IPQ60XX_1000M_WIFI6_8.0_2024081000.bin.rar,15090541,6260fb83983973962bcf8725162ee665,2024,20240810,集客无线AP_QCA_ARM
2024/20240810/集客无线AP_QCA_ARM/JIKEAP_AX3000F-SFP_AX3000FX_IPQ50XX_SFP_8.0_2024081000.bin.rar,JIKEAP_AX3000F-SFP_AX3000FX_IPQ50XX_SFP_8.0_2024081000.bin.rar,14193978,9b9f876f00ffe53afd77ba88a576f0ce,2024,20240810,集客无线AP_QCA_ARM
2024/20240810/集客无线AP_QCA_ARM/JIKEAP_AX3000FY_IPQ50XX_8.0_2024081000.bin.rar,JIKEAP_AX3000FY_IPQ50XX_8.0_2024081000.bin.rar,14179611,a5b0978e777a8ab02f012e17a82dd5fd,2024,20240810,集客无线AP_QCA_ARM
2024/20240810/集客无线AP_QCA_ARM/JIKEAP_AX3000F_IPQ50XX_8.0_2024081000.bin.rar,JIKEAP_AX3000F_IPQ50XX_8.0_2024081000.bin.rar,14178229,224c6fcf3ec3d22f2d2c61f6cb48fe2a,2024,20240810,集客无线AP_QCA_ARM
2024/20240810/集客无线AP_QCA_ARM/JIKEAP_AX3000X_IPQ50XX_8.0_2024081000.bin.rar,JIKEAP_AX3000X_IPQ50XX_8.0_2024081000.bin.rar,13962928,fc2d66608a67c091092371b489ccee04,2024,20240810,集客无线AP_QCA_ARM
2024/20240810/集客无线AP_QCA_ARM/JIKEAP_AX3001-MESH_AX3001MESH_IPQ50XX_8.0_2024081000.bin.rar,JIKEAP_AX3001-MESH_AX3001MESH_IPQ50XX_8.0_2024081000.bin.rar,16133091,6a04e45d1fcc75bcb351f4d2fb52256f,2024,20240810,集客无线AP_QCA_ARM
2024/20240810/集客无线AP_QCA_ARM/JIKEAP_AX3025Y_IPQ807X_2500M_WIFI6_HT160_8.0_2024081000.bin.rar,JIKEAP_AX3025Y_IPQ807X_2500M_WIFI6_HT160_8.0_2024081000.bin.rar,15876953,f4684679d0401d1c624d7dde0f967e0e,2024,20240810,集客无线AP_QCA_ARM
2024/20240810/集客无线AP_QCA_ARM/JIKEAP_AX3050KY_IPQ807X_5000M_WIFI6_HT160_8.0_2024081000.bin.rar,JIKEAP_AX3050KY_IPQ807X_5000M_WIFI6_HT160_8.0_2024081000.bin.rar,13560150,df700ff48428e46729ee063e97843a94,2024,20240810,集客无线AP_QCA_ARM
2024/20240810/集客无线AP_QCA_ARM/JIKEAP_AX5400KY_IPQ50XX_8.0_2024081000.bin.rar,JIKEAP_AX5400KY_IPQ50XX_8.0_2024081000.bin.rar,14419909,5f58065c79b70b0319228b358b617f12,2024,20240810,集客无线AP_QCA_ARM
2024/20240810/集客无线AP_QCA_ARM/JIKEAP_AX5425Y-3-RU_AX5425Y3RU_IPQ50XX_8.0_2024081000.bin.rar,JIKEAP_AX5425Y-3-RU_AX5425Y3RU_IPQ50XX_8.0_2024081000.bin.rar,14206645,5e08996c12599f79e6553acf9ca4930d,2024,20240810,集客无线AP_QCA_ARM
2024/20240810/集客无线AP_QCA_ARM/JIKEAP_AX5RM_IPQ60XX_1000M_WIFI6_8.0_2024081000.bin.rar,JIKEAP_AX5RM_IPQ60XX_1000M_WIFI6_8.0_2024081000.bin.rar,12855970,0601b365801c1b033da88ac74256e69f,2024,20240810,集客无线AP_QCA_ARM
2024/20240810/集客无线AP_QCA_ARM/JIKEAP_AX8180X_IPQ60XX_8.0_2024081000.bin.rar,JIKEAP_AX8180X_IPQ60XX_8.0_2024081000.bin.rar,13000268,e3877a550506ada33292a312eff8cf62,2024,20240810,集客无线AP_QCA_ARM
2024/20240810/集客无线AP_QCA_ARM/JIKEAP_AX8180Y_IPQ60XX_8.0_2024081000.bin.rar,JIKEAP_AX8180Y_IPQ60XX_8.0_2024081000.bin.rar,13136305,54d7387672bdb3b23c78116cf8469bad,2024,20240810,集客无线AP_QCA_ARM
2024/20240810/集客无线AP_QCA_ARM/JIKEAP_AX8300A-SFP_AX8300ASFP_IPQ50XX_8.0_2024081000.bin.rar,JIKEAP_AX8300A-SFP_AX8300ASFP_IPQ50XX_8.0_2024081000.bin.rar,14187642,dd766e3f1750c780a7fd71966a1d1e48,2024,20240810,集客无线AP_QCA_ARM
2024/20240810/集客无线AP_QCA_ARM/JIKEAP_AX8300A-SFP_IPQ50XX_8.0_2024081000.bin.rar,JIKEAP_AX8300A-SFP_IPQ50XX_8.0_2024081000.bin.rar,14182022,0dd0afcf5101c3f89478b94454fc71f8,2024,20240810,集客无线AP_QCA_ARM
2024/20240810/集客无线AP_QCA_ARM/JIKEAP_AX8301L_IPQ50XX_8.0_2024081000.bin.rar,JIKEAP_AX8301L_IPQ50XX_8.0_2024081000.bin.rar,14180609,c40bb8089fa63411cddc6475f21d49d8,2024,20240810,集客无线AP_QCA_ARM
2024/20240810/集客无线AP_QCA_ARM/JIKEAP_AX8325Q-SFP_AX8325QF0_IPQ50XX_SFP_8.0_2024081000.bin.rar,JIKEAP_AX8325Q-SFP_AX8325QF0_IPQ50XX_SFP_8.0_2024081000.bin.rar,16156880,ffd02e4a579a8b06ab61463a1eaa0d94,2024,20240810,集客无线AP_QCA_ARM
2024/20240810/集客无线AP_QCA_ARM/JIKEAP_AX8325Q-SFP_AX8325QF_IPQ50XX_SFP_8.0_2024081000.bin.rar,JIKEAP_AX8325Q-SFP_AX8325QF_IPQ50XX_SFP_8.0_2024081000.bin.rar,16158037,defd47a47f770f38d526b90ca63983cc,2024,20240810,集客无线AP_QCA_ARM
2024/20240810/集客无线AP_QCA_ARM/JIKEAP_AX8540Q-3_AX8540Q0_IPQ50XX_SFP_8.0_2024081000.bin.rar,JIKEAP_AX8540Q-3_AX8540Q0_IPQ50XX_SFP_8.0_2024081000.bin.rar,14211247,a41528506816bd7c50d8d14200e44e1b,2024,20240810,集客无线AP_QCA_ARM
2024/20240810/集客无线AP_QCA_ARM/JIKEAP_AX8540Q-3_AX8540Q_IPQ50XX_SFP_8.0_2024081000.bin.rar,JIKEAP_AX8540Q-3_AX8540Q_IPQ50XX_SFP_8.0_2024081000.bin.rar,14214122,4d5c729f2edc4802d43978e4d84a8ad7,2024,20240810,集客无线AP_QCA_ARM
2024/20240810/集客无线AP_QCA_ARM/JIKEAP_AXR3100_IPQ40XX_1000M_QCA9984_HT160_EPORT_8.0_2024081000.bin.rar,JIKEAP_AXR3100_IPQ40XX_1000M_QCA9984_HT160_EPORT_8.0_2024081000.bin.rar,13964412,e77df00ec86856c35496f1b2cb0b2613,2024,20240810,集客无线AP_QCA_ARM
2024/20240810/集客无线AP_QCA_ARM/JIKEAP_B3000_IPQ50XX_AR8033_NOR32_EPORT_8.0_2024081000.bin.rar,JIKEAP_B3000_IPQ50XX_AR8033_NOR32_EPORT_8.0_2024081000.bin.rar,13336315,cc6e707ed3c4a36efbb549e5b2e23b79,2024,20240810,集客无线AP_QCA_ARM
2024/20240810/集客无线AP_QCA_ARM/JIKEAP_CM520_IPQ40XX_1000M_NAND_EPORT_8.0_2024081000.bin.rar,JIKEAP_CM520_IPQ40XX_1000M_NAND_EPORT_8.0_2024081000.bin.rar,14005288,1951ff739b2e6852ece83956ef42ea13,2024,20240810,集客无线AP_QCA_ARM
2024/20240810/集客无线AP_QCA_ARM/JIKEAP_CM520_IPQ40XX_8.0_2024081000_opboot.bin.rar,JIKEAP_CM520_IPQ40XX_8.0_2024081000_opboot.bin.rar,14001000,35d48d03c4dccef91c6338737bd17f7c,2024,20240810,集客无线AP_QCA_ARM
2024/20240810/集客无线AP_QCA_ARM/JIKEAP_EA1303_IPQ50XX_8.0_2024081000.bin.rar,JIKEAP_EA1303_IPQ50XX_8.0_2024081000.bin.rar,14410992,6ffa6d4b20491eb472e836fcf5c56fd4,2024,20240810,集客无线AP_QCA_ARM
2024/20240810/集客无线AP_QCA_ARM/JIKEAP_HM1800_IPQ60XX_1000M_WIFI6_8.0_2024081000.bin.rar,JIKEAP_HM1800_IPQ60XX_1000M_WIFI6_8.0_2024081000.bin.rar,13047341,f9ef9c1581763f9a51c6b0d743a64b82,2024,20240810,集客无线AP_QCA_ARM
2024/20240810/集客无线AP_QCA_ARM/JIKEAP_N3000V_IPQ50XX_NAND_EPORT_8.0_2024081000.bin.rar,JIKEAP_N3000V_IPQ50XX_NAND_EPORT_8.0_2024081000.bin.rar,13602324,c5afac219971ab781a9bbb6baeb6d09d,2024,20240810,集客无线AP_QCA_ARM
2024/20240810/集客无线AP_QCA_ARM/JIKEAP_N3000_IPQ50XX_NAND_8.0_2024081000.bin.rar,JIKEAP_N3000_IPQ50XX_NAND_8.0_2024081000.bin.rar,13604462,0681ac12f5f8ed1104d127f3b0072b34,2024,20240810,集客无线AP_QCA_ARM
2024/20240810/集客无线AP_QCA_ARM/JIKEAP_WIA3600_IPQ50XX_QCA8337_NAND_8.0_2024081000.bin.rar,JIKEAP_WIA3600_IPQ50XX_QCA8337_NAND_8.0_2024081000.bin.rar,13681248,be07970828e66fb3edcd7ec4667c88ae,2024,20240810,集客无线AP_QCA_ARM
2024/20240810/集客无线AP_QCA_ARM/JIKEAP_WP963_IPQ50XX_AR8033_NOR16_EPORT_8.0_2024081000.bin.rar,JIKEAP_WP963_IPQ50XX_AR8033_NOR16_EPORT_8.0_2024081000.bin.rar,12979806,086e2cf95cb9a4cd7e6512639981492c,2024,20240810,集客无线AP_QCA_ARM
2024/20240810/集客无线AP_QCA_ARM/JIKEAP_WP973_IPQ50XX_NAND_8.0_2024081000.bin.rar,JIKEAP_WP973_IPQ50XX_NAND_8.0_2024081000.bin.rar,14181393,875998a221e0a86c93d0789eb9f04048,2024,20240810,集客无线AP_QCA_ARM
2024/20240810/集客无线AP_QCA_ARM/JIKEAP_WP973_V0_IPQ50XX_NOR_NAND_8.0_2024081000.bin.rar,JIKEAP_WP973_V0_IPQ50XX_NOR_NAND_8.0_2024081000.bin.rar,14180654,25768423dc014fe098ff2eb5c99c3e70,2024,20240810,集客无线AP_QCA_ARM
2024/20240810/集客无线AP_QCA_ARM/release_notes.txt,release_notes.txt,4126,1abeb18f5c49d7d1f83df01047543938,2024,20240810,集客无线AP_QCA_ARM
2024/20240810/集客无线AP_QCA_ARM/ubi-JIKEAP_AC58U.img,ubi-JIKEAP_AC58U.img,12845056,b8f314e88fc66c415b28ccafb19ed170,2024,20240810,集客无线AP_QCA_ARM
2024/20240810/集客无线AP_QCA_ARM/ubi-JIKEAP_ACRH17.img,ubi-JIKEAP_ACRH17.img,14942208,81b822eb0aeb3d5f549ec0b283540520,2024,20240810,集客无线AP_QCA_ARM
2024/20240810/集客无线AP_QCA_ARM/ubi-JIKEAP_AX1800MI.img,ubi-JIKEAP_AX1800MI.img,13893632,e1bd8fd15103f3a5c352e7b6093d574e,2024,20240810,集客无线AP_QCA_ARM
2024/20240810/集客无线AP_QCA_ARM/ubi-JIKEAP_AX5RM.img,ubi-JIKEAP_AX5RM.img,13893632,496bd2c8ab520f25c2590538d496e3e7,2024,20240810,集客无线AP_QCA_ARM
2024/20240810/集客无线AP_QCA_ARM/ubi-JIKEAP_AXR3100.img,ubi-JIKEAP_AXR3100.img,14942208,d3716bb92ec755ad24e7830c285b85e2,2024,20240810,集客无线AP_QCA_ARM
2024/20240810/集客无线AP_QCA_ARM/ubi-JIKEAP_CM520.img,ubi-JIKEAP_CM520.img,14942208,541f99b607d2597bab832b3cfff23917,2024,20240810,集客无线AP_QCA_ARM
2024/20240810/集客无线AP_QCA_ARM/ubi-JIKEAP_N3000.img,ubi-JIKEAP_N3000.img,14811136,061244e034afa372f7d60ba8bd1bc43a,2024,20240810,集客无线AP_QCA_ARM
2024/20240810/集客无线AP_QCA_MIPS/JIKEAP_AP0141_QCA934X_1000M_8.0_2024081000.bin.rar,JIKEAP_AP0141_QCA934X_1000M_8.0_2024081000.bin.rar,6805266,8d80bef69d1de48da0f1345d234fe24b,2024,20240810,集客无线AP_QCA_MIPS
2024/20240810/集客无线AP_QCA_MIPS/JIKEAP_AP110T_QCA933X_100M_EPORT_8.0_2024081000.bin.rar,JIKEAP_AP110T_QCA933X_100M_EPORT_8.0_2024081000.bin.rar,6804880,e62d754c4463f6ffcf104f0e6586244c,2024,20240810,集客无线AP_QCA_MIPS
2024/20240810/集客无线AP_QCA_MIPS/JIKEAP_AP112F_QCA953X_100M_16M_EPORT_8.0_2024081000.bin.rar,JIKEAP_AP112F_QCA953X_100M_16M_EPORT_8.0_2024081000.bin.rar,6807057,98f1cc2d11080fc1d66c4233bfb5afbc,2024,20240810,集客无线AP_QCA_MIPS
2024/20240810/集客无线AP_QCA_MIPS/JIKEAP_AP112Fv2_AP112FV2_QCA953X_100M_8M_EPORT_8.0_2024081000.bin.rar,JIKEAP_AP112Fv2_AP112FV2_QCA953X_100M_8M_EPORT_8.0_2024081000.bin.rar,6805328,176e7f4969e86cc72c70f86a06efa133,2024,20240810,集客无线AP_QCA_MIPS
2024/20240810/集客无线AP_QCA_MIPS/JIKEAP_AP112J_QCA953X_100M_EPORT_8.0_2024081000.bin.rar,JIKEAP_AP112J_QCA953X_100M_EPORT_8.0_2024081000.bin.rar,6806892,78dd063d52055c75c99c5b7e49eecc4b,2024,20240810,集客无线AP_QCA_MIPS
2024/20240810/集客无线AP_QCA_MIPS/JIKEAP_AP112Q_QCA934X_100M_EPORT_8.0_2024081000.bin.rar,JIKEAP_AP112Q_QCA934X_100M_EPORT_8.0_2024081000.bin.rar,6805711,c33b67432e4715dbed1a2f145af696a3,2024,20240810,集客无线AP_QCA_MIPS
2024/20240810/集客无线AP_QCA_MIPS/JIKEAP_AP112T_QCA953X_100M_EPORT_8.0_2024081000.bin.rar,JIKEAP_AP112T_QCA953X_100M_EPORT_8.0_2024081000.bin.rar,6805252,54fa0233da47f360d5a44918a01abc4b,2024,20240810,集客无线AP_QCA_MIPS
2024/20240810/集客无线AP_QCA_MIPS/JIKEAP_AP112Y_QCA953X_100M_EPORT_8.0_2024081000.bin.rar,JIKEAP_AP112Y_QCA953X_100M_EPORT_8.0_2024081000.bin.rar,6807040,9d1cbb6f96bdd4c2342827c6e8fdaf4e,2024,20240810,集客无线AP_QCA_MIPS
2024/20240810/集客无线AP_QCA_MIPS/JIKEAP_AP116F_QCA953X_100M_QCA9887_EPORT_8.0_2024081000.bin.rar,JIKEAP_AP116F_QCA953X_100M_QCA9887_EPORT_8.0_2024081000.bin.rar,7166012,62b229f2d2c578a4096e81bb808abde8,2024,20240810,集客无线AP_QCA_MIPS
2024/20240810/集客无线AP_QCA_MIPS/JIKEAP_AP116Q_QCA953X_100M_QCA9887_EPORT_8.0_2024081000.bin.rar,JIKEAP_AP116Q_QCA953X_100M_QCA9887_EPORT_8.0_2024081000.bin.rar,7166314,d526b2a69ca2a9c57fcbe84efb6a097b,2024,20240810,集客无线AP_QCA_MIPS
2024/20240810/集客无线AP_QCA_MIPS/JIKEAP_AP117Q_QCA956X_1000M_QCA9882_8.0_2024081000.bin.rar,JIKEAP_AP117Q_QCA956X_1000M_QCA9882_8.0_2024081000.bin.rar,7965982,681118b89e1937e235ef77ce71e52f0f,2024,20240810,集客无线AP_QCA_MIPS
2024/20240810/集客无线AP_QCA_MIPS/JIKEAP_AP120_QCA934X_1000M_8.0_2024081000.bin.rar,JIKEAP_AP120_QCA934X_1000M_8.0_2024081000.bin.rar,7182316,1a53b86829e4a1f6186334d1c35ae26b,2024,20240810,集客无线AP_QCA_MIPS
2024/20240810/集客无线AP_QCA_MIPS/JIKEAP_AP126F_QCA953X_100M_8M_8.0_2024081000.bin.rar,JIKEAP_AP126F_QCA953X_100M_8M_8.0_2024081000.bin.rar,6805068,e3c46240c1790238ddd9fa810716bec1,2024,20240810,集客无线AP_QCA_MIPS
2024/20240810/集客无线AP_QCA_MIPS/JIKEAP_AP130F-H_QCA953X_100M_8.0_2024081000.bin.rar,JIKEAP_AP130F-H_QCA953X_100M_8.0_2024081000.bin.rar,6808282,984c5d8c06d0db7d4f450b7c1a91b3ca,2024,20240810,集客无线AP_QCA_MIPS
2024/20240810/集客无线AP_QCA_MIPS/JIKEAP_AP130T_QCA934X_100M_AR9341_8.0_2024081000.bin.rar,JIKEAP_AP130T_QCA934X_100M_AR9341_8.0_2024081000.bin.rar,6805291,a2377ad7a10fc3ab3ef29c3431b2686d,2024,20240810,集客无线AP_QCA_MIPS
2024/20240810/集客无线AP_QCA_MIPS/JIKEAP_AP135T-H_QCA953X_100M_AR9341_8.0_2024081000.bin.rar,JIKEAP_AP135T-H_QCA953X_100M_AR9341_8.0_2024081000.bin.rar,6805017,5976b26e771ba8216313056bf24eb964,2024,20240810,集客无线AP_QCA_MIPS
2024/20240810/集客无线AP_QCA_MIPS/JIKEAP_AP136Y-H_QCA953X_100M_8.0_2024081000.bin.rar,JIKEAP_AP136Y-H_QCA953X_100M_8.0_2024081000.bin.rar,6806969,7d710b3c4e525542d07e005863226717,2024,20240810,集客无线AP_QCA_MIPS
2024/20240810/集客无线AP_QCA_MIPS/JIKEAP_AP147_QCA953X_100M_QCA9887_8.0_2024081000.bin.rar,JIKEAP_AP147_QCA953X_100M_QCA9887_8.0_2024081000.bin.rar,7943409,04a1b034ad126edc88829c158315030b,2024,20240810,集客无线AP_QCA_MIPS
2024/20240810/集客无线AP_QCA_MIPS/JIKEAP_AP153Y-H_QCA953X_8.0_2024081000.bin.rar,JIKEAP_AP153Y-H_QCA953X_8.0_2024081000.bin.rar,6806954,abe9b6d153cef5108d8c0eea1d67b160,2024,20240810,集客无线AP_QCA_MIPS
2024/20240810/集客无线AP_QCA_MIPS/JIKEAP_AP185W_QCA934X_8.0_2024081000.bin.rar,JIKEAP_AP185W_QCA934X_8.0_2024081000.bin.rar,6805366,5894c854e4eae8ec14bb77a82ce2a142,2024,20240810,集客无线AP_QCA_MIPS
2024/20240810/集客无线AP_QCA_MIPS/JIKEAP_AP220G_AP220G_QCA956X_1000M_QCA9886_8.0_2024081000.bin.rar,JIKEAP_AP220G_AP220G_QCA956X_1000M_QCA9886_8.0_2024081000.bin.rar,8054709,09ceb543ec0ad8f8492de42d522b79a6,2024,20240810,集客无线AP_QCA_MIPS
2024/20240810/集客无线AP_QCA_MIPS/JIKEAP_AP222G_QCA956X_8.0_2024081000.bin.rar,JIKEAP_AP222G_QCA956X_8.0_2024081000.bin.rar,8054825,8c5443550b8a5be70ba9df471e2d459f,2024,20240810,集客无线AP_QCA_MIPS
2024/20240810/集客无线AP_QCA_MIPS/JIKEAP_AP223G_AP223G_QCA956X_1000M_QCA9886_8.0_2024081000.bin.rar,JIKEAP_AP223G_AP223G_QCA956X_1000M_QCA9886_8.0_2024081000.bin.rar,8031874,5f20c83f415406e485d9135e3afa8161,2024,20240810,集客无线AP_QCA_MIPS
2024/20240810/集客无线AP_QCA_MIPS/JIKEAP_AP260F-H_QCA953X_100M_QCA9887_8.0_2024081000.bin.rar,JIKEAP_AP260F-H_QCA953X_100M_QCA9887_8.0_2024081000.bin.rar,7167887,5d32f77710084be7498fc88356d5a7d9,2024,20240810,集客无线AP_QCA_MIPS
2024/20240810/集客无线AP_QCA_MIPS/JIKEAP_AP260T-H_QCA953X_100M_AR9X82_8.0_2024081000.bin.rar,JIKEAP_AP260T-H_QCA953X_100M_AR9X82_8.0_2024081000.bin.rar,6806893,e229eed5d6a82e4e4d68e2500fcd1df9,2024,20240810,集客无线AP_QCA_MIPS
2024/20240810/集客无线AP_QCA_MIPS/JIKEAP_AP261Y-H_QCA953X_100M_QCA9887_8.0_2024081000.bin.rar,JIKEAP_AP261Y-H_QCA953X_100M_QCA9887_8.0_2024081000.bin.rar,7166258,51fa0ac7b861d1df30e06c2e26b5e619,2024,20240810,集客无线AP_QCA_MIPS
2024/20240810/集客无线AP_QCA_MIPS/JIKEAP_AP262Y-H_QCA956X_1000M_QCA9882_8.0_2024081000.bin.rar,JIKEAP_AP262Y-H_QCA956X_1000M_QCA9882_8.0_2024081000.bin.rar,7965978,974fdff2504e64655a95d8af164c6a28,2024,20240810,集客无线AP_QCA_MIPS
2024/20240810/集客无线AP_QCA_MIPS/JIKEAP_AP263YS_QCA956X_1000M_QCA9880_8.0_2024081000.bin.rar,JIKEAP_AP263YS_QCA956X_1000M_QCA9880_8.0_2024081000.bin.rar,8318384,bd0a59b9473cdc572e366c0cc449c6fb,2024,20240810,集客无线AP_QCA_MIPS
2024/20240810/集客无线AP_QCA_MIPS/JIKEAP_AP266G-H_QCA955X_1000M_QCA9880_8.0_2024081000.bin.rar,JIKEAP_AP266G-H_QCA955X_1000M_QCA9880_8.0_2024081000.bin.rar,7964991,3b1d098018838f2cdd43fb64424ee36d,2024,20240810,集客无线AP_QCA_MIPS
2024/20240810/集客无线AP_QCA_MIPS/JIKEAP_AP267F-H_QCA956X_1000M_QCA9886_8.0_2024081000.bin.rar,JIKEAP_AP267F-H_QCA956X_1000M_QCA9886_8.0_2024081000.bin.rar,8054628,a540790fa5fd3eb4ee2128e1f50af271,2024,20240810,集客无线AP_QCA_MIPS
2024/20240810/集客无线AP_QCA_MIPS/JIKEAP_AP267F-Hv2_AP267F-HV2_QCA956X_1000M_QCA9886_8.0_2024081000.bin.rar,JIKEAP_AP267F-Hv2_AP267F-HV2_QCA956X_1000M_QCA9886_8.0_2024081000.bin.rar,8054604,3830187a8a9b31fe1793ea5015fb7275,2024,20240810,集客无线AP_QCA_MIPS
2024/20240810/集客无线AP_QCA_MIPS/JIKEAP_AP267KY-H_QCA956X_1000M_QCA9886_8.0_2024081000.bin.rar,JIKEAP_AP267KY-H_QCA956X_1000M_QCA9886_8.0_2024081000.bin.rar,8054422,a6389a60b813f0ef6fa5098eefa3b5b9,2024,20240810,集客无线AP_QCA_MIPS
2024/20240810/集客无线AP_QCA_MIPS/JIKEAP_AP280F-H_QCA953X_100M_QCA9887_8.0_2024081000.bin.rar,JIKEAP_AP280F-H_QCA953X_100M_QCA9887_8.0_2024081000.bin.rar,7167950,882ea176299c641cfc085e684c002b8e,2024,20240810,集客无线AP_QCA_MIPS
2024/20240810/集客无线AP_QCA_MIPS/JIKEAP_AP280Y-H_QCA953X_8.0_2024081000.bin.rar,JIKEAP_AP280Y-H_QCA953X_8.0_2024081000.bin.rar,7165988,f9a7b5b694b6f47fc5676d0150c97a4f,2024,20240810,集客无线AP_QCA_MIPS
2024/20240810/集客无线AP_QCA_MIPS/JIKEAP_AP281Y-H_AP281YV2_QCA956X_8.0_2024081000.bin.rar,JIKEAP_AP281Y-H_AP281YV2_QCA956X_8.0_2024081000.bin.rar,8055017,a410a30fe9c3cddd1a21f9c3766a6567,2024,20240810,集客无线AP_QCA_MIPS
2024/20240810/集客无线AP_QCA_MIPS/JIKEAP_AP281Y-H_QCA956X_8.0_2024081000.bin.rar,JIKEAP_AP281Y-H_QCA956X_8.0_2024081000.bin.rar,8057710,b72ce5a77a092b558cf04c762d1ee1ee,2024,20240810,集客无线AP_QCA_MIPS
2024/20240810/集客无线AP_QCA_MIPS/JIKEAP_AP282T-H_QCA956X_8.0_2024081000.bin.rar,JIKEAP_AP282T-H_QCA956X_8.0_2024081000.bin.rar,8838624,f0420cbdb4b7827502de28cacecc9061,2024,20240810,集客无线AP_QCA_MIPS
2024/20240810/集客无线AP_QCA_MIPS/JIKEAP_AP283Y-H_QCA956X_8.0_2024081000.bin.rar,JIKEAP_AP283Y-H_QCA956X_8.0_2024081000.bin.rar,7965975,3b0db48beb4dc9bcd9c5d4f991226fdb,2024,20240810,集客无线AP_QCA_MIPS
2024/20240810/集客无线AP_QCA_MIPS/JIKEAP_AP284Y-H_QCA956X_8.0_2024081000.bin.rar,JIKEAP_AP284Y-H_QCA956X_8.0_2024081000.bin.rar,8054894,23e98bff4ef283a5f1fd95cbf3f6ee6c,2024,20240810,集客无线AP_QCA_MIPS
2024/20240810/集客无线AP_QCA_MIPS/JIKEAP_AP3513NA_QCA934X_8.0_2024081000.bin.rar,JIKEAP_AP3513NA_QCA934X_8.0_2024081000.bin.rar,6805123,7e6949c8e675368359d5fab4058d4d3c,2024,20240810,集客无线AP_QCA_MIPS
2024/20240810/集客无线AP_QCA_MIPS/JIKEAP_AP49_QCA953X_8.0_2024081000.bin.rar,JIKEAP_AP49_QCA953X_8.0_2024081000.bin.rar,7210083,c8c4e80eaad77957c88fbf964cb4a441,2024,20240810,集客无线AP_QCA_MIPS
2024/20240810/集客无线AP_QCA_MIPS/JIKEAP_AP630_QCA953X_100M_EPORT_8.0_2024081000.bin.rar,JIKEAP_AP630_QCA953X_100M_EPORT_8.0_2024081000.bin.rar,6807079,fdc9af3cf7074256a7068b0b0cf77d5e,2024,20240810,集客无线AP_QCA_MIPS
2024/20240810/集客无线AP_QCA_MIPS/JIKEAP_AP630v2_AP630V2_QCA953X_100M_EPORT_8.0_2024081000.bin.rar,JIKEAP_AP630v2_AP630V2_QCA953X_100M_EPORT_8.0_2024081000.bin.rar,6805358,6be5ec2451a10b8661624677f9cb1980,2024,20240810,集客无线AP_QCA_MIPS
2024/20240810/集客无线AP_QCA_MIPS/JIKEAP_AP675_QCA953X_100M_EPORT_8.0_2024081000.bin.rar,JIKEAP_AP675_QCA953X_100M_EPORT_8.0_2024081000.bin.rar,7166047,ebac9c09809755a9882bd14e833fd9ee,2024,20240810,集客无线AP_QCA_MIPS
2024/20240810/集客无线AP_QCA_MIPS/JIKEAP_AP830H_QCA953X_100M_8.0_2024081000.bin.rar,JIKEAP_AP830H_QCA953X_100M_8.0_2024081000.bin.rar,6808197,cfde5f8712516a73940f982b6d91ccd5,2024,20240810,集客无线AP_QCA_MIPS
2024/20240810/集客无线AP_QCA_MIPS/JIKEAP_AP875H_QCA953X_100M_QCA9887_8.0_2024081000.bin.rar,JIKEAP_AP875H_QCA953X_100M_QCA9887_8.0_2024081000.bin.rar,7167820,a96b93658d3372d01da421fcbd89a33f,2024,20240810,集客无线AP_QCA_MIPS
2024/20240810/集客无线AP_QCA_MIPS/JIKEAP_AP9344_35P0_AP9344P0_QCA934X_1000M_8.0_2024081000.bin.rar,JIKEAP_AP9344_35P0_AP9344P0_QCA934X_1000M_8.0_2024081000.bin.rar,6806741,5c341b9a639167d645d67ec9a9ff1920,2024,20240810,集客无线AP_QCA_MIPS
2024/20240810/集客无线AP_QCA_MIPS/JIKEAP_AP9344_35P4_AP9344P4_QCA934X_1000M_8.0_2024081000.bin.rar,JIKEAP_AP9344_35P4_AP9344P4_QCA934X_1000M_8.0_2024081000.bin.rar,6806668,cf58bc050864779c8bb7b162fa0ce6d2,2024,20240810,集客无线AP_QCA_MIPS
2024/20240810/集客无线AP_QCA_MIPS/JIKEAP_AP9344_8327_QCA934X_1000M_8.0_2024081000.bin.rar,JIKEAP_AP9344_8327_QCA934X_1000M_8.0_2024081000.bin.rar,6804970,2440328319cfe5bb039ac3758a5c2194,2024,20240810,集客无线AP_QCA_MIPS
2024/20240810/集客无线AP_QCA_MIPS/JIKEAP_AP9344_M100_QCA934X_100M_8.0_2024081000.bin.rar,JIKEAP_AP9344_M100_QCA934X_100M_8.0_2024081000.bin.rar,6806809,7999c898df0f8b8eb24d82aed9b97047,2024,20240810,集客无线AP_QCA_MIPS
2024/20240810/集客无线AP_QCA_MIPS/JIKEAP_AP9344_RTL_QCA934X_1000M_8.0_2024081000.bin.rar,JIKEAP_AP9344_RTL_QCA934X_1000M_8.0_2024081000.bin.rar,6806900,2a10509bb590981ebab8523efed27e1c,2024,20240810,集客无线AP_QCA_MIPS
2024/20240810/集客无线AP_QCA_MIPS/JIKEAP_AP941_QCA953X_100M_8.0_2024081000.bin.rar,JIKEAP_AP941_QCA953X_100M_8.0_2024081000.bin.rar,6805059,f1ea798dc71e20a55710fee3d0c4ea7d,2024,20240810,集客无线AP_QCA_MIPS
2024/20240810/集客无线AP_QCA_MIPS/JIKEAP_AP9558V_QCA955X_1000M_QCA9880_LEEEL_8.0_2024081000.bin.rar,JIKEAP_AP9558V_QCA955X_1000M_QCA9880_LEEEL_8.0_2024081000.bin.rar,7966041,5b35e8ff09362bfc8c5bb8e783d2d9f8,2024,20240810,集客无线AP_QCA_MIPS
2024/20240810/集客无线AP_QCA_MIPS/JIKEAP_AP9558_QCA955X_1000M_QCA9880_8.0_2024081000.bin.rar,JIKEAP_AP9558_QCA955X_1000M_QCA9880_8.0_2024081000.bin.rar,7966076,bae27d29c8ee76f3e8a83f6984db2011,2024,20240810,集客无线AP_QCA_MIPS
2024/20240810/集客无线AP_QCA_MIPS/JIKEAP_ARIMA2210_QCA934X_EPORT_8.0_2024081000.bin.rar,JIKEAP_ARIMA2210_QCA934X_EPORT_8.0_2024081000.bin.rar,6805438,ab0a5878558c685fe0eb2a373e230d69,2024,20240810,集客无线AP_QCA_MIPS
2024/20240810/集客无线AP_QCA_MIPS/JIKEAP_FX-2ac_FX2AC_QCA956X_8.0_2024081000.bin.rar,JIKEAP_FX-2ac_FX2AC_QCA956X_8.0_2024081000.bin.rar,7960007,2576b03087524ee4fe46f7d39f67ffbf,2024,20240810,集客无线AP_QCA_MIPS
2024/20240810/集客无线AP_QCA_MIPS/JIKEAP_K2TS_QCA956X_1000M_QCA9886_8.0_2024081000.bin.rar,JIKEAP_K2TS_QCA956X_1000M_QCA9886_8.0_2024081000.bin.rar,8005340,34924afab2b7f514e47fbf7104023eec,2024,20240810,集客无线AP_QCA_MIPS
2024/20240810/集客无线AP_QCA_MIPS/JIKEAP_K2T_QCA956X_1000M_QCA9886_8.0_2024081000.bin.rar,JIKEAP_K2T_QCA956X_1000M_QCA9886_8.0_2024081000.bin.rar,8005367,05011ecf42f49600ad0de0ae37627ea3,2024,20240810,集客无线AP_QCA_MIPS
2024/20240810/集客无线AP_QCA_MIPS/JIKEAP_MI100_QCA934X_100M_8.0_2024081000.bin.rar,JIKEAP_MI100_QCA934X_100M_8.0_2024081000.bin.rar,6804922,c0add4d07825f391bb1d8da1c7df7498,2024,20240810,集客无线AP_QCA_MIPS
2024/20240810/集客无线AP_QCA_MIPS/JIKEAP_WPJ563_QCA956X_1000M_QCA9880_8.0_2024081000.bin.rar,JIKEAP_WPJ563_QCA956X_1000M_QCA9880_8.0_2024081000.bin.rar,8318319,b0169a8e26c8d571e1bb069b7cb21783,2024,20240810,集客无线AP_QCA_MIPS
2024/20240810/集客无线AP_QCA_MIPS/JIKEAP_XD102_QCA953X_8.0_2024081000.bin.rar,JIKEAP_XD102_QCA953X_8.0_2024081000.bin.rar,6805492,aaa215c87f0f9e3e1256614de5676b70,2024,20240810,集客无线AP_QCA_MIPS
2024/20240810/集客无线AP_QCA_MIPS/JIKEAP_XD1202G_QCA956X_8.0_2024081000.bin.rar,JIKEAP_XD1202G_QCA956X_8.0_2024081000.bin.rar,8055038,93ded32680a985ff4ec8c82f7470afd0,2024,20240810,集客无线AP_QCA_MIPS
2024/20240810/集客无线AP_QCA_MIPS/release_notes.txt,release_notes.txt,4126,1abeb18f5c49d7d1f83df01047543938,2024,20240810,集客无线AP_QCA_MIPS
2025/20250520/集客AC控制器/GECOOS_AC128_MT7621_1.3_2025011000.bin.rar,GECOOS_AC128_MT7621_1.3_2025011000.bin.rar,4353769,5de1dd85d2e43b5775d399d90d1631c0,2025,20250520,集客AC控制器
2025/20250520/集客AC控制器/GECOOS_AC7620_MT7620_FREE_1.3_2025011000.bin.rar,GECOOS_AC7620_MT7620_FREE_1.3_2025011000.bin.rar,4189621,7b394dec17be34be0cd038729b7cd443,2025,20250520,集客AC控制器
2025/20250520/集客AC控制器/GECOOS_AC7621_MT7621_FREE_1.3_2025011000.bin.rar,GECOOS_AC7621_MT7621_FREE_1.3_2025011000.bin.rar,4354247,c8df0e6afe410b29255eb12d670a4aad,2025,20250520,集客AC控制器
2025/20250520/集客AC控制器/GECOOS_AC7628_MT7628_FREE_1.3_2025011000.bin.rar,GECOOS_AC7628_MT7628_FREE_1.3_2025011000.bin.rar,4287870,fd3a800360484e6c0ca7a7c8e2d753ed,2025,20250520,集客AC控制器
2025/20250520/集客AC控制器/release_notes.txt,release_notes.txt,811,3df70b44f7a56c0e1fcd570f06010769,2025,20250520,集客AC控制器
2025/20250520/集客AP_AIROHA_AN756T_WIFI7/JIKEAP_BE3600FM_EN7563_K5_8.0_2025052300.bin.tar.gz,JIKEAP_BE3600FM_EN7563_K5_8.0_2025052300.bin.tar.gz,19971864,fd8cb3347a5d024d8d571e71ece4b7b8,2025,20250520,集客AP_AIROHA_AN756T_WIFI7
2025/20250520/集客AP_AIROHA_AN756T_WIFI7/JIKEAP_BE5000FM_EN7563_K5_8.0_2025052300.bin.tar.gz,JIKEAP_BE5000FM_EN7563_K5_8.0_2025052300.bin.tar.gz,19974543,a65e8c09b59186bd2552fd87efbd77d7,2025,20250520,集客AP_AIROHA_AN756T_WIFI7
2025/20250520/集客AP_AIROHA_AN756T_WIFI7/JIKEAP_BE5040XM_EN7563_K5_8.0_2025052300.bin.tar.gz,JIKEAP_BE5040XM_EN7563_K5_8.0_2025052300.bin.tar.gz,19973255,206627d3453fc48f0ba8c5dfd99f51a4,2025,20250520,集客AP_AIROHA_AN756T_WIFI7
2025/20250520/集客AP_AIROHA_AN756T_WIFI7/JIKEAP_BE5125FM_EN7563_K5_8.0_2025052300.bin.tar.gz,JIKEAP_BE5125FM_EN7563_K5_8.0_2025052300.bin.tar.gz,19974010,0f4bf3b8bf25d39f10ec1528ed194ad7,2025,20250520,集客AP_AIROHA_AN756T_WIFI7
2025/20250520/集客AP_MTK_MIPS/JIKEAP_AP107IOT_MT7620_K4_EPORT_8.0_2025052000.bin.tar.gz,JIKEAP_AP107IOT_MT7620_K4_EPORT_8.0_2025052000.bin.tar.gz,6235445,7175b40bd30224b840bd39e7649b634d,2025,20250520,集客AP_MTK_MIPS
2025/20250520/集客AP_MTK_MIPS/JIKEAP_AP110F_MT7628_K4_EPORT_8.0_2025052000.bin.tar.gz,JIKEAP_AP110F_MT7628_K4_EPORT_8.0_2025052000.bin.tar.gz,5356580,fd2e9e2d430cd92b772e980a0c382a5b,2025,20250520,集客AP_MTK_MIPS
2025/20250520/集客AP_MTK_MIPS/JIKEAP_AP118A_MT7628_K4_EPORT_8.0_2025052000.bin.tar.gz,JIKEAP_AP118A_MT7628_K4_EPORT_8.0_2025052000.bin.tar.gz,6952769,fb0c7cfe194439f995741919b9f8ef9c,2025,20250520,集客AP_MTK_MIPS
2025/20250520/集客AP_MTK_MIPS/JIKEAP_AP118F_AP118F0_MT7628_K4_EPORT_8.0_2025052000.bin.tar.gz,JIKEAP_AP118F_AP118F0_MT7628_K4_EPORT_8.0_2025052000.bin.tar.gz,6949879,295a8d0c3cce7befd7754491a2633eb3,2025,20250520,集客AP_MTK_MIPS
2025/20250520/集客AP_MTK_MIPS/JIKEAP_AP118F_MT7628_K4_EPORT_8.0_2025052000.bin.tar.gz,JIKEAP_AP118F_MT7628_K4_EPORT_8.0_2025052000.bin.tar.gz,6952928,1298efebe54213a844f163c162bb9798,2025,20250520,集客AP_MTK_MIPS
2025/20250520/集客AP_MTK_MIPS/JIKEAP_AP118Y_MT7628_K4_EPORT_8.0_2025052000.bin.tar.gz,JIKEAP_AP118Y_MT7628_K4_EPORT_8.0_2025052000.bin.tar.gz,6952930,1472fd30211d9030460fccaa8c174a0c,2025,20250520,集客AP_MTK_MIPS
2025/20250520/集客AP_MTK_MIPS/JIKEAP_AP210G_MT7620_K4_EPORT_8.0_2025052000.bin.tar.gz,JIKEAP_AP210G_MT7620_K4_EPORT_8.0_2025052000.bin.tar.gz,7010642,1fd3f7c8cdf2c0aec03cbba64ee000cc,2025,20250520,集客AP_MTK_MIPS
2025/20250520/集客AP_MTK_MIPS/JIKEAP_AP212-L_AP212L_MT7621_K4_EPORT_8.0_2025052000.bin.tar.gz,JIKEAP_AP212-L_AP212L_MT7621_K4_EPORT_8.0_2025052000.bin.tar.gz,6498707,20a810014718898f93127366a43eb5a0,2025,20250520,集客AP_MTK_MIPS
2025/20250520/集客AP_MTK_MIPS/JIKEAP_AP212G_AP212G0_MT7621_K4_EPORT_8.0_2025052000.bin.tar.gz,JIKEAP_AP212G_AP212G0_MT7621_K4_EPORT_8.0_2025052000.bin.tar.gz,6498712,ddcb32f8f5bbe8e17f57932c399a94a7,2025,20250520,集客AP_MTK_MIPS
2025/20250520/集客AP_MTK_MIPS/JIKEAP_AP212G_MT7621_K4_EPORT_8.0_2025052000.bin.tar.gz,JIKEAP_AP212G_MT7621_K4_EPORT_8.0_2025052000.bin.tar.gz,6502010,2c1f51448ca6da6fb46911d4ef300ab6,2025,20250520,集客AP_MTK_MIPS
2025/20250520/集客AP_MTK_MIPS/JIKEAP_AP213G_MT7620_K4_EPORT_8.0_2025052000.bin.tar.gz,JIKEAP_AP213G_MT7620_K4_EPORT_8.0_2025052000.bin.tar.gz,6659831,8693bab251ae3f22e4d5f78dd97e3881,2025,20250520,集客AP_MTK_MIPS
2025/20250520/集客AP_MTK_MIPS/JIKEAP_AP216G_MT7621_K4_EPORT_8.0_2025052000.bin.tar.gz,JIKEAP_AP216G_MT7621_K4_EPORT_8.0_2025052000.bin.tar.gz,7481424,30e84e1f13cfe72f434bed41ac3e828b,2025,20250520,集客AP_MTK_MIPS
2025/20250520/集客AP_MTK_MIPS/JIKEAP_AP216TV_MT7621_K4_EPORT_8.0_2025052000.bin.tar.gz,JIKEAP_AP216TV_MT7621_K4_EPORT_8.0_2025052000.bin.tar.gz,7507619,74aaf478d3ca6110b5e9e796cdea8832,2025,20250520,集客AP_MTK_MIPS
2025/20250520/集客AP_MTK_MIPS/JIKEAP_AP230EP_MT7620_K4_EPORT_8.0_2025052000.bin.tar.gz,JIKEAP_AP230EP_MT7620_K4_EPORT_8.0_2025052000.bin.tar.gz,7300354,f5c26d064e5997d73bb87a7d38e0b32b,2025,20250520,集客AP_MTK_MIPS
2025/20250520/集客AP_MTK_MIPS/JIKEAP_AP230G_MT7620_K4_RTL_EPORT_8.0_2025052000.bin.tar.gz,JIKEAP_AP230G_MT7620_K4_RTL_EPORT_8.0_2025052000.bin.tar.gz,7300057,6442127440d99dd6324f39417491271f,2025,20250520,集客AP_MTK_MIPS
2025/20250520/集客AP_MTK_MIPS/JIKEAP_AP230IP_MT7620_K4_EPORT_8.0_2025052000.bin.tar.gz,JIKEAP_AP230IP_MT7620_K4_EPORT_8.0_2025052000.bin.tar.gz,7299880,b70154a0e6706db37902a216cfd0bbbd,2025,20250520,集客AP_MTK_MIPS
2025/20250520/集客AP_MTK_MIPS/JIKEAP_AP238AN_MT7628_K4_LEEEL_EPORT_8.0_2025052000.bin.tar.gz,JIKEAP_AP238AN_MT7628_K4_LEEEL_EPORT_8.0_2025052000.bin.tar.gz,7566624,46b1915050eaf7755c8c2abdde5a1987,2025,20250520,集客AP_MTK_MIPS
2025/20250520/集客AP_MTK_MIPS/JIKEAP_AP238IOT_MT7628_K4_LEEEL_EPORT_8.0_2025052000.bin.tar.gz,JIKEAP_AP238IOT_MT7628_K4_LEEEL_EPORT_8.0_2025052000.bin.tar.gz,8389378,cc12e29eaab985500dd8942b67be9858,2025,20250520,集客AP_MTK_MIPS
2025/20250520/集客AP_MTK_MIPS/JIKEAP_AP238MQ_MT7628_K4_LEEEL_EPORT_8.0_2025052000.bin.tar.gz,JIKEAP_AP238MQ_MT7628_K4_LEEEL_EPORT_8.0_2025052000.bin.tar.gz,7657080,4c2811e9765b1843f620e766c39d61a7,2025,20250520,集客AP_MTK_MIPS
2025/20250520/集客AP_MTK_MIPS/JIKEAP_AP240P_MT7621_K4_SWITCH_LEEEE_EPORT_8.0_2025052000.bin.tar.gz,JIKEAP_AP240P_MT7621_K4_SWITCH_LEEEE_EPORT_8.0_2025052000.bin.tar.gz,5457538,5eb1dc38dd0da32726e0c58baeeb2db8,2025,20250520,集客AP_MTK_MIPS
2025/20250520/集客AP_MTK_MIPS/JIKEAP_AP240SFP_MT7621_K4_SWITCH_LEEEE_8.0_2025052000.bin.tar.gz,JIKEAP_AP240SFP_MT7621_K4_SWITCH_LEEEE_8.0_2025052000.bin.tar.gz,5462931,4fd878493e2b249351b98c900749d3cc,2025,20250520,集客AP_MTK_MIPS
2025/20250520/集客AP_MTK_MIPS/JIKEAP_AP242P_MT7621_K4_LLLLL_64M_8.0_2025052000.bin.tar.gz,JIKEAP_AP242P_MT7621_K4_LLLLL_64M_8.0_2025052000.bin.tar.gz,7826147,f93100674b206a2974c624f276224638,2025,20250520,集客AP_MTK_MIPS
2025/20250520/集客AP_MTK_MIPS/JIKEAP_AP245P_MT7621_K4_MT7615DN_LEEEL_EPORT_8.0_2025052000.bin.tar.gz,JIKEAP_AP245P_MT7621_K4_MT7615DN_LEEEL_EPORT_8.0_2025052000.bin.tar.gz,6854529,51f05adeb635bb9f1ce12a952608c166,2025,20250520,集客AP_MTK_MIPS
2025/20250520/集客AP_MTK_MIPS/JIKEAP_AP246HI_MT7621_K4_1000_8.0_2025052000.bin.tar.gz,JIKEAP_AP246HI_MT7621_K4_1000_8.0_2025052000.bin.tar.gz,8053449,17a0e5426e99fb81f63a5350cb6521cf,2025,20250520,集客AP_MTK_MIPS
2025/20250520/集客AP_MTK_MIPS/JIKEAP_AP246ND_MT7621_K4_MT7603_MT7615N_LLEEL_EPORT_8.0_2025052000.bin.tar.gz,JIKEAP_AP246ND_MT7621_K4_MT7603_MT7615N_LLEEL_EPORT_8.0_2025052000.bin.tar.gz,9082791,0ffd0589e7b6409c61a8cedf814a7368,2025,20250520,集客AP_MTK_MIPS
2025/20250520/集客AP_MTK_MIPS/JIKEAP_AP246NND_MT7621_K4_MT7603_MT7615N_LLEEL_EPORT_8.0_2025052000.bin.tar.gz,JIKEAP_AP246NND_MT7621_K4_MT7603_MT7615N_LLEEL_EPORT_8.0_2025052000.bin.tar.gz,9082431,365653ed9b4bbbb1ad5ce904f86546fa,2025,20250520,集客AP_MTK_MIPS
2025/20250520/集客AP_MTK_MIPS/JIKEAP_AP246P_MT7621_K4_MT7603_MT7615N_8.0_2025052000.bin.tar.gz,JIKEAP_AP246P_MT7621_K4_MT7603_MT7615N_8.0_2025052000.bin.tar.gz,8864056,06dcd6a30a21cf79f8916fba8ab4ca0d,2025,20250520,集客AP_MTK_MIPS
2025/20250520/集客AP_MTK_MIPS/JIKEAP_AP24_MT7621_K4_LEEEL_EPORT_8.0_2025052000.bin.tar.gz,JIKEAP_AP24_MT7621_K4_LEEEL_EPORT_8.0_2025052000.bin.tar.gz,7834227,9e40fb830471b1a3fb63d334127f8f91,2025,20250520,集客AP_MTK_MIPS
2025/20250520/集客AP_MTK_MIPS/JIKEAP_AP261F-H_AP261F-H0_MT7621_K4_8.0_2025052000.bin.tar.gz,JIKEAP_AP261F-H_AP261F-H0_MT7621_K4_8.0_2025052000.bin.tar.gz,6499238,2c87babeda61e31e2d5bc7d0ec5ae15c,2025,20250520,集客AP_MTK_MIPS
2025/20250520/集客AP_MTK_MIPS/JIKEAP_AP261F-H_MT7621_K4_8.0_2025052000.bin.tar.gz,JIKEAP_AP261F-H_MT7621_K4_8.0_2025052000.bin.tar.gz,6502817,efa5cc26becc3fc42f681721f84aeb86,2025,20250520,集客AP_MTK_MIPS
2025/20250520/集客AP_MTK_MIPS/JIKEAP_AP601_MT7620_K4_LEEEE_EPORT_8.0_2025052000.bin.tar.gz,JIKEAP_AP601_MT7620_K4_LEEEE_EPORT_8.0_2025052000.bin.tar.gz,5414483,9c7ea4bb4f83937be1d32438124250a2,2025,20250520,集客AP_MTK_MIPS
2025/20250520/集客AP_MTK_MIPS/JIKEAP_AX1800B_MT7621_K4_EPORT_8.0_2025052000.bin.tar.gz,JIKEAP_AX1800B_MT7621_K4_EPORT_8.0_2025052000.bin.tar.gz,6801841,565b39887b9d968ad42b2d8f483cd559,2025,20250520,集客AP_MTK_MIPS
2025/20250520/集客AP_MTK_MIPS/JIKEAP_AX1800FM_AX1800FM0_MT7621_K4_8.0_2025052000.bin.tar.gz,JIKEAP_AX1800FM_AX1800FM0_MT7621_K4_8.0_2025052000.bin.tar.gz,6797704,e74c352c2996c9ee8c2bf59a59177ff3,2025,20250520,集客AP_MTK_MIPS
2025/20250520/集客AP_MTK_MIPS/JIKEAP_AX1800FM_MT7621_K4_8.0_2025052000.bin.tar.gz,JIKEAP_AX1800FM_MT7621_K4_8.0_2025052000.bin.tar.gz,6803320,c3f2f4576a7b28e6e9c794c339ddf014,2025,20250520,集客AP_MTK_MIPS
2025/20250520/集客AP_MTK_MIPS/JIKEAP_AX1800H_MT7621_K4_MT7915DN_WIFI6_NAND_8.0_2025052000.bin.tar.gz,JIKEAP_AX1800H_MT7621_K4_MT7915DN_WIFI6_NAND_8.0_2025052000.bin.tar.gz,7019495,4f656a67703b84112e06b007d08d7647,2025,20250520,集客AP_MTK_MIPS
2025/20250520/集客AP_MTK_MIPS/JIKEAP_AX1800IoT_AX1800IOT_MT7621_K4_8.0_2025052000.bin.tar.gz,JIKEAP_AX1800IoT_AX1800IOT_MT7621_K4_8.0_2025052000.bin.tar.gz,7625931,6658344a7737da50ddee8fa09e0ee0e1,2025,20250520,集客AP_MTK_MIPS
2025/20250520/集客AP_MTK_MIPS/JIKEAP_AX1800S_MT7621_K4_MT7915DN_WIFI6_8.0_2025052000.bin.tar.gz,JIKEAP_AX1800S_MT7621_K4_MT7915DN_WIFI6_8.0_2025052000.bin.tar.gz,6801451,9e977a10252c13ddccd507623b9bd825,2025,20250520,集客AP_MTK_MIPS
2025/20250520/集客AP_MTK_MIPS/JIKEAP_AX2018-GPON_AX2018GP_MT7621_K4_EPORT_8.0_2025052000.bin.tar.gz,JIKEAP_AX2018-GPON_AX2018GP_MT7621_K4_EPORT_8.0_2025052000.bin.tar.gz,6800766,b2ce6e55b88bee0d075f1e5919cbf60f,2025,20250520,集客AP_MTK_MIPS
2025/20250520/集客AP_MTK_MIPS/JIKEAP_AX2020_MT7621_K4_EPORT_8.0_2025052000.bin.tar.gz,JIKEAP_AX2020_MT7621_K4_EPORT_8.0_2025052000.bin.tar.gz,6801619,2d35c3b32a8008e30d6816e8fd09c05e,2025,20250520,集客AP_MTK_MIPS
2025/20250520/集客AP_MTK_MIPS/JIKEAP_AX2021_0AX2021_MT7621_K4_EPORT_8.0_2025052000.bin.tar.gz,JIKEAP_AX2021_0AX2021_MT7621_K4_EPORT_8.0_2025052000.bin.tar.gz,6798398,3d24b6bd7979708025e5e367175ad434,2025,20250520,集客AP_MTK_MIPS
2025/20250520/集客AP_MTK_MIPS/JIKEAP_AX2021_MT7621_K4_EPORT_8.0_2025052000.bin.tar.gz,JIKEAP_AX2021_MT7621_K4_EPORT_8.0_2025052000.bin.tar.gz,6803465,8efadcd10dacbb00d27a166f5dbf9d04,2025,20250520,集客AP_MTK_MIPS
2025/20250520/集客AP_MTK_MIPS/JIKEAP_AX2022MQ_MT7621_K4_EPORT_8.0_2025052000.bin.tar.gz,JIKEAP_AX2022MQ_MT7621_K4_EPORT_8.0_2025052000.bin.tar.gz,6891501,e601e78b8a3cc5001f267e08d194e4ff,2025,20250520,集客AP_MTK_MIPS
2025/20250520/集客AP_MTK_MIPS/JIKEAP_AX2022_MT7621_K4_EPORT_8.0_2025052000.bin.tar.gz,JIKEAP_AX2022_MT7621_K4_EPORT_8.0_2025052000.bin.tar.gz,7626787,39bdf0ef2d1d39cc2136551c9cc0741e,2025,20250520,集客AP_MTK_MIPS
2025/20250520/集客AP_MTK_MIPS/JIKEAP_PAK590055_MT7621_K4_EPORT_8.0_2025052000.bin.tar.gz,JIKEAP_PAK590055_MT7621_K4_EPORT_8.0_2025052000.bin.tar.gz,6498840,12b7325252ad4accb6964ab7911825e6,2025,20250520,集客AP_MTK_MIPS
2025/20250520/集客AP_MTK_MIPS/JIKEAP_XB1200G_MT7621_K4_EPORT_8.0_2025052000.bin.tar.gz,JIKEAP_XB1200G_MT7621_K4_EPORT_8.0_2025052000.bin.tar.gz,6501996,99db76f47d25f009e3ca2ab037d74817,2025,20250520,集客AP_MTK_MIPS
2025/20250520/集客AP_MTK_MIPS/JIKEAP_XB8800_MT7620_K4_EPORT_8.0_2025052000.bin.tar.gz,JIKEAP_XB8800_MT7620_K4_EPORT_8.0_2025052000.bin.tar.gz,5414815,4b2080f7be94d02299c87d3411242f37,2025,20250520,集客AP_MTK_MIPS
2025/20250520/集客AP_MTK_MT7981_WIFI6/JIKEAP_AP250MD_MT7981_K5_NAND_8.0_2025052000.bin.tar.gz,JIKEAP_AP250MD_MT7981_K5_NAND_8.0_2025052000.bin.tar.gz,9337868,f1cd7bf12367c0ebd246e268d2b0677d,2025,20250520,集客AP_MTK_MT7981_WIFI6
2025/20250520/集客AP_MTK_MT7981_WIFI6/JIKEAP_AP250_MT7981_K5_WIFI6_3000M_8.0_2025052000.bin.tar.gz,JIKEAP_AP250_MT7981_K5_WIFI6_3000M_8.0_2025052000.bin.tar.gz,9209618,6960be765b7267c73e67268d5a46c49b,2025,20250520,集客AP_MTK_MT7981_WIFI6
2025/20250520/集客AP_MTK_MT7981_WIFI6/JIKEAP_AX2030FM_AX2030FM0_MT7981_K5_8.0_2025052000.bin.tar.gz,JIKEAP_AX2030FM_AX2030FM0_MT7981_K5_8.0_2025052000.bin.tar.gz,9186515,1c21296c845e996bdc4732a7f838f0ba,2025,20250520,集客AP_MTK_MT7981_WIFI6
2025/20250520/集客AP_MTK_MT7981_WIFI6/JIKEAP_AX2030FM_MT7981_K5_8.0_2025052000.bin.tar.gz,JIKEAP_AX2030FM_MT7981_K5_8.0_2025052000.bin.tar.gz,9190536,c6edd4e8d39afdba6fad55333fc8cd9d,2025,20250520,集客AP_MTK_MT7981_WIFI6
2025/20250520/集客AP_MTK_MT7981_WIFI6/JIKEAP_AX2034-GPON_AX2034GPON_MT7981_K5_WIFI6_3000M_PON_8.0_2025052000.bin.tar.gz,JIKEAP_AX2034-GPON_AX2034GPON_MT7981_K5_WIFI6_3000M_PON_8.0_2025052000.bin.tar.gz,9205892,14fade97dbf1457fd9860fca93c047b6,2025,20250520,集客AP_MTK_MT7981_WIFI6
2025/20250520/集客AP_MTK_MT7981_WIFI6/JIKEAP_AX3000AMX_MT7981_K5_WIFI6_3000M_2_5G_8.0_2025052000.bin.tar.gz,JIKEAP_AX3000AMX_MT7981_K5_WIFI6_3000M_2_5G_8.0_2025052000.bin.tar.gz,9190221,8a86eb024935f57eb241bb425b2e0fd9,2025,20250520,集客AP_MTK_MT7981_WIFI6
2025/20250520/集客AP_MTK_MT7981_WIFI6/JIKEAP_AX3000AM_MT7981_K5_WIFI6_3000M_8.0_2025052000.bin.tar.gz,JIKEAP_AX3000AM_MT7981_K5_WIFI6_3000M_8.0_2025052000.bin.tar.gz,9204942,f9d8528e1617b13f3224670ae847c873,2025,20250520,集客AP_MTK_MT7981_WIFI6
2025/20250520/集客AP_MTK_MT7981_WIFI6/JIKEAP_AX3000FMRU_MT7981_K5_8.0_2025052000.bin.tar.gz,JIKEAP_AX3000FMRU_MT7981_K5_8.0_2025052000.bin.tar.gz,9190458,cb2aceedb9dac853a011c37e49ca7b94,2025,20250520,集客AP_MTK_MT7981_WIFI6
2025/20250520/集客AP_MTK_MT7981_WIFI6/JIKEAP_AX3000FM_AX3000FM0_MT7981_K5_8.0_2025052000.bin.tar.gz,JIKEAP_AX3000FM_AX3000FM0_MT7981_K5_8.0_2025052000.bin.tar.gz,9186145,f162c2297ae59c589992c1d4b25633ed,2025,20250520,集客AP_MTK_MT7981_WIFI6
2025/20250520/集客AP_MTK_MT7981_WIFI6/JIKEAP_AX3000FM_MT7981_K5_8.0_2025052000.bin.tar.gz,JIKEAP_AX3000FM_MT7981_K5_8.0_2025052000.bin.tar.gz,9190299,076b3d8cb40784632eb570e2d6fda687,2025,20250520,集客AP_MTK_MT7981_WIFI6
2025/20250520/集客AP_MTK_MT7981_WIFI6/JIKEAP_AX3000PM_MT7981_K5_WIFI6_3000M_PON_8.0_2025052000.bin.tar.gz,JIKEAP_AX3000PM_MT7981_K5_WIFI6_3000M_PON_8.0_2025052000.bin.tar.gz,9204933,675b17cd2e8f8e08ad5dc18fdb85c92c,2025,20250520,集客AP_MTK_MT7981_WIFI6
2025/20250520/集客AP_MTK_MT7981_WIFI6/JIKEAP_AX3004FM-GPON_AX3000FGPON_MT7981_K5_WIFI6_3000M_PON_8.0_2025052000.bin.tar.gz,JIKEAP_AX3004FM-GPON_AX3000FGPON_MT7981_K5_WIFI6_3000M_PON_8.0_2025052000.bin.tar.gz,9206479,cc2f947b27ff38b661b3a25fa3bc06fb,2025,20250520,集客AP_MTK_MT7981_WIFI6
2025/20250520/集客AP_MTK_MT7981_WIFI6/JIKEAP_AX3025FM-SFP_AX3025FMSFP_MT7981_K5_8.0_2025052000.bin.tar.gz,JIKEAP_AX3025FM-SFP_AX3025FMSFP_MT7981_K5_8.0_2025052000.bin.tar.gz,9250919,ff835f11f80edb87cc203fd6d5942c8b,2025,20250520,集客AP_MTK_MT7981_WIFI6
2025/20250520/集客AP_MTK_MT7981_WIFI6/JIKEAP_AX3025FMN_MT7981_K5_NAND_8.0_2025052000.bin.tar.gz,JIKEAP_AX3025FMN_MT7981_K5_NAND_8.0_2025052000.bin.tar.gz,9321463,398688c6bff82b4927d1d5fb83233e19,2025,20250520,集客AP_MTK_MT7981_WIFI6
2025/20250520/集客AP_MTK_MT7981_WIFI6/JIKEAP_AX3025FM_MT7981_K5_8.0_2025052000.bin.tar.gz,JIKEAP_AX3025FM_MT7981_K5_8.0_2025052000.bin.tar.gz,9190412,e5ab628895ed2093b1a87741488b18f4,2025,20250520,集客AP_MTK_MT7981_WIFI6
2025/20250520/集客AP_MTK_MT7981_WIFI6/JIKEAP_AX8300Y_MT7981_K5_NAND_8.0_2025052000.bin.tar.gz,JIKEAP_AX8300Y_MT7981_K5_NAND_8.0_2025052000.bin.tar.gz,9337207,f2ee220e43e35253d4da27a54a7d6f03,2025,20250520,集客AP_MTK_MT7981_WIFI6
2025/20250520/集客AP_MTK_MT7981_WIFI6/JIKEAP_FAPM3001_MT7981_K5_8.0_2025052000.bin.tar.gz,JIKEAP_FAPM3001_MT7981_K5_8.0_2025052000.bin.tar.gz,9189263,12a6dc0859fdfff60bbf6a5c69d0af40,2025,20250520,集客AP_MTK_MT7981_WIFI6
2025/20250520/集客AP_高通_IPQ系列_WIFI6/JIKEAP_AC58U_IPQ40XX_1000M_IPQ4018_8.0_2025052000.bin.tar.gz,JIKEAP_AC58U_IPQ40XX_1000M_IPQ4018_8.0_2025052000.bin.tar.gz,11985033,e48fc80ac9de3bbd161e52f80a5e4fcf,2025,20250520,集客AP_高通_IPQ系列_WIFI6
2025/20250520/集客AP_高通_IPQ系列_WIFI6/JIKEAP_AC58U_IPQ40XX_8.0_2025052000_opboot.bin.tar.gz,JIKEAP_AC58U_IPQ40XX_8.0_2025052000_opboot.bin.tar.gz,11989304,781ac1d6c91375734e047076e1d4907f,2025,20250520,集客AP_高通_IPQ系列_WIFI6
2025/20250520/集客AP_高通_IPQ系列_WIFI6/JIKEAP_ACRH17_IPQ40XX_1000M_QCA9984_HT160_EPORT_8.0_2025052000.bin.tar.gz,JIKEAP_ACRH17_IPQ40XX_1000M_QCA9984_HT160_EPORT_8.0_2025052000.bin.tar.gz,13888559,55b70a43bda6ab27c289126c6aed8470,2025,20250520,集客AP_高通_IPQ系列_WIFI6
2025/20250520/集客AP_高通_IPQ系列_WIFI6/JIKEAP_ACRH17_IPQ40XX_8.0_2025052000_opboot.bin.tar.gz,JIKEAP_ACRH17_IPQ40XX_8.0_2025052000_opboot.bin.tar.gz,13901079,12b14501506c2370c4e36f4094397561,2025,20250520,集客AP_高通_IPQ系列_WIFI6
2025/20250520/集客AP_高通_IPQ系列_WIFI6/JIKEAP_AP118L_IPQ40XX_1000M_EPORT_8.0_2025052000.bin.tar.gz,JIKEAP_AP118L_IPQ40XX_1000M_EPORT_8.0_2025052000.bin.tar.gz,13636450,f9e0303d7e458d9869ab5ea7e7b01fed,2025,20250520,集客AP_高通_IPQ系列_WIFI6
2025/20250520/集客AP_高通_IPQ系列_WIFI6/JIKEAP_AP268F-H_IPQ40XX_8.0_2025052000.bin.tar.gz,JIKEAP_AP268F-H_IPQ40XX_8.0_2025052000.bin.tar.gz,13784653,1cde664a58a0582a0640ce8b8f56b244,2025,20250520,集客AP_高通_IPQ系列_WIFI6
2025/20250520/集客AP_高通_IPQ系列_WIFI6/JIKEAP_AP268F-IoT_AP268IOT_IPQ40XX_8.0_2025052000.bin.tar.gz,JIKEAP_AP268F-IoT_AP268IOT_IPQ40XX_8.0_2025052000.bin.tar.gz,13622993,5a36599f87e8eb1acbe75e2a37420eae,2025,20250520,集客AP_高通_IPQ系列_WIFI6
2025/20250520/集客AP_高通_IPQ系列_WIFI6/JIKEAP_AP269X-HG_IPQ40XX_1000M_8.0_2025052000.bin.tar.gz,JIKEAP_AP269X-HG_IPQ40XX_1000M_8.0_2025052000.bin.tar.gz,13636070,33e94f200d0518879cb04a4a5d0dfd71,2025,20250520,集客AP_高通_IPQ系列_WIFI6
2025/20250520/集客AP_高通_IPQ系列_WIFI6/JIKEAP_AP285F-H_IPQ40XX_1000M_8.0_2025052000.bin.tar.gz,JIKEAP_AP285F-H_IPQ40XX_1000M_8.0_2025052000.bin.tar.gz,13637424,8a4d528a918e1aa22709cc7f5d1601c3,2025,20250520,集客AP_高通_IPQ系列_WIFI6
2025/20250520/集客AP_高通_IPQ系列_WIFI6/JIKEAP_AP285KY-H_IPQ40XX_8.0_2025052000.bin.tar.gz,JIKEAP_AP285KY-H_IPQ40XX_8.0_2025052000.bin.tar.gz,13533180,be20abad3a8d369118de61e9e788bd6e,2025,20250520,集客AP_高通_IPQ系列_WIFI6
2025/20250520/集客AP_高通_IPQ系列_WIFI6/JIKEAP_AP320F-H_IPQ40XX_1000M_3RADIO_8.0_2025052000.bin.tar.gz,JIKEAP_AP320F-H_IPQ40XX_1000M_3RADIO_8.0_2025052000.bin.tar.gz,13603840,48e2b543a2a9266d887a2b45b1fceab2,2025,20250520,集客AP_高通_IPQ系列_WIFI6
2025/20250520/集客AP_高通_IPQ系列_WIFI6/JIKEAP_AP320KY-H_IPQ40XX_8.0_2025052000.bin.tar.gz,JIKEAP_AP320KY-H_IPQ40XX_8.0_2025052000.bin.tar.gz,13720608,b62eb016929cec8b2c87af974745e034,2025,20250520,集客AP_高通_IPQ系列_WIFI6
2025/20250520/集客AP_高通_IPQ系列_WIFI6/JIKEAP_AP320KYRUS_IPQ40XX_8.0_2025052000.bin.tar.gz,JIKEAP_AP320KYRUS_IPQ40XX_8.0_2025052000.bin.tar.gz,13720748,ba982edc97b86b2f875ea2f9a8beaec9,2025,20250520,集客AP_高通_IPQ系列_WIFI6
2025/20250520/集客AP_高通_IPQ系列_WIFI6/JIKEAP_AP320Y-H_IPQ40XX_1000M_3RADIO_8.0_2025052000.bin.tar.gz,JIKEAP_AP320Y-H_IPQ40XX_1000M_3RADIO_8.0_2025052000.bin.tar.gz,13638618,9260732ccd8606ee6cb761bd9058242c,2025,20250520,集客AP_高通_IPQ系列_WIFI6
2025/20250520/集客AP_高通_IPQ系列_WIFI6/JIKEAP_AP320YRUS_IPQ40XX_1000M_3RADIO_8.0_2025052000.bin.tar.gz,JIKEAP_AP320YRUS_IPQ40XX_1000M_3RADIO_8.0_2025052000.bin.tar.gz,13638365,8bdf6867333e3f1d1f8193680f95bfbd,2025,20250520,集客AP_高通_IPQ系列_WIFI6
2025/20250520/集客AP_高通_IPQ系列_WIFI6/JIKEAP_AP330F-H_IPQ40XX_1000M_3RADIO_HT160_8.0_2025052000.bin.tar.gz,JIKEAP_AP330F-H_IPQ40XX_1000M_3RADIO_HT160_8.0_2025052000.bin.tar.gz,13603764,c5376b44d8201a6da83b79ab10ab8db7,2025,20250520,集客AP_高通_IPQ系列_WIFI6
2025/20250520/集客AP_高通_IPQ系列_WIFI6/JIKEAP_AP386X_IPQ40XX_1000M_3RADIO_8.0_2025052000.bin.tar.gz,JIKEAP_AP386X_IPQ40XX_1000M_3RADIO_8.0_2025052000.bin.tar.gz,13637609,8177e598671dbac75c7691cfa0fc09a8,2025,20250520,集客AP_高通_IPQ系列_WIFI6
2025/20250520/集客AP_高通_IPQ系列_WIFI6/JIKEAP_AX1800F_IPQ60XX_1000M_WIFI6_8.0_2025052000.bin.tar.gz,JIKEAP_AX1800F_IPQ60XX_1000M_WIFI6_8.0_2025052000.bin.tar.gz,12604894,7a061b3ee40eabd93790de9615518ea0,2025,20250520,集客AP_高通_IPQ系列_WIFI6
2025/20250520/集客AP_高通_IPQ系列_WIFI6/JIKEAP_AX1800MI_IPQ60XX_1000M_WIFI6_8.0_2025052000.bin.tar.gz,JIKEAP_AX1800MI_IPQ60XX_1000M_WIFI6_8.0_2025052000.bin.tar.gz,12782715,5fedbd173b6794b3697423adab6ae38a,2025,20250520,集客AP_高通_IPQ系列_WIFI6
2025/20250520/集客AP_高通_IPQ系列_WIFI6/JIKEAP_AX1800Y_IPQ60XX_8.0_2025052000.bin.tar.gz,JIKEAP_AX1800Y_IPQ60XX_8.0_2025052000.bin.tar.gz,12913929,7ab5a155ef62ecb71f10494af670d020,2025,20250520,集客AP_高通_IPQ系列_WIFI6
2025/20250520/集客AP_高通_IPQ系列_WIFI6/JIKEAP_AX1801-MESH_AX1801MESH_IPQ60XX_8.0_2025052000.bin.tar.gz,JIKEAP_AX1801-MESH_AX1801MESH_IPQ60XX_8.0_2025052000.bin.tar.gz,15230490,db20596a8562700a92ca99584fae81c0,2025,20250520,集客AP_高通_IPQ系列_WIFI6
2025/20250520/集客AP_高通_IPQ系列_WIFI6/JIKEAP_AX2030A_IPQ50XX_EPORT_8.0_2025052000.bin.tar.gz,JIKEAP_AX2030A_IPQ50XX_EPORT_8.0_2025052000.bin.tar.gz,13628151,0ac4160f7dad7925f065802e5c99fb9e,2025,20250520,集客AP_高通_IPQ系列_WIFI6
2025/20250520/集客AP_高通_IPQ系列_WIFI6/JIKEAP_AX2034F-GPON_AX2034FPON_IPQ50XX_EPORT_8.0_2025052000.bin.tar.gz,JIKEAP_AX2034F-GPON_AX2034FPON_IPQ50XX_EPORT_8.0_2025052000.bin.tar.gz,14133214,c7ec665333398bfd5eba70bf3e9ba132,2025,20250520,集客AP_高通_IPQ系列_WIFI6
2025/20250520/集客AP_高通_IPQ系列_WIFI6/JIKEAP_AX2034W_IPQ50XX_EPORT_8.0_2025052000.bin.tar.gz,JIKEAP_AX2034W_IPQ50XX_EPORT_8.0_2025052000.bin.tar.gz,14126806,267121842d4b81751d318001690e80d8,2025,20250520,集客AP_高通_IPQ系列_WIFI6
2025/20250520/集客AP_高通_IPQ系列_WIFI6/JIKEAP_AX2180_IPQ60XX_1000M_WIFI6_8.0_2025052000.bin.tar.gz,JIKEAP_AX2180_IPQ60XX_1000M_WIFI6_8.0_2025052000.bin.tar.gz,15018592,1f2c523a8b4171ccb58c8bda4471967f,2025,20250520,集客AP_高通_IPQ系列_WIFI6
2025/20250520/集客AP_高通_IPQ系列_WIFI6/JIKEAP_AX3000F-SFP_AX3000FX_IPQ50XX_SFP_8.0_2025052000.bin.tar.gz,JIKEAP_AX3000F-SFP_AX3000FX_IPQ50XX_SFP_8.0_2025052000.bin.tar.gz,14125560,35ef1538757e8ec97de4cfd9ce5e6577,2025,20250520,集客AP_高通_IPQ系列_WIFI6
2025/20250520/集客AP_高通_IPQ系列_WIFI6/JIKEAP_AX3000FY_IPQ50XX_8.0_2025052000.bin.tar.gz,JIKEAP_AX3000FY_IPQ50XX_8.0_2025052000.bin.tar.gz,14124354,66136161ed4e26838a2410166415ee92,2025,20250520,集客AP_高通_IPQ系列_WIFI6
2025/20250520/集客AP_高通_IPQ系列_WIFI6/JIKEAP_AX3000F_IPQ50XX_8.0_2025052000.bin.tar.gz,JIKEAP_AX3000F_IPQ50XX_8.0_2025052000.bin.tar.gz,14124059,caf136b439f68c317201ec172c3091c6,2025,20250520,集客AP_高通_IPQ系列_WIFI6
2025/20250520/集客AP_高通_IPQ系列_WIFI6/JIKEAP_AX3000X_IPQ50XX_8.0_2025052000.bin.tar.gz,JIKEAP_AX3000X_IPQ50XX_8.0_2025052000.bin.tar.gz,13882487,2b902abc91e77388e355cebc53973997,2025,20250520,集客AP_高通_IPQ系列_WIFI6
2025/20250520/集客AP_高通_IPQ系列_WIFI6/JIKEAP_AX3001-MESH_AX3001MESH_IPQ50XX_8.0_2025052000.bin.tar.gz,JIKEAP_AX3001-MESH_AX3001MESH_IPQ50XX_8.0_2025052000.bin.tar.gz,16063127,febfc759fde917643ec8f32dd4e0f34f,2025,20250520,集客AP_高通_IPQ系列_WIFI6
2025/20250520/集客AP_高通_IPQ系列_WIFI6/JIKEAP_AX3025Y_IPQ807X_2500M_WIFI6_HT160_8.0_2025052000.bin.tar.gz,JIKEAP_AX3025Y_IPQ807X_2500M_WIFI6_HT160_8.0_2025052000.bin.tar.gz,15796275,b1ba959d98f03c4699dca244a4e658d7,2025,20250520,集客AP_高通_IPQ系列_WIFI6
2025/20250520/集客AP_高通_IPQ系列_WIFI6/JIKEAP_AX3050KY_IPQ807X_5000M_WIFI6_HT160_8.0_2025052000.bin.tar.gz,JIKEAP_AX3050KY_IPQ807X_5000M_WIFI6_HT160_8.0_2025052000.bin.tar.gz,13472528,8c3e3c7b6c2b038098fd5182aca300be,2025,20250520,集客AP_高通_IPQ系列_WIFI6
2025/20250520/集客AP_高通_IPQ系列_WIFI6/JIKEAP_AX5400KY_IPQ50XX_8.0_2025052000.bin.tar.gz,JIKEAP_AX5400KY_IPQ50XX_8.0_2025052000.bin.tar.gz,14344107,d492cea0c65377fc38af1e0c5bcbaba8,2025,20250520,集客AP_高通_IPQ系列_WIFI6
2025/20250520/集客AP_高通_IPQ系列_WIFI6/JIKEAP_AX5425Y-3-RU_AX5425Y3RU_IPQ50XX_8.0_2025052000.bin.tar.gz,JIKEAP_AX5425Y-3-RU_AX5425Y3RU_IPQ50XX_8.0_2025052000.bin.tar.gz,14142981,faf056cbc1fb08231b6592d5fb62d5af,2025,20250520,集客AP_高通_IPQ系列_WIFI6
2025/20250520/集客AP_高通_IPQ系列_WIFI6/JIKEAP_AX5RM_IPQ60XX_1000M_WIFI6_8.0_2025052000.bin.tar.gz,JIKEAP_AX5RM_IPQ60XX_1000M_WIFI6_8.0_2025052000.bin.tar.gz,12784234,ed9cf7d2f5eab2ea52da4c180bbcb31c,2025,20250520,集客AP_高通_IPQ系列_WIFI6
2025/20250520/集客AP_高通_IPQ系列_WIFI6/JIKEAP_AX8180X_IPQ60XX_8.0_2025052000.bin.tar.gz,JIKEAP_AX8180X_IPQ60XX_8.0_2025052000.bin.tar.gz,12929055,1ddb56dc580ef6643fc81b04963be5b7,2025,20250520,集客AP_高通_IPQ系列_WIFI6
2025/20250520/集客AP_高通_IPQ系列_WIFI6/JIKEAP_AX8180Y_IPQ60XX_8.0_2025052000.bin.tar.gz,JIKEAP_AX8180Y_IPQ60XX_8.0_2025052000.bin.tar.gz,13065165,e8be06e6c5bf3a7eff28cf5fe8532400,2025,20250520,集客AP_高通_IPQ系列_WIFI6
2025/20250520/集客AP_高通_IPQ系列_WIFI6/JIKEAP_AX8300A-SFP_AX8300ASFP_IPQ50XX_8.0_2025052000.bin.tar.gz,JIKEAP_AX8300A-SFP_AX8300ASFP_IPQ50XX_8.0_2025052000.bin.tar.gz,14116110,6267913b9662792d2c98c0ee77b31a8b,2025,20250520,集客AP_高通_IPQ系列_WIFI6
2025/20250520/集客AP_高通_IPQ系列_WIFI6/JIKEAP_AX8300A-SFP_IPQ50XX_8.0_2025052000.bin.tar.gz,JIKEAP_AX8300A-SFP_IPQ50XX_8.0_2025052000.bin.tar.gz,14108798,f7475fa7d19a6c50c4c662598fcb7b90,2025,20250520,集客AP_高通_IPQ系列_WIFI6
2025/20250520/集客AP_高通_IPQ系列_WIFI6/JIKEAP_AX8301L_IPQ50XX_8.0_2025052000.bin.tar.gz,JIKEAP_AX8301L_IPQ50XX_8.0_2025052000.bin.tar.gz,14106197,1917148462b51aa835b12aa4d772bf9f,2025,20250520,集客AP_高通_IPQ系列_WIFI6
2025/20250520/集客AP_高通_IPQ系列_WIFI6/JIKEAP_AX8325Q-SFP_AX8325QF_IPQ50XX_SFP_8.0_2025052000.bin.tar.gz,JIKEAP_AX8325Q-SFP_AX8325QF_IPQ50XX_SFP_8.0_2025052000.bin.tar.gz,16090033,a53d28ee818364dda6e37dd34b1f8ece,2025,20250520,集客AP_高通_IPQ系列_WIFI6
2025/20250520/集客AP_高通_IPQ系列_WIFI6/JIKEAP_AX8540Q-3_AX8540Q_IPQ50XX_SFP_8.0_2025052000.bin.tar.gz,JIKEAP_AX8540Q-3_AX8540Q_IPQ50XX_SFP_8.0_2025052000.bin.tar.gz,14146316,0f8c112de3db81fb788284c8286fe4e9,2025,20250520,集客AP_高通_IPQ系列_WIFI6
2025/20250520/集客AP_高通_IPQ系列_WIFI6/JIKEAP_AXR3100_IPQ40XX_1000M_QCA9984_HT160_EPORT_8.0_2025052000.bin.tar.gz,JIKEAP_AXR3100_IPQ40XX_1000M_QCA9984_HT160_EPORT_8.0_2025052000.bin.tar.gz,13881730,fef9ebf7af70f07d0f1962561207b286,2025,20250520,集客AP_高通_IPQ系列_WIFI6
2025/20250520/集客AP_高通_IPQ系列_WIFI6/JIKEAP_B3000_IPQ50XX_AR8033_NOR32_EPORT_8.0_2025052000.bin.tar.gz,JIKEAP_B3000_IPQ50XX_AR8033_NOR32_EPORT_8.0_2025052000.bin.tar.gz,13257326,7eab163dbcfda9c53f93f2573ccc628d,2025,20250520,集客AP_高通_IPQ系列_WIFI6
2025/20250520/集客AP_高通_IPQ系列_WIFI6/JIKEAP_CM520_IPQ40XX_1000M_NAND_EPORT_8.0_2025052000.bin.tar.gz,JIKEAP_CM520_IPQ40XX_1000M_NAND_EPORT_8.0_2025052000.bin.tar.gz,13923472,0affe81dc6d647ce52dc8dce16017dd5,2025,20250520,集客AP_高通_IPQ系列_WIFI6
2025/20250520/集客AP_高通_IPQ系列_WIFI6/JIKEAP_CM520_IPQ40XX_8.0_2025052000_opboot.bin.tar.gz,JIKEAP_CM520_IPQ40XX_8.0_2025052000_opboot.bin.tar.gz,13919454,f5b36330ab2ca6eb36bbc4c3fee480c6,2025,20250520,集客AP_高通_IPQ系列_WIFI6
2025/20250520/集客AP_高通_IPQ系列_WIFI6/JIKEAP_EA1303_IPQ50XX_8.0_2025052000.bin.tar.gz,JIKEAP_EA1303_IPQ50XX_8.0_2025052000.bin.tar.gz,14335954,562682c08cb00b84587091d8bc5337ef,2025,20250520,集客AP_高通_IPQ系列_WIFI6
2025/20250520/集客AP_高通_IPQ系列_WIFI6/JIKEAP_HM1800_IPQ60XX_1000M_WIFI6_8.0_2025052000.bin.tar.gz,JIKEAP_HM1800_IPQ60XX_1000M_WIFI6_8.0_2025052000.bin.tar.gz,12957719,374ae5750c95e181d0270fc0728c5fb9,2025,20250520,集客AP_高通_IPQ系列_WIFI6
2025/20250520/集客AP_高通_IPQ系列_WIFI6/JIKEAP_IK-SW3000G-DP_SW3000GDP_IPQ50XX_8.0_2025052000.bin.tar.gz,JIKEAP_IK-SW3000G-DP_SW3000GDP_IPQ50XX_8.0_2025052000.bin.tar.gz,14132064,cff9c21709e124a37b74ae422fd758b6,2025,20250520,集客AP_高通_IPQ系列_WIFI6
2025/20250520/集客AP_高通_IPQ系列_WIFI6/JIKEAP_N3000V_IPQ50XX_NAND_EPORT_8.0_2025052000.bin.tar.gz,JIKEAP_N3000V_IPQ50XX_NAND_EPORT_8.0_2025052000.bin.tar.gz,13555889,d6d5ad5bdc1aad723857c6bebab0301f,2025,20250520,集客AP_高通_IPQ系列_WIFI6
2025/20250520/集客AP_高通_IPQ系列_WIFI6/JIKEAP_N3000_IPQ50XX_NAND_8.0_2025052000.bin.tar.gz,JIKEAP_N3000_IPQ50XX_NAND_8.0_2025052000.bin.tar.gz,13556611,cf2251dd8372dbce675d4e33eaeaa251,2025,20250520,集客AP_高通_IPQ系列_WIFI6
2025/20250520/集客AP_高通_IPQ系列_WIFI6/JIKEAP_WIA3600_IPQ50XX_QCA8337_NAND_8.0_2025052000.bin.tar.gz,JIKEAP_WIA3600_IPQ50XX_QCA8337_NAND_8.0_2025052000.bin.tar.gz,13616948,89125f5e6a179822ffc8578934c4c7d2,2025,20250520,集客AP_高通_IPQ系列_WIFI6
2025/20250520/集客AP_高通_IPQ系列_WIFI6/JIKEAP_WP963_IPQ50XX_AR8033_NOR16_EPORT_8.0_2025052000.bin.tar.gz,JIKEAP_WP963_IPQ50XX_AR8033_NOR16_EPORT_8.0_2025052000.bin.tar.gz,12905102,989472d679da09407bff1a90f326cae7,2025,20250520,集客AP_高通_IPQ系列_WIFI6
2025/20250520/集客AP_高通_IPQ系列_WIFI6/JIKEAP_WP973_IPQ50XX_NAND_8.0_2025052000.bin.tar.gz,JIKEAP_WP973_IPQ50XX_NAND_8.0_2025052000.bin.tar.gz,14108363,cc07134f9bb86a0fc6eba4495bafa5ed,2025,20250520,集客AP_高通_IPQ系列_WIFI6
2025/20250520/集客AP_高通_IPQ系列_WIFI6/JIKEAP_WP973_V0_IPQ50XX_NOR_NAND_8.0_2025052000.bin.tar.gz,JIKEAP_WP973_V0_IPQ50XX_NOR_NAND_8.0_2025052000.bin.tar.gz,14108504,eade926251cd5cf640930475db06e456,2025,20250520,集客AP_高通_IPQ系列_WIFI6
2025/20250520/集客AP_高通_IPQ系列_WIFI6/ubi-JIKEAP_AC58U.img.tar.gz,ubi-JIKEAP_AC58U.img.tar.gz,11996674,9d4a67377e4d00fe2a5aee7a24be78d4,2025,20250520,集客AP_高通_IPQ系列_WIFI6
2025/20250520/集客AP_高通_IPQ系列_WIFI6/ubi-JIKEAP_ACRH17.img.tar.gz,ubi-JIKEAP_ACRH17.img.tar.gz,13901958,a9250fe146b92f8cff54d77bc6cf4ba2,2025,20250520,集客AP_高通_IPQ系列_WIFI6
2025/20250520/集客AP_高通_IPQ系列_WIFI6/ubi-JIKEAP_AX1800MI.img.tar.gz,ubi-JIKEAP_AX1800MI.img.tar.gz,12781988,e3e7a6f510e0dba4c39840785177fd87,2025,20250520,集客AP_高通_IPQ系列_WIFI6
2025/20250520/集客AP_高通_IPQ系列_WIFI6/ubi-JIKEAP_AX5RM.img.tar.gz,ubi-JIKEAP_AX5RM.img.tar.gz,12783577,779fa066fa69fb08d599a526d31d78c2,2025,20250520,集客AP_高通_IPQ系列_WIFI6
2025/20250520/集客AP_高通_IPQ系列_WIFI6/ubi-JIKEAP_AXR3100.img.tar.gz,ubi-JIKEAP_AXR3100.img.tar.gz,13880754,8011760b0889218e9f8813f66bb2ddba,2025,20250520,集客AP_高通_IPQ系列_WIFI6
2025/20250520/集客AP_高通_IPQ系列_WIFI7/JIKEAP_BE6525KY-3_BE6525KY3_IPQ53XX_8.0_2025052000.bin.tar.gz,JIKEAP_BE6525KY-3_BE6525KY3_IPQ53XX_8.0_2025052000.bin.tar.gz,24052895,21f15a0222bc8481775759a6ef929a17,2025,20250520,集客AP_高通_IPQ系列_WIFI7
2025/20250520/集客AP_高通_IPQ系列_WIFI7/JIKEAP_BE9325KY-6G_BE9325KY6G_IPQ53XX_8.0_2025052000.bin.tar.gz,JIKEAP_BE9325KY-6G_BE9325KY6G_IPQ53XX_8.0_2025052000.bin.tar.gz,24059504,dc6c4f5faf798ba8fba2345fabd87011,2025,20250520,集客AP_高通_IPQ系列_WIFI7
2025/20250520/集客AP_高通_IPQ系列_WIFI7/JIKEAP_NE36PRO_IPQ53XX_NAND_8.0_2025052000.bin.tar.gz,JIKEAP_NE36PRO_IPQ53XX_NAND_8.0_2025052000.bin.tar.gz,18339225,43ea0eeaacff70a40b4f34389d66c544,2025,20250520,集客AP_高通_IPQ系列_WIFI7
2025/20250520/集客AP_高通_IPQ系列_WIFI7/JIKEAP_VS017_IPQ53XX_8.0_2025052000.bin.tar.gz,JIKEAP_VS017_IPQ53XX_8.0_2025052000.bin.tar.gz,23884080,9d30eae4d6a18590ac55669f74382f9b,2025,20250520,集客AP_高通_IPQ系列_WIFI7
2025/20250520/集客AP_高通_MIPS（老古董）/JIKEAP_AP0141_QCA934X_1000M_8.0_2025052000.bin.tar.gz,JIKEAP_AP0141_QCA934X_1000M_8.0_2025052000.bin.tar.gz,6989718,56e3f7b24307b76314b59da24384a63d,2025,20250520,集客AP_高通_MIPS（老古董）
2025/20250520/集客AP_高通_MIPS（老古董）/JIKEAP_AP110T_QCA933X_100M_EPORT_8.0_2025052000.bin.tar.gz,JIKEAP_AP110T_QCA933X_100M_EPORT_8.0_2025052000.bin.tar.gz,6988261,0ca299d7b6d25680cc245d097e89220c,2025,20250520,集客AP_高通_MIPS（老古董）
2025/20250520/集客AP_高通_MIPS（老古董）/JIKEAP_AP112F_QCA953X_100M_16M_EPORT_8.0_2025052000.bin.tar.gz,JIKEAP_AP112F_QCA953X_100M_16M_EPORT_8.0_2025052000.bin.tar.gz,6997774,700d86ded2bc19f9ea3ded89354e804a,2025,20250520,集客AP_高通_MIPS（老古董）
2025/20250520/集客AP_高通_MIPS（老古董）/JIKEAP_AP112Fv2_AP112FV2_QCA953X_100M_8M_EPORT_8.0_2025052000.bin.tar.gz,JIKEAP_AP112Fv2_AP112FV2_QCA953X_100M_8M_EPORT_8.0_2025052000.bin.tar.gz,6989141,7e25e6173523421729f9f5dfe94d1e1f,2025,20250520,集客AP_高通_MIPS（老古董）
2025/20250520/集客AP_高通_MIPS（老古董）/JIKEAP_AP112J_QCA953X_100M_EPORT_8.0_2025052000.bin.tar.gz,JIKEAP_AP112J_QCA953X_100M_EPORT_8.0_2025052000.bin.tar.gz,6997665,21972f63edb4394feb71d19e239dc88d,2025,20250520,集客AP_高通_MIPS（老古董）
2025/20250520/集客AP_高通_MIPS（老古董）/JIKEAP_AP112Q_QCA934X_100M_EPORT_8.0_2025052000.bin.tar.gz,JIKEAP_AP112Q_QCA934X_100M_EPORT_8.0_2025052000.bin.tar.gz,6990124,1944edb46a74ab72bbcc45cc58902c3d,2025,20250520,集客AP_高通_MIPS（老古董）
2025/20250520/集客AP_高通_MIPS（老古董）/JIKEAP_AP112T_QCA953X_100M_EPORT_8.0_2025052000.bin.tar.gz,JIKEAP_AP112T_QCA953X_100M_EPORT_8.0_2025052000.bin.tar.gz,6988976,cda1c356d226fd4298d325a901a4705b,2025,20250520,集客AP_高通_MIPS（老古董）
2025/20250520/集客AP_高通_MIPS（老古董）/JIKEAP_AP112Y_QCA953X_100M_EPORT_8.0_2025052000.bin.tar.gz,JIKEAP_AP112Y_QCA953X_100M_EPORT_8.0_2025052000.bin.tar.gz,6997774,693d1f55b0bfb99fb71c97f64a433906,2025,20250520,集客AP_高通_MIPS（老古董）
2025/20250520/集客AP_高通_MIPS（老古董）/JIKEAP_AP116F_QCA953X_100M_QCA9887_EPORT_8.0_2025052000.bin.tar.gz,JIKEAP_AP116F_QCA953X_100M_QCA9887_EPORT_8.0_2025052000.bin.tar.gz,7355798,2d8614f206277a42c738751475ba63d8,2025,20250520,集客AP_高通_MIPS（老古董）
2025/20250520/集客AP_高通_MIPS（老古董）/JIKEAP_AP116Q_QCA953X_100M_QCA9887_EPORT_8.0_2025052000.bin.tar.gz,JIKEAP_AP116Q_QCA953X_100M_QCA9887_EPORT_8.0_2025052000.bin.tar.gz,7355912,1c571b813f28d906b6ed9084d8134bb7,2025,20250520,集客AP_高通_MIPS（老古董）
2025/20250520/集客AP_高通_MIPS（老古董）/JIKEAP_AP117Q_QCA956X_1000M_QCA9882_8.0_2025052000.bin.tar.gz,JIKEAP_AP117Q_QCA956X_1000M_QCA9882_8.0_2025052000.bin.tar.gz,8154412,0a32f2eb4711e87558b8aaec6d38ca54,2025,20250520,集客AP_高通_MIPS（老古董）
2025/20250520/集客AP_高通_MIPS（老古董）/JIKEAP_AP120_QCA934X_1000M_8.0_2025052000.bin.tar.gz,JIKEAP_AP120_QCA934X_1000M_8.0_2025052000.bin.tar.gz,7373453,702c93466a1903d5a2b662516f3d99cd,2025,20250520,集客AP_高通_MIPS（老古董）
2025/20250520/集客AP_高通_MIPS（老古董）/JIKEAP_AP126F_QCA953X_100M_8M_8.0_2025052000.bin.tar.gz,JIKEAP_AP126F_QCA953X_100M_8M_8.0_2025052000.bin.tar.gz,6989097,2d738d378926b2de315316d000f15ff6,2025,20250520,集客AP_高通_MIPS（老古董）
2025/20250520/集客AP_高通_MIPS（老古董）/JIKEAP_AP130F-H_QCA953X_100M_8.0_2025052000.bin.tar.gz,JIKEAP_AP130F-H_QCA953X_100M_8.0_2025052000.bin.tar.gz,6998949,ed0646c64f15c746f30ec6b283855e61,2025,20250520,集客AP_高通_MIPS（老古董）
2025/20250520/集客AP_高通_MIPS（老古董）/JIKEAP_AP130T_QCA934X_100M_AR9341_8.0_2025052000.bin.tar.gz,JIKEAP_AP130T_QCA934X_100M_AR9341_8.0_2025052000.bin.tar.gz,6988318,b59b0f1ae9f505218b80892c222bff27,2025,20250520,集客AP_高通_MIPS（老古董）
2025/20250520/集客AP_高通_MIPS（老古董）/JIKEAP_AP135T-H_QCA953X_100M_AR9341_8.0_2025052000.bin.tar.gz,JIKEAP_AP135T-H_QCA953X_100M_AR9341_8.0_2025052000.bin.tar.gz,6989034,d0e9a19a6b9e4070429619d9c30027f2,2025,20250520,集客AP_高通_MIPS（老古董）
2025/20250520/集客AP_高通_MIPS（老古董）/JIKEAP_AP136Y-H_QCA953X_100M_8.0_2025052000.bin.tar.gz,JIKEAP_AP136Y-H_QCA953X_100M_8.0_2025052000.bin.tar.gz,6997784,abed079a2a48ec59648a1b1e2b64ab35,2025,20250520,集客AP_高通_MIPS（老古董）
2025/20250520/集客AP_高通_MIPS（老古董）/JIKEAP_AP147_QCA953X_100M_QCA9887_8.0_2025052000.bin.tar.gz,JIKEAP_AP147_QCA953X_100M_QCA9887_8.0_2025052000.bin.tar.gz,8133062,54eaac781d3d990f7224c5470c61c3f7,2025,20250520,集客AP_高通_MIPS（老古董）
2025/20250520/集客AP_高通_MIPS（老古董）/JIKEAP_AP153Y-H_QCA953X_8.0_2025052000.bin.tar.gz,JIKEAP_AP153Y-H_QCA953X_8.0_2025052000.bin.tar.gz,6997826,d5a70d3e540b80503e399bc5048f5251,2025,20250520,集客AP_高通_MIPS（老古董）
2025/20250520/集客AP_高通_MIPS（老古董）/JIKEAP_AP185W_QCA934X_8.0_2025052000.bin.tar.gz,JIKEAP_AP185W_QCA934X_8.0_2025052000.bin.tar.gz,6989050,8c4c1ecbfb090e192fd186d9022ca9e0,2025,20250520,集客AP_高通_MIPS（老古董）
2025/20250520/集客AP_高通_MIPS（老古董）/JIKEAP_AP220G_AP220G_QCA956X_1000M_QCA9886_8.0_2025052000.bin.tar.gz,JIKEAP_AP220G_AP220G_QCA956X_1000M_QCA9886_8.0_2025052000.bin.tar.gz,8242633,b63ae61db7f899c4ddf5202aa9e16ffd,2025,20250520,集客AP_高通_MIPS（老古董）
2025/20250520/集客AP_高通_MIPS（老古董）/JIKEAP_AP222G_QCA956X_8.0_2025052000.bin.tar.gz,JIKEAP_AP222G_QCA956X_8.0_2025052000.bin.tar.gz,8243436,db7cbd350c27fb8eacb236322ce5bdac,2025,20250520,集客AP_高通_MIPS（老古董）
2025/20250520/集客AP_高通_MIPS（老古董）/JIKEAP_AP223G_AP223G_QCA956X_1000M_QCA9886_8.0_2025052000.bin.tar.gz,JIKEAP_AP223G_AP223G_QCA956X_1000M_QCA9886_8.0_2025052000.bin.tar.gz,8220296,6f21007f605f48df0fb98dd86e2c88ff,2025,20250520,集客AP_高通_MIPS（老古董）
2025/20250520/集客AP_高通_MIPS（老古董）/JIKEAP_AP260F-H_QCA953X_100M_QCA9887_8.0_2025052000.bin.tar.gz,JIKEAP_AP260F-H_QCA953X_100M_QCA9887_8.0_2025052000.bin.tar.gz,7357452,0fdac24adc894332376636ea3eaaaaef,2025,20250520,集客AP_高通_MIPS（老古董）
2025/20250520/集客AP_高通_MIPS（老古董）/JIKEAP_AP260T-H_QCA953X_100M_AR9X82_8.0_2025052000.bin.tar.gz,JIKEAP_AP260T-H_QCA953X_100M_AR9X82_8.0_2025052000.bin.tar.gz,6997674,8f117c18d8551920195f5bd75a5bdd0c,2025,20250520,集客AP_高通_MIPS（老古董）
2025/20250520/集客AP_高通_MIPS（老古董）/JIKEAP_AP261Y-H_QCA953X_100M_QCA9887_8.0_2025052000.bin.tar.gz,JIKEAP_AP261Y-H_QCA953X_100M_QCA9887_8.0_2025052000.bin.tar.gz,7355852,de1b7c1243b7a85915c5f5d8857264cc,2025,20250520,集客AP_高通_MIPS（老古董）
2025/20250520/集客AP_高通_MIPS（老古董）/JIKEAP_AP262Y-H_QCA956X_1000M_QCA9882_8.0_2025052000.bin.tar.gz,JIKEAP_AP262Y-H_QCA956X_1000M_QCA9882_8.0_2025052000.bin.tar.gz,8154496,25d1a0b7c3051367fca5b6312878e29f,2025,20250520,集客AP_高通_MIPS（老古董）
2025/20250520/集客AP_高通_MIPS（老古董）/JIKEAP_AP263YS_QCA956X_1000M_QCA9880_8.0_2025052000.bin.tar.gz,JIKEAP_AP263YS_QCA956X_1000M_QCA9880_8.0_2025052000.bin.tar.gz,8500521,aa36ccdb0619d8c8e3d6170feec5de68,2025,20250520,集客AP_高通_MIPS（老古董）
2025/20250520/集客AP_高通_MIPS（老古董）/JIKEAP_AP266G-H_QCA955X_1000M_QCA9880_8.0_2025052000.bin.tar.gz,JIKEAP_AP266G-H_QCA955X_1000M_QCA9880_8.0_2025052000.bin.tar.gz,8147547,d261d288bf723683eb544cd20b944185,2025,20250520,集客AP_高通_MIPS（老古董）
2025/20250520/集客AP_高通_MIPS（老古董）/JIKEAP_AP267F-H_QCA956X_1000M_QCA9886_8.0_2025052000.bin.tar.gz,JIKEAP_AP267F-H_QCA956X_1000M_QCA9886_8.0_2025052000.bin.tar.gz,8242572,ca87fdac926730f8448bd8ca2c5be7cf,2025,20250520,集客AP_高通_MIPS（老古董）
2025/20250520/集客AP_高通_MIPS（老古董）/JIKEAP_AP267F-Hv2_AP267F-HV2_QCA956X_1000M_QCA9886_8.0_2025052000.bin.tar.gz,JIKEAP_AP267F-Hv2_AP267F-HV2_QCA956X_1000M_QCA9886_8.0_2025052000.bin.tar.gz,8242649,3b357360be92f468bef0173f3b4742ee,2025,20250520,集客AP_高通_MIPS（老古董）
2025/20250520/集客AP_高通_MIPS（老古董）/JIKEAP_AP267KY-H_QCA956X_1000M_QCA9886_8.0_2025052000.bin.tar.gz,JIKEAP_AP267KY-H_QCA956X_1000M_QCA9886_8.0_2025052000.bin.tar.gz,8242349,2b67dda49eaab275834975a4406eb38e,2025,20250520,集客AP_高通_MIPS（老古董）
2025/20250520/集客AP_高通_MIPS（老古董）/JIKEAP_AP280F-H_QCA953X_100M_QCA9887_8.0_2025052000.bin.tar.gz,JIKEAP_AP280F-H_QCA953X_100M_QCA9887_8.0_2025052000.bin.tar.gz,7357454,bd238a8541778b10e67dc572d93ca9fc,2025,20250520,集客AP_高通_MIPS（老古董）
2025/20250520/集客AP_高通_MIPS（老古董）/JIKEAP_AP280Y-H_QCA953X_8.0_2025052000.bin.tar.gz,JIKEAP_AP280Y-H_QCA953X_8.0_2025052000.bin.tar.gz,7355883,7cf7e62fbac932bd78097a604922873a,2025,20250520,集客AP_高通_MIPS（老古董）
2025/20250520/集客AP_高通_MIPS（老古董）/JIKEAP_AP281Y-H_AP281YV2_QCA956X_8.0_2025052000.bin.tar.gz,JIKEAP_AP281Y-H_AP281YV2_QCA956X_8.0_2025052000.bin.tar.gz,8243349,c6dd07cdf11993a794f08449d5230400,2025,20250520,集客AP_高通_MIPS（老古董）
2025/20250520/集客AP_高通_MIPS（老古董）/JIKEAP_AP281Y-H_QCA956X_8.0_2025052000.bin.tar.gz,JIKEAP_AP281Y-H_QCA956X_8.0_2025052000.bin.tar.gz,8246516,d3838c5f0ca0c4fc172f6cd059cd3dab,2025,20250520,集客AP_高通_MIPS（老古董）
2025/20250520/集客AP_高通_MIPS（老古董）/JIKEAP_AP282T-H_QCA956X_8.0_2025052000.bin.tar.gz,JIKEAP_AP282T-H_QCA956X_8.0_2025052000.bin.tar.gz,9026537,e70eb5cfe4129deddcd7de3f16e0bc18,2025,20250520,集客AP_高通_MIPS（老古董）
2025/20250520/集客AP_高通_MIPS（老古董）/JIKEAP_AP283Y-H_QCA956X_8.0_2025052000.bin.tar.gz,JIKEAP_AP283Y-H_QCA956X_8.0_2025052000.bin.tar.gz,8154411,6f5e0d335a630caad2497f0b85612065,2025,20250520,集客AP_高通_MIPS（老古董）
2025/20250520/集客AP_高通_MIPS（老古董）/JIKEAP_AP284Y-H_QCA956X_8.0_2025052000.bin.tar.gz,JIKEAP_AP284Y-H_QCA956X_8.0_2025052000.bin.tar.gz,8242645,bbf1867296c9720b1b7379db50725a31,2025,20250520,集客AP_高通_MIPS（老古董）
2025/20250520/集客AP_高通_MIPS（老古董）/JIKEAP_AP3513NA_QCA934X_8.0_2025052000.bin.tar.gz,JIKEAP_AP3513NA_QCA934X_8.0_2025052000.bin.tar.gz,6989176,9899a094703cc2448a236fbb28b735b7,2025,20250520,集客AP_高通_MIPS（老古董）
2025/20250520/集客AP_高通_MIPS（老古董）/JIKEAP_AP49_QCA953X_8.0_2025052000.bin.tar.gz,JIKEAP_AP49_QCA953X_8.0_2025052000.bin.tar.gz,7400248,b8dec656dc5f459da4afd26119a61801,2025,20250520,集客AP_高通_MIPS（老古董）
2025/20250520/集客AP_高通_MIPS（老古董）/JIKEAP_AP630_QCA953X_100M_EPORT_8.0_2025052000.bin.tar.gz,JIKEAP_AP630_QCA953X_100M_EPORT_8.0_2025052000.bin.tar.gz,6997782,d27d17f2bf4cdf5f7c002e92cc67b870,2025,20250520,集客AP_高通_MIPS（老古董）
2025/20250520/集客AP_高通_MIPS（老古董）/JIKEAP_AP630v2_AP630V2_QCA953X_100M_EPORT_8.0_2025052000.bin.tar.gz,JIKEAP_AP630v2_AP630V2_QCA953X_100M_EPORT_8.0_2025052000.bin.tar.gz,6989126,24798ac53bbeadc15934cc44c7a26d9c,2025,20250520,集客AP_高通_MIPS（老古董）
2025/20250520/集客AP_高通_MIPS（老古董）/JIKEAP_AP675_QCA953X_100M_EPORT_8.0_2025052000.bin.tar.gz,JIKEAP_AP675_QCA953X_100M_EPORT_8.0_2025052000.bin.tar.gz,7355761,28efbfd6502170f6359e72ae1d4e6bf0,2025,20250520,集客AP_高通_MIPS（老古董）
2025/20250520/集客AP_高通_MIPS（老古董）/JIKEAP_AP830H_QCA953X_100M_8.0_2025052000.bin.tar.gz,JIKEAP_AP830H_QCA953X_100M_8.0_2025052000.bin.tar.gz,6998906,59fe4e7f490188f9d6e563a52abd226a,2025,20250520,集客AP_高通_MIPS（老古董）
2025/20250520/集客AP_高通_MIPS（老古董）/JIKEAP_AP875H_QCA953X_100M_QCA9887_8.0_2025052000.bin.tar.gz,JIKEAP_AP875H_QCA953X_100M_QCA9887_8.0_2025052000.bin.tar.gz,7357478,40105e8db18a2e61aca1de06db00e60b,2025,20250520,集客AP_高通_MIPS（老古董）
2025/20250520/集客AP_高通_MIPS（老古董）/JIKEAP_AP9344_35P0_AP9344P0_QCA934X_1000M_8.0_2025052000.bin.tar.gz,JIKEAP_AP9344_35P0_AP9344P0_QCA934X_1000M_8.0_2025052000.bin.tar.gz,6997703,619e108ba8ed0bcb0c17f5e95cbfff0e,2025,20250520,集客AP_高通_MIPS（老古董）
2025/20250520/集客AP_高通_MIPS（老古董）/JIKEAP_AP9344_35P4_AP9344P4_QCA934X_1000M_8.0_2025052000.bin.tar.gz,JIKEAP_AP9344_35P4_AP9344P4_QCA934X_1000M_8.0_2025052000.bin.tar.gz,6997704,3af9e5bb81add7e27565e5b58260b7d1,2025,20250520,集客AP_高通_MIPS（老古董）
2025/20250520/集客AP_高通_MIPS（老古董）/JIKEAP_AP9344_8327_QCA934X_1000M_8.0_2025052000.bin.tar.gz,JIKEAP_AP9344_8327_QCA934X_1000M_8.0_2025052000.bin.tar.gz,6988392,33d60454aa1505b10cac064659bca672,2025,20250520,集客AP_高通_MIPS（老古董）
2025/20250520/集客AP_高通_MIPS（老古董）/JIKEAP_AP9344_M100_QCA934X_100M_8.0_2025052000.bin.tar.gz,JIKEAP_AP9344_M100_QCA934X_100M_8.0_2025052000.bin.tar.gz,6997757,552a04179f0d1886fc352d3fc5cc45d2,2025,20250520,集客AP_高通_MIPS（老古董）
2025/20250520/集客AP_高通_MIPS（老古董）/JIKEAP_AP9344_RTL_QCA934X_1000M_8.0_2025052000.bin.tar.gz,JIKEAP_AP9344_RTL_QCA934X_1000M_8.0_2025052000.bin.tar.gz,6997688,51a230fccace729365b2e505b5fd0a5b,2025,20250520,集客AP_高通_MIPS（老古董）
2025/20250520/集客AP_高通_MIPS（老古董）/JIKEAP_AP941_QCA953X_100M_8.0_2025052000.bin.tar.gz,JIKEAP_AP941_QCA953X_100M_8.0_2025052000.bin.tar.gz,6988378,84bda5eaa561372f2ace53226c507bf0,2025,20250520,集客AP_高通_MIPS（老古董）
2025/20250520/集客AP_高通_MIPS（老古董）/JIKEAP_AP9558V_QCA955X_1000M_QCA9880_LEEEL_8.0_2025052000.bin.tar.gz,JIKEAP_AP9558V_QCA955X_1000M_QCA9880_LEEEL_8.0_2025052000.bin.tar.gz,8154534,5fa5f23b783cca12ce4b5e101c972045,2025,20250520,集客AP_高通_MIPS（老古董）
2025/20250520/集客AP_高通_MIPS（老古董）/JIKEAP_AP9558_QCA955X_1000M_QCA9880_8.0_2025052000.bin.tar.gz,JIKEAP_AP9558_QCA955X_1000M_QCA9880_8.0_2025052000.bin.tar.gz,8154496,c701fb1ec7ea29a0c71b30ff9d120fbd,2025,20250520,集客AP_高通_MIPS（老古董）
2025/20250520/集客AP_高通_MIPS（老古董）/JIKEAP_ARIMA2210_QCA934X_EPORT_8.0_2025052000.bin.tar.gz,JIKEAP_ARIMA2210_QCA934X_EPORT_8.0_2025052000.bin.tar.gz,6988941,af8b45822df4d5b636191a6de4c015df,2025,20250520,集客AP_高通_MIPS（老古董）
2025/20250520/集客AP_高通_MIPS（老古董）/JIKEAP_FX-2ac_FX2AC_QCA956X_8.0_2025052000.bin.tar.gz,JIKEAP_FX-2ac_FX2AC_QCA956X_8.0_2025052000.bin.tar.gz,8142676,e256cfae38daa338f38ee905b9721775,2025,20250520,集客AP_高通_MIPS（老古董）
2025/20250520/集客AP_高通_MIPS（老古董）/JIKEAP_K2TS_QCA956X_1000M_QCA9886_8.0_2025052000.bin.tar.gz,JIKEAP_K2TS_QCA956X_1000M_QCA9886_8.0_2025052000.bin.tar.gz,8187478,f278104d26035a81cfd5c4f4097c0374,2025,20250520,集客AP_高通_MIPS（老古董）
2025/20250520/集客AP_高通_MIPS（老古董）/JIKEAP_K2T_QCA956X_1000M_QCA9886_8.0_2025052000.bin.tar.gz,JIKEAP_K2T_QCA956X_1000M_QCA9886_8.0_2025052000.bin.tar.gz,8187394,5c553ef4f74f101b2cdf8ba5224ce654,2025,20250520,集客AP_高通_MIPS（老古董）
2025/20250520/集客AP_高通_MIPS（老古董）/JIKEAP_MI100_QCA934X_100M_8.0_2025052000.bin.tar.gz,JIKEAP_MI100_QCA934X_100M_8.0_2025052000.bin.tar.gz,6989092,98476f53c41ca25b94fb841788587631,2025,20250520,集客AP_高通_MIPS（老古董）
2025/20250520/集客AP_高通_MIPS（老古董）/JIKEAP_WPJ563_QCA956X_1000M_QCA9880_8.0_2025052000.bin.tar.gz,JIKEAP_WPJ563_QCA956X_1000M_QCA9880_8.0_2025052000.bin.tar.gz,8500404,8f35224c5fe9e5ff3b2872c307dca8b3,2025,20250520,集客AP_高通_MIPS（老古董）
2025/20250520/集客AP_高通_MIPS（老古董）/JIKEAP_XD102_QCA953X_8.0_2025052000.bin.tar.gz,JIKEAP_XD102_QCA953X_8.0_2025052000.bin.tar.gz,6989815,f5d2e65b20fb4247bb5eb2a2cb55a4c6,2025,20250520,集客AP_高通_MIPS（老古董）
2025/20250520/集客AP_高通_MIPS（老古董）/JIKEAP_XD1202G_QCA956X_8.0_2025052000.bin.tar.gz,JIKEAP_XD1202G_QCA956X_8.0_2025052000.bin.tar.gz,8242897,2d10162deb1276d089d80f2d1156cebe,2025,20250520,集客AP_高通_MIPS（老古董）
2025/20250520/集客网关X86/JIKE_gateway_3.1_2024080600.rar,JIKE_gateway_3.1_2024080600.rar,31967546,b013375d9b62d3ab1bfc8ad758b467c6,2025,20250520,集客网关X86
2025/20250520/集客网关X86/JIKE_gateway_3.1_2025011000.rar,JIKE_gateway_3.1_2025011000.rar,31970826,fbfd1653939977d77dd5840af9ad17fa,2025,20250520,集客网关X86
2025/20251022/集客AC控制器/GECOOS_AC128_MT7621_1.3_2025102200.bin,GECOOS_AC128_MT7621_1.3_2025102200.bin,4456522,ff32ac948d94a6fc584a1251e9b02ab4,2025,20251022,集客AC控制器
2025/20251022/集客AC控制器/GECOOS_AC7620_MT7620_FREE_1.3_2025102200.bin,GECOOS_AC7620_MT7620_FREE_1.3_2025102200.bin,4456522,98ba854aac364ba3b97181cc94b769e4,2025,20251022,集客AC控制器
2025/20251022/集客AC控制器/GECOOS_AC7621_MT7621_FREE_1.3_2025102200.bin,GECOOS_AC7621_MT7621_FREE_1.3_2025102200.bin,4456522,216a6ba4c65022b94aaef12d03accb7c,2025,20251022,集客AC控制器
2025/20251022/集客AC控制器/GECOOS_AC7628_MT7628_FREE_1.3_2025102200.bin,GECOOS_AC7628_MT7628_FREE_1.3_2025102200.bin,4456522,1a8ae74fb904cc0acb2723ee94a7e4af,2025,20251022,集客AC控制器
2026/20260211/集客网关X86/JIKE_gateway_3.1_2026021104.rar,JIKE_gateway_3.1_2026021104.rar,31970792,4162607d95350aef2d5c0c9857c66909,2026,20260211,集客网关X86
2026/20260401/集客网关X86/JIKE_gateway_3.1_2026040100.upg,JIKE_gateway_3.1_2026040100.upg,31971848,f777b4fce867c71e6dc694c9fc9cebba,2026,20260401,集客网关X86
2026/20260721/集客AC控制器/GECOOS_AC200-RK_ACGAS021_RK3568_emmc_1.4_2026072104.zip,GECOOS_AC200-RK_ACGAS021_RK3568_emmc_1.4_2026072104.zip,12178718,5dfc735c07104341bd09d6e88ec3a2f6,2026,20260721,集客AC控制器
2026/20260915/集客AP_AIROHA_AN756T_WIFI7/JIKEAP_BE3600FM_EN7563_K5_8.1_2026091500.bin,JIKEAP_BE3600FM_EN7563_K5_8.1_2026091500.bin,19977286,c08979c0d8eb8a8b736d68ea7a9e58ce,2026,20260915,集客AP_AIROHA_AN756T_WIFI7
2026/20260915/集客AP_AIROHA_AN756T_WIFI7/JIKEAP_BE5000FM_EN7563_K5_8.1_2026091500.bin,JIKEAP_BE5000FM_EN7563_K5_8.1_2026091500.bin,19976262,7b3b8293c13911aaa3ad73adbe062023,2026,20260915,集客AP_AIROHA_AN756T_WIFI7
2026/20260915/集客AP_AIROHA_AN756T_WIFI7/JIKEAP_BE5040XM_EN7563_K5_8.1_2026091500.bin,JIKEAP_BE5040XM_EN7563_K5_8.1_2026091500.bin,19976262,a3a7e8297e6b4c8932a2536a3238805e,2026,20260915,集客AP_AIROHA_AN756T_WIFI7
2026/20260915/集客AP_AIROHA_AN756T_WIFI7/JIKEAP_BE5125FM_EN7563_K5_8.1_2026091500.bin,JIKEAP_BE5125FM_EN7563_K5_8.1_2026091500.bin,19977286,5d84ea14e10693320be5f118c6c4bd4c,2026,20260915,集客AP_AIROHA_AN756T_WIFI7
2026/20260915/集客AP_MTK_MIPS/JIKEAP_AP107IOT_MT7620_K4_EPORT_8.0_2026091500.bin,JIKEAP_AP107IOT_MT7620_K4_EPORT_8.0_2026091500.bin,6291692,5e05627ce4765fc9a8153d082f2074c0,2026,20260915,集客AP_MTK_MIPS
2026/20260915/集客AP_MTK_MIPS/JIKEAP_AP110F_MT7628_K4_EPORT_8.0_2026091500.bin,JIKEAP_AP110F_MT7628_K4_EPORT_8.0_2026091500.bin,5505259,f443068a7c6b98caf88a6cfd25b85718,2026,20260915,集客AP_MTK_MIPS
2026/20260915/集客AP_MTK_MIPS/JIKEAP_AP118A_MT7628_K4_EPORT_8.0_2026091500.bin,JIKEAP_AP118A_MT7628_K4_EPORT_8.0_2026091500.bin,7078123,05711cd4b9fb531aa61b581a3d242fcf,2026,20260915,集客AP_MTK_MIPS
2026/20260915/集客AP_MTK_MIPS/JIKEAP_AP118F_AP118F0_MT7628_K4_EPORT_8.0_2026091500.bin,JIKEAP_AP118F_AP118F0_MT7628_K4_EPORT_8.0_2026091500.bin,7078123,c14ff7c38e7623e3b0af7236065e9133,2026,20260915,集客AP_MTK_MIPS
2026/20260915/集客AP_MTK_MIPS/JIKEAP_AP118F_MT7628_K4_EPORT_8.0_2026091500.bin,JIKEAP_AP118F_MT7628_K4_EPORT_8.0_2026091500.bin,7078123,b00c921f6eaaaee9971666654901c8aa,2026,20260915,集客AP_MTK_MIPS
2026/20260915/集客AP_MTK_MIPS/JIKEAP_AP118Y_MT7628_K4_EPORT_8.0_2026091500.bin,JIKEAP_AP118Y_MT7628_K4_EPORT_8.0_2026091500.bin,7078123,63f606837fb92dead0a0719b68428b45,2026,20260915,集客AP_MTK_MIPS
2026/20260915/集客AP_MTK_MIPS/JIKEAP_AP1200M-W_MT7621_K4_EPORT_8.0_2026091500.bin,JIKEAP_AP1200M-W_MT7621_K4_EPORT_8.0_2026091500.bin,6488302,76541453af6cb75a1f2b2181a0f57217,2026,20260915,集客AP_MTK_MIPS
2026/20260915/集客AP_MTK_MIPS/JIKEAP_AP210G_MT7620_K4_EPORT_8.0_2026091500.bin,JIKEAP_AP210G_MT7620_K4_EPORT_8.0_2026091500.bin,7078123,689d3ea95898fa9124d602039817b2e6,2026,20260915,集客AP_MTK_MIPS
2026/20260915/集客AP_MTK_MIPS/JIKEAP_AP212-L_AP212L_MT7621_K4_EPORT_8.0_2026091500.bin,JIKEAP_AP212-L_AP212L_MT7621_K4_EPORT_8.0_2026091500.bin,6488302,537743012e62ef5a4032c10b850a75e4,2026,20260915,集客AP_MTK_MIPS
2026/20260915/集客AP_MTK_MIPS/JIKEAP_AP212G_AP212G0_MT7621_K4_EPORT_8.0_2026091500.bin,JIKEAP_AP212G_AP212G0_MT7621_K4_EPORT_8.0_2026091500.bin,6488302,18d5e86efbc106a728e9bc74245f0c1b,2026,20260915,集客AP_MTK_MIPS
2026/20260915/集客AP_MTK_MIPS/JIKEAP_AP212G_MT7621_K4_EPORT_8.0_2026091500.bin,JIKEAP_AP212G_MT7621_K4_EPORT_8.0_2026091500.bin,6553838,8daf7a0e16ecfa8d44088c34c055d80f,2026,20260915,集客AP_MTK_MIPS
2026/20260915/集客AP_MTK_MIPS/JIKEAP_AP212G_WA228AC0V2_MT7621_K4_EPORT_8.0_2026091500.bin,JIKEAP_AP212G_WA228AC0V2_MT7621_K4_EPORT_8.0_2026091500.bin,6488302,182e89ee9605eaebe073c9497e6f1554,2026,20260915,集客AP_MTK_MIPS
2026/20260915/集客AP_MTK_MIPS/JIKEAP_AP212G_WA228ACV2_MT7621_K4_EPORT_8.0_2026091500.bin,JIKEAP_AP212G_WA228ACV2_MT7621_K4_EPORT_8.0_2026091500.bin,6553838,19ffb22a2f110c976f7fb406bf573251,2026,20260915,集客AP_MTK_MIPS
2026/20260915/集客AP_MTK_MIPS/JIKEAP_AP213G_MT7620_K4_EPORT_8.0_2026091500.bin,JIKEAP_AP213G_MT7620_K4_EPORT_8.0_2026091500.bin,6815979,c290103de1372d36d0b59fd6b201fd63,2026,20260915,集客AP_MTK_MIPS
2026/20260915/集客AP_MTK_MIPS/JIKEAP_AP216G_MT7621_K4_EPORT_8.0_2026091500.bin,JIKEAP_AP216G_MT7621_K4_EPORT_8.0_2026091500.bin,7471342,f77ea7740c9e57c18dfa47b86f491df7,2026,20260915,集客AP_MTK_MIPS
2026/20260915/集客AP_MTK_MIPS/JIKEAP_AP216TV_MT7621_K4_EPORT_8.0_2026091500.bin,JIKEAP_AP216TV_MT7621_K4_EPORT_8.0_2026091500.bin,7536878,589b9752d149309c740c7266406b8fb5,2026,20260915,集客AP_MTK_MIPS
2026/20260915/集客AP_MTK_MIPS/JIKEAP_AP230EP_MT7620_K4_EPORT_8.0_2026091500.bin,JIKEAP_AP230EP_MT7620_K4_EPORT_8.0_2026091500.bin,7340268,8bdec79af1945e3a499a7c97eb024f19,2026,20260915,集客AP_MTK_MIPS
2026/20260915/集客AP_MTK_MIPS/JIKEAP_AP230G_MT7620_K4_RTL_EPORT_8.0_2026091500.bin,JIKEAP_AP230G_MT7620_K4_RTL_EPORT_8.0_2026091500.bin,7340267,c02f8d8ddf849df286b82c97c92e3c45,2026,20260915,集客AP_MTK_MIPS
2026/20260915/集客AP_MTK_MIPS/JIKEAP_AP230IP_MT7620_K4_EPORT_8.0_2026091500.bin,JIKEAP_AP230IP_MT7620_K4_EPORT_8.0_2026091500.bin,7340268,917dedfb35b05202d0e9ae6ed1e84a02,2026,20260915,集客AP_MTK_MIPS
2026/20260915/集客AP_MTK_MIPS/JIKEAP_AP238AN_MT7628_K4_LEEEL_EPORT_8.0_2026091500.bin,JIKEAP_AP238AN_MT7628_K4_LEEEL_EPORT_8.0_2026091500.bin,7602412,dfb12427c803cf4199ab8dacc853a9ad,2026,20260915,集客AP_MTK_MIPS
2026/20260915/集客AP_MTK_MIPS/JIKEAP_AP238IOT_MT7628_K4_LEEEL_EPORT_8.0_2026091500.bin,JIKEAP_AP238IOT_MT7628_K4_LEEEL_EPORT_8.0_2026091500.bin,8388845,450845c9b7a52d42f84c9039d15554db,2026,20260915,集客AP_MTK_MIPS
2026/20260915/集客AP_MTK_MIPS/JIKEAP_AP238MQ_MT7628_K4_LEEEL_EPORT_8.0_2026091500.bin,JIKEAP_AP238MQ_MT7628_K4_LEEEL_EPORT_8.0_2026091500.bin,7864557,9a4bc284ad68b9f6ddda15edf898906a,2026,20260915,集客AP_MTK_MIPS
2026/20260915/集客AP_MTK_MIPS/JIKEAP_AP240P_MT7621_K4_SWITCH_LEEEE_EPORT_8.0_2026091500.bin,JIKEAP_AP240P_MT7621_K4_SWITCH_LEEEE_EPORT_8.0_2026091500.bin,5505262,a92948221717b72585e6335b521ce72b,2026,20260915,集客AP_MTK_MIPS
2026/20260915/集客AP_MTK_MIPS/JIKEAP_AP240SFP_MT7621_K4_SWITCH_LEEEE_8.0_2026091500.bin,JIKEAP_AP240SFP_MT7621_K4_SWITCH_LEEEE_8.0_2026091500.bin,5505264,f58abf95667ce750bbdde616176d9883,2026,20260915,集客AP_MTK_MIPS
2026/20260915/集客AP_MTK_MIPS/JIKEAP_AP242P_MT7621_K4_LLLLL_64M_8.0_2026091500.bin,JIKEAP_AP242P_MT7621_K4_LLLLL_64M_8.0_2026091500.bin,7864558,9589db8fdd839704c12d6d1254349d47,2026,20260915,集客AP_MTK_MIPS
2026/20260915/集客AP_MTK_MIPS/JIKEAP_AP243P_MT7621_K4_LEEEL_EPORT_8.0_2026091500.bin,JIKEAP_AP243P_MT7621_K4_LEEEL_EPORT_8.0_2026091500.bin,7864558,3e5d08e179bda7c58b5fcf7a12cd2e45,2026,20260915,集客AP_MTK_MIPS
2026/20260915/集客AP_MTK_MIPS/JIKEAP_AP245P_MT7621_K4_MT7615DN_LEEEL_EPORT_8.0_2026091500.bin,JIKEAP_AP245P_MT7621_K4_MT7615DN_LEEEL_EPORT_8.0_2026091500.bin,6881518,c6009623c2912d47d5510f0553f144da,2026,20260915,集客AP_MTK_MIPS
2026/20260915/集客AP_MTK_MIPS/JIKEAP_AP246HI_MT7621_K4_1000_8.0_2026091500.bin,JIKEAP_AP246HI_MT7621_K4_1000_8.0_2026091500.bin,8061167,dfaf5a4ca1f0ba4f235246d79949f83a,2026,20260915,集客AP_MTK_MIPS
2026/20260915/集客AP_MTK_MIPS/JIKEAP_AP246ND_MT7621_K4_MT7603_MT7615N_LLEEL_EPORT_8.0_2026091500.bin,JIKEAP_AP246ND_MT7621_K4_MT7603_MT7615N_LLEEL_EPORT_8.0_2026091500.bin,9109743,d74d3ce9f8ab3fc719253e50314554cb,2026,20260915,集客AP_MTK_MIPS
2026/20260915/集客AP_MTK_MIPS/JIKEAP_AP246NND_MT7621_K4_MT7603_MT7615N_LLEEL_EPORT_8.0_2026091500.bin,JIKEAP_AP246NND_MT7621_K4_MT7603_MT7615N_LLEEL_EPORT_8.0_2026091500.bin,9109744,7d821da557dba135f3e2c88bc3138876,2026,20260915,集客AP_MTK_MIPS
2026/20260915/集客AP_MTK_MIPS/JIKEAP_AP246P_MT7621_K4_MT7603_MT7615N_8.0_2026091500.bin,JIKEAP_AP246P_MT7621_K4_MT7603_MT7615N_8.0_2026091500.bin,8913134,9ed08210fdd6a67082eaca4a26ddf8b0,2026,20260915,集客AP_MTK_MIPS
2026/20260915/集客AP_MTK_MIPS/JIKEAP_AP261F-H_AP261F-H0_MT7621_K4_8.0_2026091500.bin,JIKEAP_AP261F-H_AP261F-H0_MT7621_K4_8.0_2026091500.bin,6488302,278fd118ec0f8e7472d4dab4f4965138,2026,20260915,集客AP_MTK_MIPS
2026/20260915/集客AP_MTK_MIPS/JIKEAP_AP261F-H_MT7621_K4_8.0_2026091500.bin,JIKEAP_AP261F-H_MT7621_K4_8.0_2026091500.bin,6553838,7114aef1b4d4baa169319fd4613afb2e,2026,20260915,集客AP_MTK_MIPS
2026/20260915/集客AP_MTK_MIPS/JIKEAP_AP601_MT7620_K4_LEEEE_EPORT_8.0_2026091500.bin,JIKEAP_AP601_MT7620_K4_LEEEE_EPORT_8.0_2026091500.bin,5505258,7588fbaac3bc26e317dfed35b61d47d5,2026,20260915,集客AP_MTK_MIPS
2026/20260915/集客AP_MTK_MIPS/JIKEAP_AX1800B_MT7621_K4_EPORT_8.0_2026091500.bin,JIKEAP_AX1800B_MT7621_K4_EPORT_8.0_2026091500.bin,6881519,bb7b1f9b2af6c031840b8958abde38d6,2026,20260915,集客AP_MTK_MIPS
2026/20260915/集客AP_MTK_MIPS/JIKEAP_AX1800FM_AX1800FM0_MT7621_K4_8.0_2026091500.bin,JIKEAP_AX1800FM_AX1800FM0_MT7621_K4_8.0_2026091500.bin,6815983,c56df95a078dd20fbeb2fe07a95b162c,2026,20260915,集客AP_MTK_MIPS
2026/20260915/集客AP_MTK_MIPS/JIKEAP_AX1800FM_MT7621_K4_8.0_2026091500.bin,JIKEAP_AX1800FM_MT7621_K4_8.0_2026091500.bin,6881519,167ac884584c7ccc202fe3e9d6215905,2026,20260915,集客AP_MTK_MIPS
2026/20260915/集客AP_MTK_MIPS/JIKEAP_AX1800H_MT7621_K4_MT7915DN_WIFI6_NAND_8.0_2026091500.bin,JIKEAP_AX1800H_MT7621_K4_MT7915DN_WIFI6_NAND_8.0_2026091500.bin,7209199,414ff65d22de71b9e353f489c0e5a19e,2026,20260915,集客AP_MTK_MIPS
2026/20260915/集客AP_MTK_MIPS/JIKEAP_AX1800IoT_AX1800IOT_MT7621_K4_8.0_2026091500.bin,JIKEAP_AX1800IoT_AX1800IOT_MT7621_K4_8.0_2026091500.bin,7667951,73948d34e5dc3e3f3b7083a65cda9879,2026,20260915,集客AP_MTK_MIPS
2026/20260915/集客AP_MTK_MIPS/JIKEAP_AX1800S_MT7621_K4_MT7915DN_WIFI6_8.0_2026091500.bin,JIKEAP_AX1800S_MT7621_K4_MT7915DN_WIFI6_8.0_2026091500.bin,6881519,9e904bca55dbc6592fd08fecfc4d689d,2026,20260915,集客AP_MTK_MIPS
2026/20260915/集客AP_MTK_MIPS/JIKEAP_AX2018-GPON_AX2018GP_MT7621_K4_EPORT_8.0_2026091500.bin,JIKEAP_AX2018-GPON_AX2018GP_MT7621_K4_EPORT_8.0_2026091500.bin,6881517,689b75af8046cb40b484f9969603e623,2026,20260915,集客AP_MTK_MIPS
2026/20260915/集客AP_MTK_MIPS/JIKEAP_AX2018-SFP_AX2018SFP_MT7621_K4_EPORT_8.0_2026091500.bin,JIKEAP_AX2018-SFP_AX2018SFP_MT7621_K4_EPORT_8.0_2026091500.bin,6881517,71a884d2e07159f794e91221de4993a2,2026,20260915,集客AP_MTK_MIPS
2026/20260915/集客AP_MTK_MIPS/JIKEAP_AX2020_MT7621_K4_EPORT_8.0_2026091500.bin,JIKEAP_AX2020_MT7621_K4_EPORT_8.0_2026091500.bin,6881517,29373a75792378f7a9d47cd732f78a83,2026,20260915,集客AP_MTK_MIPS
2026/20260915/集客AP_MTK_MIPS/JIKEAP_AX2021_0AX2021_MT7621_K4_EPORT_8.0_2026091500.bin,JIKEAP_AX2021_0AX2021_MT7621_K4_EPORT_8.0_2026091500.bin,6815981,5a1585720d1a717bd06d070cda8d5dce,2026,20260915,集客AP_MTK_MIPS
2026/20260915/集客AP_MTK_MIPS/JIKEAP_AX2021_MT7621_K4_EPORT_8.0_2026091500.bin,JIKEAP_AX2021_MT7621_K4_EPORT_8.0_2026091500.bin,6881517,5e3e9bf3ef6dce8b3bd41857ee73ed0c,2026,20260915,集客AP_MTK_MIPS
2026/20260915/集客AP_MTK_MIPS/JIKEAP_AX2022MQ_MT7621_K4_EPORT_8.0_2026091500.bin,JIKEAP_AX2022MQ_MT7621_K4_EPORT_8.0_2026091500.bin,6947055,af37e189ccca9214c4e3b8392ee43da6,2026,20260915,集客AP_MTK_MIPS
2026/20260915/集客AP_MTK_MIPS/JIKEAP_AX2022_MT7621_K4_EPORT_8.0_2026091500.bin,JIKEAP_AX2022_MT7621_K4_EPORT_8.0_2026091500.bin,7667951,1c070f11c794713abc6651406e91a274,2026,20260915,集客AP_MTK_MIPS
2026/20260915/集客AP_MTK_MIPS/JIKEAP_PAK590055_MT7621_K4_EPORT_8.0_2026091500.bin,JIKEAP_PAK590055_MT7621_K4_EPORT_8.0_2026091500.bin,6488302,1623d1bbb5392ca93f013fb0c7eda5bb,2026,20260915,集客AP_MTK_MIPS
2026/20260915/集客AP_MTK_MIPS/JIKEAP_XB1200G_MT7621_K4_EPORT_8.0_2026091500.bin,JIKEAP_XB1200G_MT7621_K4_EPORT_8.0_2026091500.bin,6488303,d1bcc697769165e9e466d7c34ac56f54,2026,20260915,集客AP_MTK_MIPS
2026/20260915/集客AP_MTK_MIPS/JIKEAP_XB8800_MT7620_K4_EPORT_8.0_2026091500.bin,JIKEAP_XB8800_MT7620_K4_EPORT_8.0_2026091500.bin,5505259,70b01dda02c5fe3dcbf9a281148c2183,2026,20260915,集客AP_MTK_MIPS
2026/20260915/集客AP_高通_IPQ系列_WIFI6/JIKEAP_AC58U_IPQ40XX_1000M_IPQ4018_8.0_2026091500.bin,JIKEAP_AC58U_IPQ40XX_1000M_IPQ4018_8.0_2026091500.bin,12117110,1122f6e5295729573dcc22a03293106d,2026,20260915,集客AP_高通_IPQ系列_WIFI6
2026/20260915/集客AP_高通_IPQ系列_WIFI6/JIKEAP_AC58U_IPQ40XX_8.0_2026091500_opboot.bin,JIKEAP_AC58U_IPQ40XX_8.0_2026091500_opboot.bin,14684160,6cdda37f6710b44cb331549d193857b7,2026,20260915,集客AP_高通_IPQ系列_WIFI6
2026/20260915/集客AP_高通_IPQ系列_WIFI6/JIKEAP_ACRH17_IPQ40XX_1000M_QCA9984_HT160_EPORT_8.0_2026091500.bin,JIKEAP_ACRH17_IPQ40XX_1000M_QCA9984_HT160_EPORT_8.0_2026091500.bin,13955270,dd21b4bb7a5f8cb2b358ff2b8a0a872f,2026,20260915,集客AP_高通_IPQ系列_WIFI6
2026/20260915/集客AP_高通_IPQ系列_WIFI6/JIKEAP_ACRH17_IPQ40XX_8.0_2026091500_opboot.bin,JIKEAP_ACRH17_IPQ40XX_8.0_2026091500_opboot.bin,25169920,a49644fd9acd99084e7d10feba8c7278,2026,20260915,集客AP_高通_IPQ系列_WIFI6
2026/20260915/集客AP_高通_IPQ系列_WIFI6/JIKEAP_AP118L_IPQ40XX_1000M_EPORT_8.0_2026091500.bin,JIKEAP_AP118L_IPQ40XX_1000M_EPORT_8.0_2026091500.bin,13753458,8f42454d74ba44473a4fc80e192c6d07,2026,20260915,集客AP_高通_IPQ系列_WIFI6
2026/20260915/集客AP_高通_IPQ系列_WIFI6/JIKEAP_AP268F-H_IPQ40XX_8.0_2026091500.bin,JIKEAP_AP268F-H_IPQ40XX_8.0_2026091500.bin,14018730,ca458c8f3ebb834a39c5eb859cb53baa,2026,20260915,集客AP_高通_IPQ系列_WIFI6
2026/20260915/集客AP_高通_IPQ系列_WIFI6/JIKEAP_AP268F-IoT_AP268IOT_IPQ40XX_8.0_2026091500.bin,JIKEAP_AP268F-IoT_AP268IOT_IPQ40XX_8.0_2026091500.bin,13756582,68e3dad578f18979cebb115d63e19c73,2026,20260915,集客AP_高通_IPQ系列_WIFI6
2026/20260915/集客AP_高通_IPQ系列_WIFI6/JIKEAP_AP269X-HG_IPQ40XX_1000M_8.0_2026091500.bin,JIKEAP_AP269X-HG_IPQ40XX_1000M_8.0_2026091500.bin,13753522,3aad8c1287de5cbb0c90bdd2a6b9961c,2026,20260915,集客AP_高通_IPQ系列_WIFI6
2026/20260915/集客AP_高通_IPQ系列_WIFI6/JIKEAP_AP285F-H_IPQ40XX_1000M_8.0_2026091500.bin,JIKEAP_AP285F-H_IPQ40XX_1000M_8.0_2026091500.bin,13756522,8ef7c285ee003ef9806d09d42a8c7ca7,2026,20260915,集客AP_高通_IPQ系列_WIFI6
2026/20260915/集客AP_高通_IPQ系列_WIFI6/JIKEAP_AP285KY-H_IPQ40XX_8.0_2026091500.bin,JIKEAP_AP285KY-H_IPQ40XX_8.0_2026091500.bin,13760378,9ff88206afaf3114627c3c5567192caf,2026,20260915,集客AP_高通_IPQ系列_WIFI6
2026/20260915/集客AP_高通_IPQ系列_WIFI6/JIKEAP_AP320F-H_IPQ40XX_1000M_3RADIO_8.0_2026091500.bin,JIKEAP_AP320F-H_IPQ40XX_1000M_3RADIO_8.0_2026091500.bin,13756562,e9095a3a05d87f550420039946afdd48,2026,20260915,集客AP_高通_IPQ系列_WIFI6
2026/20260915/集客AP_高通_IPQ系列_WIFI6/JIKEAP_AP320KY-H_IPQ40XX_8.0_2026091500.bin,JIKEAP_AP320KY-H_IPQ40XX_8.0_2026091500.bin,13840294,fd0d0672b182d930b0fc19e032a7fc2d,2026,20260915,集客AP_高通_IPQ系列_WIFI6
2026/20260915/集客AP_高通_IPQ系列_WIFI6/JIKEAP_AP320KYRUS_IPQ40XX_8.0_2026091500.bin,JIKEAP_AP320KYRUS_IPQ40XX_8.0_2026091500.bin,13840290,ab22dc5c433c22fc6aae237d2e17fa73,2026,20260915,集客AP_高通_IPQ系列_WIFI6
2026/20260915/集客AP_高通_IPQ系列_WIFI6/JIKEAP_AP320Y-H_IPQ40XX_1000M_3RADIO_8.0_2026091500.bin,JIKEAP_AP320Y-H_IPQ40XX_1000M_3RADIO_8.0_2026091500.bin,13756630,048fd2d0e3705470770e428c9dcd4855,2026,20260915,集客AP_高通_IPQ系列_WIFI6
2026/20260915/集客AP_高通_IPQ系列_WIFI6/JIKEAP_AP320YRUS_IPQ40XX_1000M_3RADIO_8.0_2026091500.bin,JIKEAP_AP320YRUS_IPQ40XX_1000M_3RADIO_8.0_2026091500.bin,13756666,fdf104714045952b075e60479d700c9c,2026,20260915,集客AP_高通_IPQ系列_WIFI6
2026/20260915/集客AP_高通_IPQ系列_WIFI6/JIKEAP_AP330F-H_IPQ40XX_1000M_3RADIO_HT160_8.0_2026091500.bin,JIKEAP_AP330F-H_IPQ40XX_1000M_3RADIO_HT160_8.0_2026091500.bin,13756566,62c9f59eda2ece7b09c4c2b1caa0729c,2026,20260915,集客AP_高通_IPQ系列_WIFI6
2026/20260915/集客AP_高通_IPQ系列_WIFI6/JIKEAP_AP386X_IPQ40XX_1000M_3RADIO_8.0_2026091500.bin,JIKEAP_AP386X_IPQ40XX_1000M_3RADIO_8.0_2026091500.bin,13756606,1753be03a147fc8528b7765231dd1415,2026,20260915,集客AP_高通_IPQ系列_WIFI6
2026/20260915/集客AP_高通_IPQ系列_WIFI6/JIKEAP_AX1800F_IPQ60XX_1000M_WIFI6_8.0_2026091500.bin,JIKEAP_AX1800F_IPQ60XX_1000M_WIFI6_8.0_2026091500.bin,12774862,dd365196b59771ad8de7cd218555b75e,2026,20260915,集客AP_高通_IPQ系列_WIFI6
2026/20260915/集客AP_高通_IPQ系列_WIFI6/JIKEAP_AX1800MI_IPQ60XX_1000M_WIFI6_8.0_2026091500.bin,JIKEAP_AX1800MI_IPQ60XX_1000M_WIFI6_8.0_2026091500.bin,13898394,ec9724c078237fa3a37538d73de2016b,2026,20260915,集客AP_高通_IPQ系列_WIFI6
2026/20260915/集客AP_高通_IPQ系列_WIFI6/JIKEAP_AX1800Y_IPQ60XX_8.0_2026091500.bin,JIKEAP_AX1800Y_IPQ60XX_8.0_2026091500.bin,14160622,eb4f703105eba4345d6623d5a5769787,2026,20260915,集客AP_高通_IPQ系列_WIFI6
2026/20260915/集客AP_高通_IPQ系列_WIFI6/JIKEAP_AX1801-MESH_AX1801MESH_IPQ60XX_8.0_2026091500.bin,JIKEAP_AX1801-MESH_AX1801MESH_IPQ60XX_8.0_2026091500.bin,16519838,abea5db821b752c0e0c8fee3e9106232,2026,20260915,集客AP_高通_IPQ系列_WIFI6
2026/20260915/集客AP_高通_IPQ系列_WIFI6/JIKEAP_AX2030A_IPQ50XX_EPORT_8.0_2026091500.bin,JIKEAP_AX2030A_IPQ50XX_EPORT_8.0_2026091500.bin,14947366,7f37ed50491ad081b6a0d866f6c58fd4,2026,20260915,集客AP_高通_IPQ系列_WIFI6
2026/20260915/集客AP_高通_IPQ系列_WIFI6/JIKEAP_AX2034F-GPON_AX2034FPON_IPQ50XX_EPORT_8.0_2026091500.bin,JIKEAP_AX2034F-GPON_AX2034FPON_IPQ50XX_EPORT_8.0_2026091500.bin,15602738,81e3eac1421b110ec03f2126a39c87bc,2026,20260915,集客AP_高通_IPQ系列_WIFI6
2026/20260915/集客AP_高通_IPQ系列_WIFI6/JIKEAP_AX2034W_IPQ50XX_EPORT_8.0_2026091500.bin,JIKEAP_AX2034W_IPQ50XX_EPORT_8.0_2026091500.bin,15602730,24d7318ddda55a67433588850a8827b2,2026,20260915,集客AP_高通_IPQ系列_WIFI6
2026/20260915/集客AP_高通_IPQ系列_WIFI6/JIKEAP_AX2180_IPQ60XX_1000M_WIFI6_8.0_2026091500.bin,JIKEAP_AX2180_IPQ60XX_1000M_WIFI6_8.0_2026091500.bin,16257774,a090bae81bb7c99a3fbf3d51b4ce21db,2026,20260915,集客AP_高通_IPQ系列_WIFI6
2026/20260915/集客AP_高通_IPQ系列_WIFI6/JIKEAP_AX3000F-SFP_AX3000FX_IPQ50XX_SFP_8.0_2026091500.bin,JIKEAP_AX3000F-SFP_AX3000FX_IPQ50XX_SFP_8.0_2026091500.bin,15602734,aca85a1254f93d7c6a92ab96dab0851f,2026,20260915,集客AP_高通_IPQ系列_WIFI6
2026/20260915/集客AP_高通_IPQ系列_WIFI6/JIKEAP_AX3000FY_IPQ50XX_8.0_2026091500.bin,JIKEAP_AX3000FY_IPQ50XX_8.0_2026091500.bin,15340590,2cfc9a1bf7c26f30d828f2ec35bf5dee,2026,20260915,集客AP_高通_IPQ系列_WIFI6
2026/20260915/集客AP_高通_IPQ系列_WIFI6/JIKEAP_AX3000F_IPQ50XX_8.0_2026091500.bin,JIKEAP_AX3000F_IPQ50XX_8.0_2026091500.bin,15340586,da58bb1989e95fb2df3cd3bbde115199,2026,20260915,集客AP_高通_IPQ系列_WIFI6
2026/20260915/集客AP_高通_IPQ系列_WIFI6/JIKEAP_AX3000X_IPQ50XX_8.0_2026091500.bin,JIKEAP_AX3000X_IPQ50XX_8.0_2026091500.bin,14261390,5a5b778dc2954418604e031beb4b477c,2026,20260915,集客AP_高通_IPQ系列_WIFI6
2026/20260915/集客AP_高通_IPQ系列_WIFI6/JIKEAP_AX3001-MESH_AX3001MESH_IPQ50XX_8.0_2026091500.bin,JIKEAP_AX3001-MESH_AX3001MESH_IPQ50XX_8.0_2026091500.bin,17568810,c89e6ee5bb8a3724f07021bf53f14dd9,2026,20260915,集客AP_高通_IPQ系列_WIFI6
2026/20260915/集客AP_高通_IPQ系列_WIFI6/JIKEAP_AX3025Y_IPQ807X_2500M_WIFI6_HT160_8.0_2026091500.bin,JIKEAP_AX3025Y_IPQ807X_2500M_WIFI6_HT160_8.0_2026091500.bin,16939054,602850282f28402bdebf3638c971aa82,2026,20260915,集客AP_高通_IPQ系列_WIFI6
2026/20260915/集客AP_高通_IPQ系列_WIFI6/JIKEAP_AX3050KY_IPQ807X_5000M_WIFI6_HT160_8.0_2026091500.bin,JIKEAP_AX3050KY_IPQ807X_5000M_WIFI6_HT160_8.0_2026091500.bin,13899078,6e0e42dc57adb4b425e78078d04824f9,2026,20260915,集客AP_高通_IPQ系列_WIFI6
2026/20260915/集客AP_高通_IPQ系列_WIFI6/JIKEAP_AX5400KY_IPQ50XX_8.0_2026091500.bin,JIKEAP_AX5400KY_IPQ50XX_8.0_2026091500.bin,15602814,888bb82cd234c6785505b9e473281158,2026,20260915,集客AP_高通_IPQ系列_WIFI6
2026/20260915/集客AP_高通_IPQ系列_WIFI6/JIKEAP_AX5425Y-3-RU_AX5425Y3RU_IPQ50XX_8.0_2026091500.bin,JIKEAP_AX5425Y-3-RU_AX5425Y3RU_IPQ50XX_8.0_2026091500.bin,16258178,6989b112ce8f215ce73e0332c1333611,2026,20260915,集客AP_高通_IPQ系列_WIFI6
2026/20260915/集客AP_高通_IPQ系列_WIFI6/JIKEAP_AX5RM_IPQ60XX_1000M_WIFI6_8.0_2026091500.bin,JIKEAP_AX5RM_IPQ60XX_1000M_WIFI6_8.0_2026091500.bin,13898390,7ca90f10e08a135b0091d8b1329d032f,2026,20260915,集客AP_高通_IPQ系列_WIFI6
2026/20260915/集客AP_高通_IPQ系列_WIFI6/JIKEAP_AX8180X_IPQ60XX_8.0_2026091500.bin,JIKEAP_AX8180X_IPQ60XX_8.0_2026091500.bin,14160622,33397d7b9ffe11f695a3a2a455305fec,2026,20260915,集客AP_高通_IPQ系列_WIFI6
2026/20260915/集客AP_高通_IPQ系列_WIFI6/JIKEAP_AX8180Y_IPQ60XX_8.0_2026091500.bin,JIKEAP_AX8180Y_IPQ60XX_8.0_2026091500.bin,14422766,7e6791f1bc3bc03f3fb153c809cfd753,2026,20260915,集客AP_高通_IPQ系列_WIFI6
2026/20260915/集客AP_高通_IPQ系列_WIFI6/JIKEAP_AX8300A-SFP_AX8300ASFP_IPQ50XX_V2_8.0_2026091500.bin,JIKEAP_AX8300A-SFP_AX8300ASFP_IPQ50XX_V2_8.0_2026091500.bin,15602734,6e692591b919144693e401a7378128e1,2026,20260915,集客AP_高通_IPQ系列_WIFI6
2026/20260915/集客AP_高通_IPQ系列_WIFI6/JIKEAP_AX8300A-SFP_IPQ50XX_8.0_2026091500.bin,JIKEAP_AX8300A-SFP_IPQ50XX_8.0_2026091500.bin,15602730,9145f1a955b6dc8e6ad2dfd45e8dd32a,2026,20260915,集客AP_高通_IPQ系列_WIFI6
2026/20260915/集客AP_高通_IPQ系列_WIFI6/JIKEAP_AX8301L_IPQ50XX_8.0_2026091500.bin,JIKEAP_AX8301L_IPQ50XX_8.0_2026091500.bin,15602814,6caf3b40557dc4a16aff26cd964eb50a,2026,20260915,集客AP_高通_IPQ系列_WIFI6
2026/20260915/集客AP_高通_IPQ系列_WIFI6/JIKEAP_AX8325Q-SFP_AX8325QF_IPQ50XX_SFP_8.0_2026091500.bin,JIKEAP_AX8325Q-SFP_AX8325QF_IPQ50XX_SFP_8.0_2026091500.bin,17568810,defcb6bae7aca2535577c8b792ddc093,2026,20260915,集客AP_高通_IPQ系列_WIFI6
2026/20260915/集客AP_高通_IPQ系列_WIFI6/JIKEAP_AX8540Q-3_AX8540Q_IPQ50XX_SFP_8.0_2026091500.bin,JIKEAP_AX8540Q-3_AX8540Q_IPQ50XX_SFP_8.0_2026091500.bin,15602730,a287beb3f94855deec212660fd0e3edf,2026,20260915,集客AP_高通_IPQ系列_WIFI6
2026/20260915/集客AP_高通_IPQ系列_WIFI6/JIKEAP_AXR3100_IPQ40XX_1000M_QCA9984_HT160_EPORT_8.0_2026091500.bin,JIKEAP_AXR3100_IPQ40XX_1000M_QCA9984_HT160_EPORT_8.0_2026091500.bin,14825790,6a281d9799e1acc4ba7bd03bca9cede4,2026,20260915,集客AP_高通_IPQ系列_WIFI6
2026/20260915/集客AP_高通_IPQ系列_WIFI6/JIKEAP_B3000_IPQ50XX_AR8033_NOR32_EPORT_8.0_2026091500.bin,JIKEAP_B3000_IPQ50XX_AR8033_NOR32_EPORT_8.0_2026091500.bin,13361518,426a4506e5cb1942ed6486267ead2846,2026,20260915,集客AP_高通_IPQ系列_WIFI6
2026/20260915/集客AP_高通_IPQ系列_WIFI6/JIKEAP_CM520_IPQ40XX_1000M_NAND_EPORT_8.0_2026091500.bin,JIKEAP_CM520_IPQ40XX_1000M_NAND_EPORT_8.0_2026091500.bin,14826562,9d4a620dc516d573b5135356fcd989d7,2026,20260915,集客AP_高通_IPQ系列_WIFI6
2026/20260915/集客AP_高通_IPQ系列_WIFI6/JIKEAP_CM520_IPQ40XX_8.0_2026091500_opboot.bin,JIKEAP_CM520_IPQ40XX_8.0_2026091500_opboot.bin,25169920,42d0906e9250700491ff1a36276c4b83,2026,20260915,集客AP_高通_IPQ系列_WIFI6
2026/20260915/集客AP_高通_IPQ系列_WIFI6/JIKEAP_EA1303_IPQ50XX_8.0_2026091500.bin,JIKEAP_EA1303_IPQ50XX_8.0_2026091500.bin,15602726,51fdbdf7166ddaa6b2a13a5a82e0af79,2026,20260915,集客AP_高通_IPQ系列_WIFI6
2026/20260915/集客AP_高通_IPQ系列_WIFI6/JIKEAP_HM1800_IPQ60XX_1000M_WIFI6_8.0_2026091500.bin,JIKEAP_HM1800_IPQ60XX_1000M_WIFI6_8.0_2026091500.bin,13388770,b9e7e8d5e44cd713fc13426217e288a5,2026,20260915,集客AP_高通_IPQ系列_WIFI6
2026/20260915/集客AP_高通_IPQ系列_WIFI6/JIKEAP_IK-SW3000G-DP_SW3000GDP_IPQ50XX_8.0_2026091500.bin,JIKEAP_IK-SW3000G-DP_SW3000GDP_IPQ50XX_8.0_2026091500.bin,15602734,4bf55a2cb3b4e3357217a57c13dc1c8f,2026,20260915,集客AP_高通_IPQ系列_WIFI6
2026/20260915/集客AP_高通_IPQ系列_WIFI6/JIKEAP_N3000V_IPQ50XX_NAND_EPORT_8.0_2026091500.bin,JIKEAP_N3000V_IPQ50XX_NAND_EPORT_8.0_2026091500.bin,14816294,8710c5e0534d7e6398dddc6a21920757,2026,20260915,集客AP_高通_IPQ系列_WIFI6
2026/20260915/集客AP_高通_IPQ系列_WIFI6/JIKEAP_N3000_IPQ50XX_NAND_8.0_2026091500.bin,JIKEAP_N3000_IPQ50XX_NAND_8.0_2026091500.bin,14816290,b1a8a83caa4d7a930179a9785c81b3ea,2026,20260915,集客AP_高通_IPQ系列_WIFI6
2026/20260915/集客AP_高通_IPQ系列_WIFI6/JIKEAP_WIA3600_IPQ50XX_QCA8337_NAND_8.0_2026091500.bin,JIKEAP_WIA3600_IPQ50XX_QCA8337_NAND_8.0_2026091500.bin,14947370,f7604627a74b2781ece1a95b87a47066,2026,20260915,集客AP_高通_IPQ系列_WIFI6
2026/20260915/集客AP_高通_IPQ系列_WIFI6/JIKEAP_WP963_IPQ50XX_AR8033_NOR16_EPORT_8.0_2026091500.bin,JIKEAP_WP963_IPQ50XX_AR8033_NOR16_EPORT_8.0_2026091500.bin,13109446,afe324bbfde1e6a3ddb00230b9c25a29,2026,20260915,集客AP_高通_IPQ系列_WIFI6
2026/20260915/集客AP_高通_IPQ系列_WIFI6/JIKEAP_WP973_IPQ50XX_NAND_8.0_2026091500.bin,JIKEAP_WP973_IPQ50XX_NAND_8.0_2026091500.bin,15602726,15421b375953ce5750e2ee63518ef9d8,2026,20260915,集客AP_高通_IPQ系列_WIFI6
2026/20260915/集客AP_高通_IPQ系列_WIFI6/JIKEAP_WP973_V0_IPQ50XX_NOR_NAND_8.0_2026091500.bin,JIKEAP_WP973_V0_IPQ50XX_NOR_NAND_8.0_2026091500.bin,15602818,f6ba62e418566d9cf62d4143d02ac871,2026,20260915,集客AP_高通_IPQ系列_WIFI6
2026/20260915/集客AP_高通_IPQ系列_WIFI7/JIKEAP_BE3625YQ_IPQ53XX_8.1_2026091500.bin,JIKEAP_BE3625YQ_IPQ53XX_8.1_2026091500.bin,22808830,e3a02861185cd123e0090978848c01f1,2026,20260915,集客AP_高通_IPQ系列_WIFI7
2026/20260915/集客AP_高通_IPQ系列_WIFI7/JIKEAP_BE5125FMV2_BE3625YQM7_IPQ53XX_8.1_2026091500.bin,JIKEAP_BE5125FMV2_BE3625YQM7_IPQ53XX_8.1_2026091500.bin,22808834,4ee7a62ef228f349e5f798e9c18fb259,2026,20260915,集客AP_高通_IPQ系列_WIFI7
2026/20260915/集客AP_高通_IPQ系列_WIFI7/JIKEAP_BE6525JQ-3_BE6525JQ3_IPQ53XX_8.1_2026091500.bin,JIKEAP_BE6525JQ-3_BE6525JQ3_IPQ53XX_8.1_2026091500.bin,25561342,31be97e77e90a8eb1faecc0d178320c8,2026,20260915,集客AP_高通_IPQ系列_WIFI7
2026/20260915/集客AP_高通_IPQ系列_WIFI7/JIKEAP_BE6525KY-3_BE6525KY3_IPQ53XX_8.1_2026091500.bin,JIKEAP_BE6525KY-3_BE6525KY3_IPQ53XX_8.1_2026091500.bin,28313854,9145baddcf25c58323caaf79e067fd8a,2026,20260915,集客AP_高通_IPQ系列_WIFI7
2026/20260915/集客AP_高通_IPQ系列_WIFI7/JIKEAP_BE6525Y-3XGSFP_BE6525Y3XGSFP_IPQ53XX_8.1_2026091500.bin,JIKEAP_BE6525Y-3XGSFP_BE6525Y3XGSFP_IPQ53XX_8.1_2026091500.bin,28313858,773716f75fed5b3ddca1a71382054e0a,2026,20260915,集客AP_高通_IPQ系列_WIFI7
2026/20260915/集客AP_高通_IPQ系列_WIFI7/JIKEAP_BE8525KY-SFP_BE8525KYSFP_IPQ53XX_8.1_2026091500.bin,JIKEAP_BE8525KY-SFP_BE8525KYSFP_IPQ53XX_8.1_2026091500.bin,26085630,912f562450fa171b8fa4d372c5fff77d,2026,20260915,集客AP_高通_IPQ系列_WIFI7
2026/20260915/集客AP_高通_IPQ系列_WIFI7/JIKEAP_BE9325F-6G_BE9325F6G_IPQ53XX_8.1_2026091500.bin,JIKEAP_BE9325F-6G_BE9325F6G_IPQ53XX_8.1_2026091500.bin,23333122,ddb1109759f7dd36cdf1589538ebd8e7,2026,20260915,集客AP_高通_IPQ系列_WIFI7
2026/20260915/集客AP_高通_IPQ系列_WIFI7/JIKEAP_BE9325KY-6G-X_BE9325KY6GX_IPQ53XX_8.1_2026091500.bin,JIKEAP_BE9325KY-6G-X_BE9325KY6GX_IPQ53XX_8.1_2026091500.bin,26085630,ec7ad144e5f68ecf09480bfa404b62b0,2026,20260915,集客AP_高通_IPQ系列_WIFI7
2026/20260915/集客AP_高通_IPQ系列_WIFI7/JIKEAP_BE9325KY-6G_BE9325KY6G_IPQ53XX_8.1_2026091500.bin,JIKEAP_BE9325KY-6G_BE9325KY6G_IPQ53XX_8.1_2026091500.bin,26085630,bdc51faa5cf0b1d840190585320d7f4d,2026,20260915,集客AP_高通_IPQ系列_WIFI7
2026/20260915/集客AP_高通_IPQ系列_WIFI7/JIKEAP_NE36PRO_IPQ53XX_8.1_2026091500.bin,JIKEAP_NE36PRO_IPQ53XX_8.1_2026091500.bin,20449538,9c996505484909a390c5d3ec7532ac60,2026,20260915,集客AP_高通_IPQ系列_WIFI7
2026/20260915/集客AP_高通_IPQ系列_WIFI7/JIKEAP_VS017_IPQ53XX_8.1_2026091500.bin,JIKEAP_VS017_IPQ53XX_8.1_2026091500.bin,23070970,8b849f71af60aa397373379f6536361a,2026,20260915,集客AP_高通_IPQ系列_WIFI7
2026/20260915/集客AP_高通_MIPS（老古董）/JIKEAP_AP0141_QCA934X_1000M_8.0_2026091500.bin,JIKEAP_AP0141_QCA934X_1000M_8.0_2026091500.bin,7536714,5535e742b72c1a9a9737802a6f1e79c4,2026,20260915,集客AP_高通_MIPS（老古董）
2026/20260915/集客AP_高通_MIPS（老古董）/JIKEAP_AP110T_QCA933X_100M_EPORT_8.0_2026091500.bin,JIKEAP_AP110T_QCA933X_100M_EPORT_8.0_2026091500.bin,6946890,47e6928231a36837631fbd8c7dd2ace3,2026,20260915,集客AP_高通_MIPS（老古董）
2026/20260915/集客AP_高通_MIPS（老古董）/JIKEAP_AP112F_QCA953X_100M_16M_EPORT_8.0_2026091500.bin,JIKEAP_AP112F_QCA953X_100M_16M_EPORT_8.0_2026091500.bin,15730756,fa406658254910d43963c223329b5bb2,2026,20260915,集客AP_高通_MIPS（老古董）
2026/20260915/集客AP_高通_MIPS（老古董）/JIKEAP_AP112Fv2_AP112FV2_QCA953X_100M_8M_EPORT_8.0_2026091500.bin,JIKEAP_AP112Fv2_AP112FV2_QCA953X_100M_8M_EPORT_8.0_2026091500.bin,7342231,03f75232a9ee8801ccd15d0f83b7cbad,2026,20260915,集客AP_高通_MIPS（老古董）
2026/20260915/集客AP_高通_MIPS（老古董）/JIKEAP_AP112J_QCA953X_100M_EPORT_8.0_2026091500.bin,JIKEAP_AP112J_QCA953X_100M_EPORT_8.0_2026091500.bin,15730856,bbe247bba0e547a8bcfac8a97701730a,2026,20260915,集客AP_高通_MIPS（老古董）
2026/20260915/集客AP_高通_MIPS（老古董）/JIKEAP_AP112Q_QCA934X_100M_EPORT_8.0_2026091500.bin,JIKEAP_AP112Q_QCA934X_100M_EPORT_8.0_2026091500.bin,7866743,5cc6b8919b23626797832ccfc48acfa4,2026,20260915,集客AP_高通_MIPS（老古董）
2026/20260915/集客AP_高通_MIPS（老古董）/JIKEAP_AP112T_QCA953X_100M_EPORT_8.0_2026091500.bin,JIKEAP_AP112T_QCA953X_100M_EPORT_8.0_2026091500.bin,7342249,275ae5c131d41d406f25bb893ea0f411,2026,20260915,集客AP_高通_MIPS（老古董）
2026/20260915/集客AP_高通_MIPS（老古董）/JIKEAP_AP112Y_QCA953X_100M_EPORT_8.0_2026091500.bin,JIKEAP_AP112Y_QCA953X_100M_EPORT_8.0_2026091500.bin,15730894,b26507a5e57a761eeaea7d361888cd76,2026,20260915,集客AP_高通_MIPS（老古董）
2026/20260915/集客AP_高通_MIPS（老古董）/JIKEAP_AP116F_QCA953X_100M_QCA9887_EPORT_8.0_2026091500.bin,JIKEAP_AP116F_QCA953X_100M_QCA9887_EPORT_8.0_2026091500.bin,15730797,b286cacfa42a3a5fe4c3f61b0ee50068,2026,20260915,集客AP_高通_MIPS（老古董）
2026/20260915/集客AP_高通_MIPS（老古董）/JIKEAP_AP116Q_QCA953X_100M_QCA9887_EPORT_8.0_2026091500.bin,JIKEAP_AP116Q_QCA953X_100M_QCA9887_EPORT_8.0_2026091500.bin,15730901,09a8c1a88d2c5223ef231f1c33723fb3,2026,20260915,集客AP_高通_MIPS（老古董）
2026/20260915/集客AP_高通_MIPS（老古董）/JIKEAP_AP117Q_QCA956X_1000M_QCA9882_8.0_2026091500.bin,JIKEAP_AP117Q_QCA956X_1000M_QCA9882_8.0_2026091500.bin,15730874,cc8bb58d9a078319f19d4bea2d89ac86,2026,20260915,集客AP_高通_MIPS（老古董）
2026/20260915/集客AP_高通_MIPS（老古董）/JIKEAP_AP120_QCA934X_1000M_8.0_2026091500.bin,JIKEAP_AP120_QCA934X_1000M_8.0_2026091500.bin,14288865,b0536d9d5544583d167cc6ade3ee34b2,2026,20260915,集客AP_高通_MIPS（老古董）
2026/20260915/集客AP_高通_MIPS（老古董）/JIKEAP_AP126F_QCA953X_100M_8M_8.0_2026091500.bin,JIKEAP_AP126F_QCA953X_100M_8M_8.0_2026091500.bin,7342190,5974966e589fef6be262f59464029a82,2026,20260915,集客AP_高通_MIPS（老古董）
2026/20260915/集客AP_高通_MIPS（老古董）/JIKEAP_AP130F-H_QCA953X_100M_8.0_2026091500.bin,JIKEAP_AP130F-H_QCA953X_100M_8.0_2026091500.bin,15730906,0e3b91d407bfa0cb1684a01c90ac6d4e,2026,20260915,集客AP_高通_MIPS（老古董）
2026/20260915/集客AP_高通_MIPS（老古董）/JIKEAP_AP130T_QCA934X_100M_AR9341_8.0_2026091500.bin,JIKEAP_AP130T_QCA934X_100M_AR9341_8.0_2026091500.bin,6946890,d1b92f50b75dd488e356ecc61b7b8044,2026,20260915,集客AP_高通_MIPS（老古董）
2026/20260915/集客AP_高通_MIPS（老古董）/JIKEAP_AP135T-H_QCA953X_100M_AR9341_8.0_2026091500.bin,JIKEAP_AP135T-H_QCA953X_100M_AR9341_8.0_2026091500.bin,7342134,31444675c57c7ba2b04b4fe699fbe5f6,2026,20260915,集客AP_高通_MIPS（老古董）
2026/20260915/集客AP_高通_MIPS（老古董）/JIKEAP_AP136Y-H_QCA953X_100M_8.0_2026091500.bin,JIKEAP_AP136Y-H_QCA953X_100M_8.0_2026091500.bin,15730929,07db81998cf86d2189ffd115e58dbec9,2026,20260915,集客AP_高通_MIPS（老古董）
2026/20260915/集客AP_高通_MIPS（老古董）/JIKEAP_AP147_QCA953X_100M_QCA9887_8.0_2026091500.bin,JIKEAP_AP147_QCA953X_100M_QCA9887_8.0_2026091500.bin,15730971,76084af31b5c4a6bce731bb181bd661c,2026,20260915,集客AP_高通_MIPS（老古董）
2026/20260915/集客AP_高通_MIPS（老古董）/JIKEAP_AP153Y-H_QCA953X_8.0_2026091500.bin,JIKEAP_AP153Y-H_QCA953X_8.0_2026091500.bin,15730930,1d7210ebe1618f915005cabbd0ff29d7,2026,20260915,集客AP_高通_MIPS（老古董）
2026/20260915/集客AP_高通_MIPS（老古董）/JIKEAP_AP185W_QCA934X_8.0_2026091500.bin,JIKEAP_AP185W_QCA934X_8.0_2026091500.bin,7342313,9145a238297eb25af8baecf85f4ffeca,2026,20260915,集客AP_高通_MIPS（老古董）
2026/20260915/集客AP_高通_MIPS（老古董）/JIKEAP_AP220G_QCA956X_1000M_QCA9886_8.0_2026091500.bin,JIKEAP_AP220G_QCA956X_1000M_QCA9886_8.0_2026091500.bin,15730919,03ec8d36d8e5984ee373c30fed8589ff,2026,20260915,集客AP_高通_MIPS（老古董）
2026/20260915/集客AP_高通_MIPS（老古董）/JIKEAP_AP222G_QCA956X_8.0_2026091500.bin,JIKEAP_AP222G_QCA956X_8.0_2026091500.bin,15730783,043b5c7b5e44df13d4c502f8f198e986,2026,20260915,集客AP_高通_MIPS（老古董）
2026/20260915/集客AP_高通_MIPS（老古董）/JIKEAP_AP223G_QCA956X_1000M_QCA9886_8.0_2026091500.bin,JIKEAP_AP223G_QCA956X_1000M_QCA9886_8.0_2026091500.bin,15730920,59276b30801be31293c74f1d4716d36f,2026,20260915,集客AP_高通_MIPS（老古董）
2026/20260915/集客AP_高通_MIPS（老古董）/JIKEAP_AP260F-H_QCA953X_100M_QCA9887_8.0_2026091500.bin,JIKEAP_AP260F-H_QCA953X_100M_QCA9887_8.0_2026091500.bin,15730882,3178afa89afb9eb37a0b894d37850e35,2026,20260915,集客AP_高通_MIPS（老古董）
2026/20260915/集客AP_高通_MIPS（老古董）/JIKEAP_AP260T-H_QCA953X_100M_AR9X82_8.0_2026091500.bin,JIKEAP_AP260T-H_QCA953X_100M_AR9X82_8.0_2026091500.bin,15730792,ae2d83fa544ea3aaf41a860963d1f167,2026,20260915,集客AP_高通_MIPS（老古董）
2026/20260915/集客AP_高通_MIPS（老古董）/JIKEAP_AP261Y-H_QCA953X_100M_QCA9887_8.0_2026091500.bin,JIKEAP_AP261Y-H_QCA953X_100M_QCA9887_8.0_2026091500.bin,15730935,1940785358dcf901afd91ac9eaf1a4c4,2026,20260915,集客AP_高通_MIPS（老古董）
2026/20260915/集客AP_高通_MIPS（老古董）/JIKEAP_AP262Y-H_QCA956X_1000M_QCA9882_8.0_2026091500.bin,JIKEAP_AP262Y-H_QCA956X_1000M_QCA9882_8.0_2026091500.bin,15730862,91fb1805cf194661b8e7b1ec0d7f5169,2026,20260915,集客AP_高通_MIPS（老古董）
2026/20260915/集客AP_高通_MIPS（老古董）/JIKEAP_AP263YS_QCA956X_1000M_QCA9880_8.0_2026091500.bin,JIKEAP_AP263YS_QCA956X_1000M_QCA9880_8.0_2026091500.bin,9109578,f8d9cf1ad6abbb9618688ca1ec55e84e,2026,20260915,集客AP_高通_MIPS（老古董）
2026/20260915/集客AP_高通_MIPS（老古董）/JIKEAP_AP266G-H_QCA955X_1000M_QCA9880_8.0_2026091500.bin,JIKEAP_AP266G-H_QCA955X_1000M_QCA9880_8.0_2026091500.bin,8781898,9a785e8cc487510452671b182d2897bd,2026,20260915,集客AP_高通_MIPS（老古董）
2026/20260915/集客AP_高通_MIPS（老古董）/JIKEAP_AP267F-H_QCA956X_1000M_QCA9886_8.0_2026091500.bin,JIKEAP_AP267F-H_QCA956X_1000M_QCA9886_8.0_2026091500.bin,15731066,e5fbe608e2fdf9dbc654f3ce656a96b5,2026,20260915,集客AP_高通_MIPS（老古董）
2026/20260915/集客AP_高通_MIPS（老古董）/JIKEAP_AP267F-Hv2_AP267F-HV2_QCA956X_1000M_QCA9886_8.0_2026091500.bin,JIKEAP_AP267F-Hv2_AP267F-HV2_QCA956X_1000M_QCA9886_8.0_2026091500.bin,15731045,b5b13021b62ab05c893556c8ee47cbfa,2026,20260915,集客AP_高通_MIPS（老古董）
2026/20260915/集客AP_高通_MIPS（老古董）/JIKEAP_AP267KY-H_QCA956X_1000M_QCA9886_8.0_2026091500.bin,JIKEAP_AP267KY-H_QCA956X_1000M_QCA9886_8.0_2026091500.bin,15730831,e876ddb2c33bad286eb675518ff86b4a,2026,20260915,集客AP_高通_MIPS（老古董）
2026/20260915/集客AP_高通_MIPS（老古董）/JIKEAP_AP280F-H_QCA953X_100M_QCA9887_8.0_2026091500.bin,JIKEAP_AP280F-H_QCA953X_100M_QCA9887_8.0_2026091500.bin,15730912,620d5ebeaaaccd9241ea6cb22e49384e,2026,20260915,集客AP_高通_MIPS（老古董）
2026/20260915/集客AP_高通_MIPS（老古董）/JIKEAP_AP280Y-H_QCA953X_8.0_2026091500.bin,JIKEAP_AP280Y-H_QCA953X_8.0_2026091500.bin,15730942,d03856ecad08d927996bacfc43a166cf,2026,20260915,集客AP_高通_MIPS（老古董）
2026/20260915/集客AP_高通_MIPS（老古董）/JIKEAP_AP281Y-H_AP281YV2_QCA956X_8.0_2026091500.bin,JIKEAP_AP281Y-H_AP281YV2_QCA956X_8.0_2026091500.bin,15730858,09569deaf8749f4f4369a925594d9c3f,2026,20260915,集客AP_高通_MIPS（老古董）
2026/20260915/集客AP_高通_MIPS（老古董）/JIKEAP_AP281Y-H_QCA956X_8.0_2026091500.bin,JIKEAP_AP281Y-H_QCA956X_8.0_2026091500.bin,15730831,8eb32fb09e75d91193296e4f58ed46c6,2026,20260915,集客AP_高通_MIPS（老古董）
2026/20260915/集客AP_高通_MIPS（老古董）/JIKEAP_AP282T-H_QCA956X_8.0_2026091500.bin,JIKEAP_AP282T-H_QCA956X_8.0_2026091500.bin,15730818,90e2b4ae0c7e93d248cbf4ef695b8246,2026,20260915,集客AP_高通_MIPS（老古董）
2026/20260915/集客AP_高通_MIPS（老古董）/JIKEAP_AP283Y-H_QCA956X_8.0_2026091500.bin,JIKEAP_AP283Y-H_QCA956X_8.0_2026091500.bin,15730908,1c5e64251dfb6797eca2ee39d0cfa446,2026,20260915,集客AP_高通_MIPS（老古董）
2026/20260915/集客AP_高通_MIPS（老古董）/JIKEAP_AP284Y-H_QCA956X_8.0_2026091500.bin,JIKEAP_AP284Y-H_QCA956X_8.0_2026091500.bin,15730788,9ff3b35ef4dd1c6cb4bb1d744431aec6,2026,20260915,集客AP_高通_MIPS（老古董）
2026/20260915/集客AP_高通_MIPS（老古董）/JIKEAP_AP3513NA_QCA934X_8.0_2026091500.bin,JIKEAP_AP3513NA_QCA934X_8.0_2026091500.bin,7342285,6f03f90c6ad58af44261cc404bdbcfac,2026,20260915,集客AP_高通_MIPS（老古董）
2026/20260915/集客AP_高通_MIPS（老古董）/JIKEAP_AP49_QCA953X_8.0_2026091500.bin,JIKEAP_AP49_QCA953X_8.0_2026091500.bin,15730940,f885f9578196d860b3a5ddb28beac799,2026,20260915,集客AP_高通_MIPS（老古董）
2026/20260915/集客AP_高通_MIPS（老古董）/JIKEAP_AP630_QCA953X_100M_EPORT_8.0_2026091500.bin,JIKEAP_AP630_QCA953X_100M_EPORT_8.0_2026091500.bin,15730813,adeb23fae681583f110d0fa9967c6ad9,2026,20260915,集客AP_高通_MIPS（老古董）
2026/20260915/集客AP_高通_MIPS（老古董）/JIKEAP_AP630v2_AP630V2_QCA953X_100M_EPORT_8.0_2026091500.bin,JIKEAP_AP630v2_AP630V2_QCA953X_100M_EPORT_8.0_2026091500.bin,7342296,6713181f87941f4b35dcca8f7417e31d,2026,20260915,集客AP_高通_MIPS（老古董）
2026/20260915/集客AP_高通_MIPS（老古董）/JIKEAP_AP675_QCA953X_100M_EPORT_8.0_2026091500.bin,JIKEAP_AP675_QCA953X_100M_EPORT_8.0_2026091500.bin,15730769,26304832acfc6b800d4e2c68a1610552,2026,20260915,集客AP_高通_MIPS（老古董）
2026/20260915/集客AP_高通_MIPS（老古董）/JIKEAP_AP830H_QCA953X_100M_8.0_2026091500.bin,JIKEAP_AP830H_QCA953X_100M_8.0_2026091500.bin,15730860,ea067c42b1ebebe70fb55b03442480e9,2026,20260915,集客AP_高通_MIPS（老古董）
2026/20260915/集客AP_高通_MIPS（老古董）/JIKEAP_AP875H_QCA953X_100M_QCA9887_8.0_2026091500.bin,JIKEAP_AP875H_QCA953X_100M_QCA9887_8.0_2026091500.bin,15730868,3722b224a6b8e6ed07e9b3455bb1cca0,2026,20260915,集客AP_高通_MIPS（老古董）
2026/20260915/集客AP_高通_MIPS（老古董）/JIKEAP_AP9344_35P0_AP9344P0_QCA934X_1000M_8.0_2026091500.bin,JIKEAP_AP9344_35P0_AP9344P0_QCA934X_1000M_8.0_2026091500.bin,15730680,ae6f18a3d57fd2d03869595379d1c1f5,2026,20260915,集客AP_高通_MIPS（老古董）
2026/20260915/集客AP_高通_MIPS（老古董）/JIKEAP_AP9344_35P4_AP9344P4_QCA934X_1000M_8.0_2026091500.bin,JIKEAP_AP9344_35P4_AP9344P4_QCA934X_1000M_8.0_2026091500.bin,15730684,db5446e867d2a3b6757e0ad13de17e9d,2026,20260915,集客AP_高通_MIPS（老古董）
2026/20260915/集客AP_高通_MIPS（老古董）/JIKEAP_AP9344_8327_QCA934X_1000M_8.0_2026091500.bin,JIKEAP_AP9344_8327_QCA934X_1000M_8.0_2026091500.bin,6946890,7d5e6e1658fd9e3ff0aee400e457f0fe,2026,20260915,集客AP_高通_MIPS（老古董）
2026/20260915/集客AP_高通_MIPS（老古董）/JIKEAP_AP9344_M100_QCA934X_100M_8.0_2026091500.bin,JIKEAP_AP9344_M100_QCA934X_100M_8.0_2026091500.bin,15730713,279de421a542e8d3d0fb9bc940fd752b,2026,20260915,集客AP_高通_MIPS（老古董）
2026/20260915/集客AP_高通_MIPS（老古董）/JIKEAP_AP9344_RTL_QCA934X_1000M_8.0_2026091500.bin,JIKEAP_AP9344_RTL_QCA934X_1000M_8.0_2026091500.bin,15730768,bf4470f16d517a2e7425dce06b19af97,2026,20260915,集客AP_高通_MIPS（老古董）
2026/20260915/集客AP_高通_MIPS（老古董）/JIKEAP_AP941_QCA953X_100M_8.0_2026091500.bin,JIKEAP_AP941_QCA953X_100M_8.0_2026091500.bin,6946890,f90bbba0e940f5a379ddfda751e24539,2026,20260915,集客AP_高通_MIPS（老古董）
2026/20260915/集客AP_高通_MIPS（老古董）/JIKEAP_AP9558V_QCA955X_1000M_QCA9880_LEEEL_8.0_2026091500.bin,JIKEAP_AP9558V_QCA955X_1000M_QCA9880_LEEEL_8.0_2026091500.bin,15730869,33d795f1f60655ba9d122907f8949d24,2026,20260915,集客AP_高通_MIPS（老古董）
2026/20260915/集客AP_高通_MIPS（老古董）/JIKEAP_AP9558_QCA955X_1000M_QCA9880_8.0_2026091500.bin,JIKEAP_AP9558_QCA955X_1000M_QCA9880_8.0_2026091500.bin,15730860,921d2c4dcf9ba503f6c3d1268f04818d,2026,20260915,集客AP_高通_MIPS（老古董）
2026/20260915/集客AP_高通_MIPS（老古董）/JIKEAP_ARIMA2210_QCA934X_EPORT_8.0_2026091500.bin,JIKEAP_ARIMA2210_QCA934X_EPORT_8.0_2026091500.bin,7143498,4361b0f919d1ddaf9a16af2c77f72ed3,2026,20260915,集客AP_高通_MIPS（老古董）
2026/20260915/集客AP_高通_MIPS（老古董）/JIKEAP_FX-2ac_FX2AC_QCA956X_8.0_2026091500.bin,JIKEAP_FX-2ac_FX2AC_QCA956X_8.0_2026091500.bin,8716362,aa28a9f7530f84286702cbfa58c975e5,2026,20260915,集客AP_高通_MIPS（老古董）
2026/20260915/集客AP_高通_MIPS（老古董）/JIKEAP_K2TS_QCA956X_1000M_QCA9886_8.0_2026091500.bin,JIKEAP_K2TS_QCA956X_1000M_QCA9886_8.0_2026091500.bin,8454218,a7c6e6dc527934a8acffde52cdb7897d,2026,20260915,集客AP_高通_MIPS（老古董）
2026/20260915/集客AP_高通_MIPS（老古董）/JIKEAP_K2T_QCA956X_1000M_QCA9886_8.0_2026091500.bin,JIKEAP_K2T_QCA956X_1000M_QCA9886_8.0_2026091500.bin,8454218,ed39b48512fff4c0d965474afdf12ad6,2026,20260915,集客AP_高通_MIPS（老古董）
2026/20260915/集客AP_高通_MIPS（老古董）/JIKEAP_MI100_QCA934X_100M_8.0_2026091500.bin,JIKEAP_MI100_QCA934X_100M_8.0_2026091500.bin,7407728,64fa38940a8d8918839f2cd836eec61d,2026,20260915,集客AP_高通_MIPS（老古董）
2026/20260915/集客AP_高通_MIPS（老古董）/JIKEAP_WPJ563_QCA956X_1000M_QCA9880_8.0_2026091500.bin,JIKEAP_WPJ563_QCA956X_1000M_QCA9880_8.0_2026091500.bin,9175114,5b3ea0e45317d578af25f63cfdb23f2f,2026,20260915,集客AP_高通_MIPS（老古董）
2026/20260915/集客AP_高通_MIPS（老古董）/JIKEAP_XD102_QCA953X_8.0_2026091500.bin,JIKEAP_XD102_QCA953X_8.0_2026091500.bin,7602250,b4a7a92eb5fe64eb3ed3977036cae1b7,2026,20260915,集客AP_高通_MIPS（老古董）
2026/20260915/集客AP_高通_MIPS（老古董）/JIKEAP_XD1202G_QCA956X_8.0_2026091500.bin,JIKEAP_XD1202G_QCA956X_8.0_2026091500.bin,15730862,820ef86cdbf6ffbdca90be7d5627d0fc,2026,20260915,集客AP_高通_MIPS（老古董）
2026/20260920/集客AP_AIROHA_AN756T_WIFI7/JIKEAP_BE3600FM_EN7563_K5_8.1_2026092000.bin,JIKEAP_BE3600FM_EN7563_K5_8.1_2026092000.bin,19974214,b90b842269dd6038ccfbdc9539c221e1,2026,20260920,集客AP_AIROHA_AN756T_WIFI7
2026/20260920/集客AP_AIROHA_AN756T_WIFI7/JIKEAP_BE5000FM_EN7563_K5_8.1_2026092000.bin,JIKEAP_BE5000FM_EN7563_K5_8.1_2026092000.bin,19975238,950d4e9d0bd064686e7120cffe619020,2026,20260920,集客AP_AIROHA_AN756T_WIFI7
2026/20260920/集客AP_AIROHA_AN756T_WIFI7/JIKEAP_BE5040XM_EN7563_K5_8.1_2026092000.bin,JIKEAP_BE5040XM_EN7563_K5_8.1_2026092000.bin,19975238,1be6c04ba201f0682e113e7ff3a38b5f,2026,20260920,集客AP_AIROHA_AN756T_WIFI7
2026/20260920/集客AP_AIROHA_AN756T_WIFI7/JIKEAP_BE5125FM_EN7563_K5_8.1_2026092000.bin,JIKEAP_BE5125FM_EN7563_K5_8.1_2026092000.bin,19977286,ce64d37e9a27e3ca91a196799e566f63,2026,20260920,集客AP_AIROHA_AN756T_WIFI7
2026/20260920/集客AP_MTK_MIPS/JIKEAP_AP107IOT_MT7620_K4_EPORT_8.0_2026092000.bin,JIKEAP_AP107IOT_MT7620_K4_EPORT_8.0_2026092000.bin,6291692,886c5aae71ad54b8636b8157a0aff53e,2026,20260920,集客AP_MTK_MIPS
2026/20260920/集客AP_MTK_MIPS/JIKEAP_AP110F_MT7628_K4_EPORT_8.0_2026092000.bin,JIKEAP_AP110F_MT7628_K4_EPORT_8.0_2026092000.bin,5505259,4e531f2f8f9822a9407fc165f69ae3e4,2026,20260920,集客AP_MTK_MIPS
2026/20260920/集客AP_MTK_MIPS/JIKEAP_AP118A_MT7628_K4_EPORT_8.0_2026092000.bin,JIKEAP_AP118A_MT7628_K4_EPORT_8.0_2026092000.bin,7078123,78b3c64b9d34c3114885dec818b632ad,2026,20260920,集客AP_MTK_MIPS
2026/20260920/集客AP_MTK_MIPS/JIKEAP_AP118F_AP118F0_MT7628_K4_EPORT_8.0_2026092000.bin,JIKEAP_AP118F_AP118F0_MT7628_K4_EPORT_8.0_2026092000.bin,7078123,06668213010b3776d3af53db50c5c0f4,2026,20260920,集客AP_MTK_MIPS
2026/20260920/集客AP_MTK_MIPS/JIKEAP_AP118F_MT7628_K4_EPORT_8.0_2026092000.bin,JIKEAP_AP118F_MT7628_K4_EPORT_8.0_2026092000.bin,7078123,8dbdd3ced4c7f3e584820ebd1c5caf6b,2026,20260920,集客AP_MTK_MIPS
2026/20260920/集客AP_MTK_MIPS/JIKEAP_AP118Y_MT7628_K4_EPORT_8.0_2026092000.bin,JIKEAP_AP118Y_MT7628_K4_EPORT_8.0_2026092000.bin,7078123,3eb1b80e80b0dcd80639295c184e5f53,2026,20260920,集客AP_MTK_MIPS
2026/20260920/集客AP_MTK_MIPS/JIKEAP_AP1200M-W_MT7621_K4_EPORT_8.0_2026092000.bin,JIKEAP_AP1200M-W_MT7621_K4_EPORT_8.0_2026092000.bin,6422766,6223e594edee039efd8fdabde014fb29,2026,20260920,集客AP_MTK_MIPS
2026/20260920/集客AP_MTK_MIPS/JIKEAP_AP210G_MT7620_K4_EPORT_8.0_2026092000.bin,JIKEAP_AP210G_MT7620_K4_EPORT_8.0_2026092000.bin,7078123,db17705369e25d06b1536b4039f32c66,2026,20260920,集客AP_MTK_MIPS
2026/20260920/集客AP_MTK_MIPS/JIKEAP_AP212-L_AP212L_MT7621_K4_EPORT_8.0_2026092000.bin,JIKEAP_AP212-L_AP212L_MT7621_K4_EPORT_8.0_2026092000.bin,6422766,579508786cd8f799f81ee544d2c505f6,2026,20260920,集客AP_MTK_MIPS
2026/20260920/集客AP_MTK_MIPS/JIKEAP_AP212G_AP212G0_MT7621_K4_EPORT_8.0_2026092000.bin,JIKEAP_AP212G_AP212G0_MT7621_K4_EPORT_8.0_2026092000.bin,6422766,f283c53c95504f840950100ba3731ebd,2026,20260920,集客AP_MTK_MIPS
2026/20260920/集客AP_MTK_MIPS/JIKEAP_AP212G_MT7621_K4_EPORT_8.0_2026092000.bin,JIKEAP_AP212G_MT7621_K4_EPORT_8.0_2026092000.bin,6422766,c7cf83a3a1f560977bae6c1b94fab74b,2026,20260920,集客AP_MTK_MIPS
2026/20260920/集客AP_MTK_MIPS/JIKEAP_AP212G_WA228AC0V2_MT7621_K4_EPORT_8.0_2026092000.bin,JIKEAP_AP212G_WA228AC0V2_MT7621_K4_EPORT_8.0_2026092000.bin,6422766,73dc9700e55b93ec3a7e50fa88e5100c,2026,20260920,集客AP_MTK_MIPS
2026/20260920/集客AP_MTK_MIPS/JIKEAP_AP212G_WA228ACV2_MT7621_K4_EPORT_8.0_2026092000.bin,JIKEAP_AP212G_WA228ACV2_MT7621_K4_EPORT_8.0_2026092000.bin,6422766,d001f899811a964cf17942a409c56f66,2026,20260920,集客AP_MTK_MIPS
2026/20260920/集客AP_MTK_MIPS/JIKEAP_AP213G_MT7620_K4_EPORT_8.0_2026092000.bin,JIKEAP_AP213G_MT7620_K4_EPORT_8.0_2026092000.bin,6815979,127d2053caa02a1bca541af4a9a9fcb2,2026,20260920,集客AP_MTK_MIPS
2026/20260920/集客AP_MTK_MIPS/JIKEAP_AP216G_MT7621_K4_EPORT_8.0_2026092000.bin,JIKEAP_AP216G_MT7621_K4_EPORT_8.0_2026092000.bin,7405806,78c23237403d3d908faa95ad207c278b,2026,20260920,集客AP_MTK_MIPS
2026/20260920/集客AP_MTK_MIPS/JIKEAP_AP216TV_MT7621_K4_EPORT_8.0_2026092000.bin,JIKEAP_AP216TV_MT7621_K4_EPORT_8.0_2026092000.bin,7471342,99d1357a99eb5860df4c77b9952ad0a4,2026,20260920,集客AP_MTK_MIPS
2026/20260920/集客AP_MTK_MIPS/JIKEAP_AP230EP_MT7620_K4_EPORT_8.0_2026092000.bin,JIKEAP_AP230EP_MT7620_K4_EPORT_8.0_2026092000.bin,7340268,ec47e531b9822a328f56e868418ddfdf,2026,20260920,集客AP_MTK_MIPS
2026/20260920/集客AP_MTK_MIPS/JIKEAP_AP230G_MT7620_K4_RTL_EPORT_8.0_2026092000.bin,JIKEAP_AP230G_MT7620_K4_RTL_EPORT_8.0_2026092000.bin,7340267,bd0d98797ce22aa49a134a47d5e398f7,2026,20260920,集客AP_MTK_MIPS
2026/20260920/集客AP_MTK_MIPS/JIKEAP_AP230IP_MT7620_K4_EPORT_8.0_2026092000.bin,JIKEAP_AP230IP_MT7620_K4_EPORT_8.0_2026092000.bin,7340268,3596f565a3434da8759b42d5e2a1f60b,2026,20260920,集客AP_MTK_MIPS
2026/20260920/集客AP_MTK_MIPS/JIKEAP_AP238AN_MT7628_K4_LEEEL_EPORT_8.0_2026092000.bin,JIKEAP_AP238AN_MT7628_K4_LEEEL_EPORT_8.0_2026092000.bin,7602412,faa12a46ad4e5954b8c76447b2ba469d,2026,20260920,集客AP_MTK_MIPS
2026/20260920/集客AP_MTK_MIPS/JIKEAP_AP238IOT_MT7628_K4_LEEEL_EPORT_8.0_2026092000.bin,JIKEAP_AP238IOT_MT7628_K4_LEEEL_EPORT_8.0_2026092000.bin,8388845,ec23df0a64c9cec26f7b6c56e4d2c6aa,2026,20260920,集客AP_MTK_MIPS
2026/20260920/集客AP_MTK_MIPS/JIKEAP_AP238MQ_MT7628_K4_LEEEL_EPORT_8.0_2026092000.bin,JIKEAP_AP238MQ_MT7628_K4_LEEEL_EPORT_8.0_2026092000.bin,7602413,b06884c1a9fb9dd260ae85158eab080e,2026,20260920,集客AP_MTK_MIPS
2026/20260920/集客AP_MTK_MIPS/JIKEAP_AP240P_MT7621_K4_SWITCH_LEEEE_EPORT_8.0_2026092000.bin,JIKEAP_AP240P_MT7621_K4_SWITCH_LEEEE_EPORT_8.0_2026092000.bin,5374190,1814ee996815107090f86ba4a8433bac,2026,20260920,集客AP_MTK_MIPS
2026/20260920/集客AP_MTK_MIPS/JIKEAP_AP240SFP_MT7621_K4_SWITCH_LEEEE_8.0_2026092000.bin,JIKEAP_AP240SFP_MT7621_K4_SWITCH_LEEEE_8.0_2026092000.bin,5439728,386d8d2de63c2f5132c0304373fee6e2,2026,20260920,集客AP_MTK_MIPS
2026/20260920/集客AP_MTK_MIPS/JIKEAP_AP242P_MT7621_K4_LLLLL_64M_8.0_2026092000.bin,JIKEAP_AP242P_MT7621_K4_LLLLL_64M_8.0_2026092000.bin,7799022,bd0c7875daac89048dd077a2a5f7d4ec,2026,20260920,集客AP_MTK_MIPS
2026/20260920/集客AP_MTK_MIPS/JIKEAP_AP243P_MT7621_K4_LEEEL_EPORT_8.0_2026092000.bin,JIKEAP_AP243P_MT7621_K4_LEEEL_EPORT_8.0_2026092000.bin,7799022,99be4145b8f75d300f4456cdfde4004b,2026,20260920,集客AP_MTK_MIPS
2026/20260920/集客AP_MTK_MIPS/JIKEAP_AP245P_MT7621_K4_MT7615DN_LEEEL_EPORT_8.0_2026092000.bin,JIKEAP_AP245P_MT7621_K4_MT7615DN_LEEEL_EPORT_8.0_2026092000.bin,6815982,02e6d10969162b52a3859ffe883e51c9,2026,20260920,集客AP_MTK_MIPS
2026/20260920/集客AP_MTK_MIPS/JIKEAP_AP246HI_MT7621_K4_1000_8.0_2026092000.bin,JIKEAP_AP246HI_MT7621_K4_1000_8.0_2026092000.bin,7995631,c4984b94cbe4a734f0c853d97a571d13,2026,20260920,集客AP_MTK_MIPS
2026/20260920/集客AP_MTK_MIPS/JIKEAP_AP246ND_MT7621_K4_MT7603_MT7615N_LLEEL_EPORT_8.0_2026092000.bin,JIKEAP_AP246ND_MT7621_K4_MT7603_MT7615N_LLEEL_EPORT_8.0_2026092000.bin,9044207,6daff974b0a60cf3ec4357458fc70318,2026,20260920,集客AP_MTK_MIPS
2026/20260920/集客AP_MTK_MIPS/JIKEAP_AP246NND_MT7621_K4_MT7603_MT7615N_LLEEL_EPORT_8.0_2026092000.bin,JIKEAP_AP246NND_MT7621_K4_MT7603_MT7615N_LLEEL_EPORT_8.0_2026092000.bin,9044208,4fbcf6471e4f7968fa675ef52ffb3723,2026,20260920,集客AP_MTK_MIPS
2026/20260920/集客AP_MTK_MIPS/JIKEAP_AP246P_MT7621_K4_MT7603_MT7615N_8.0_2026092000.bin,JIKEAP_AP246P_MT7621_K4_MT7603_MT7615N_8.0_2026092000.bin,8847598,0c996914eb08603d9efcd30ba3987462,2026,20260920,集客AP_MTK_MIPS
2026/20260920/集客AP_MTK_MIPS/JIKEAP_AP261F-H_AP261F-H0_MT7621_K4_8.0_2026092000.bin,JIKEAP_AP261F-H_AP261F-H0_MT7621_K4_8.0_2026092000.bin,6422766,6ca9b8d3b93a5ae794129b5edaf1c6b4,2026,20260920,集客AP_MTK_MIPS
2026/20260920/集客AP_MTK_MIPS/JIKEAP_AP261F-H_MT7621_K4_8.0_2026092000.bin,JIKEAP_AP261F-H_MT7621_K4_8.0_2026092000.bin,6422766,69a2b20079c9d439bfb5e7223230dee8,2026,20260920,集客AP_MTK_MIPS
2026/20260920/集客AP_MTK_MIPS/JIKEAP_AP601_MT7620_K4_LEEEE_EPORT_8.0_2026092000.bin,JIKEAP_AP601_MT7620_K4_LEEEE_EPORT_8.0_2026092000.bin,5505258,84642a8c9cc04a691324212b58ce3ee2,2026,20260920,集客AP_MTK_MIPS
2026/20260920/集客AP_MTK_MIPS/JIKEAP_AX1800B_MT7621_K4_EPORT_8.0_2026092000.bin,JIKEAP_AX1800B_MT7621_K4_EPORT_8.0_2026092000.bin,6750447,8e697c3c4bec72beef88ec0bee3af0a7,2026,20260920,集客AP_MTK_MIPS
2026/20260920/集客AP_MTK_MIPS/JIKEAP_AX1800FM_AX1800FM0_MT7621_K4_8.0_2026092000.bin,JIKEAP_AX1800FM_AX1800FM0_MT7621_K4_8.0_2026092000.bin,6750447,7c80f6615c3e54e8feb0ec483d15e2b7,2026,20260920,集客AP_MTK_MIPS
2026/20260920/集客AP_MTK_MIPS/JIKEAP_AX1800FM_MT7621_K4_8.0_2026092000.bin,JIKEAP_AX1800FM_MT7621_K4_8.0_2026092000.bin,6750447,68471ba1641768e8851d9ffc851f4b6d,2026,20260920,集客AP_MTK_MIPS
2026/20260920/集客AP_MTK_MIPS/JIKEAP_AX1800H_MT7621_K4_MT7915DN_WIFI6_NAND_8.0_2026092000.bin,JIKEAP_AX1800H_MT7621_K4_MT7915DN_WIFI6_NAND_8.0_2026092000.bin,7078127,49823a06ab693a0ac0212c0daa99ca9a,2026,20260920,集客AP_MTK_MIPS
2026/20260920/集客AP_MTK_MIPS/JIKEAP_AX1800IoT_AX1800IOT_MT7621_K4_8.0_2026092000.bin,JIKEAP_AX1800IoT_AX1800IOT_MT7621_K4_8.0_2026092000.bin,7602415,f1ee19b949f16a98be64a197a53293ae,2026,20260920,集客AP_MTK_MIPS
2026/20260920/集客AP_MTK_MIPS/JIKEAP_AX1800S_MT7621_K4_MT7915DN_WIFI6_8.0_2026092000.bin,JIKEAP_AX1800S_MT7621_K4_MT7915DN_WIFI6_8.0_2026092000.bin,6750447,24de6820beb616af0b0d34bf9f5a13ae,2026,20260920,集客AP_MTK_MIPS
2026/20260920/集客AP_MTK_MIPS/JIKEAP_AX2018-GPON_AX2018GP_MT7621_K4_EPORT_8.0_2026092000.bin,JIKEAP_AX2018-GPON_AX2018GP_MT7621_K4_EPORT_8.0_2026092000.bin,6750445,d25725a10eeaa5c2b410886f29435a8b,2026,20260920,集客AP_MTK_MIPS
2026/20260920/集客AP_MTK_MIPS/JIKEAP_AX2018-SFP_AX2018SFP_MT7621_K4_EPORT_8.0_2026092000.bin,JIKEAP_AX2018-SFP_AX2018SFP_MT7621_K4_EPORT_8.0_2026092000.bin,6750445,68b147d1701e7a8147a8b32a25da50ba,2026,20260920,集客AP_MTK_MIPS
2026/20260920/集客AP_MTK_MIPS/JIKEAP_AX2020_MT7621_K4_EPORT_8.0_2026092000.bin,JIKEAP_AX2020_MT7621_K4_EPORT_8.0_2026092000.bin,6750445,60b770293f23d23d6d1cd583d84cf88e,2026,20260920,集客AP_MTK_MIPS
2026/20260920/集客AP_MTK_MIPS/JIKEAP_AX2021_0AX2021_MT7621_K4_EPORT_8.0_2026092000.bin,JIKEAP_AX2021_0AX2021_MT7621_K4_EPORT_8.0_2026092000.bin,6750445,da23a808e9d32cd3394bb7b292bb1e05,2026,20260920,集客AP_MTK_MIPS
2026/20260920/集客AP_MTK_MIPS/JIKEAP_AX2021_MT7621_K4_EPORT_8.0_2026092000.bin,JIKEAP_AX2021_MT7621_K4_EPORT_8.0_2026092000.bin,6750445,2300e7c4f6c151a95395324a5c009233,2026,20260920,集客AP_MTK_MIPS
2026/20260920/集客AP_MTK_MIPS/JIKEAP_AX2022MQ_MT7621_K4_EPORT_8.0_2026092000.bin,JIKEAP_AX2022MQ_MT7621_K4_EPORT_8.0_2026092000.bin,6881519,34ddfde1dc5eee80d403930c52dda953,2026,20260920,集客AP_MTK_MIPS
2026/20260920/集客AP_MTK_MIPS/JIKEAP_AX2022_MT7621_K4_EPORT_8.0_2026092000.bin,JIKEAP_AX2022_MT7621_K4_EPORT_8.0_2026092000.bin,7602415,fdf6fd6f4e99ba73c9412cf995466f99,2026,20260920,集客AP_MTK_MIPS
2026/20260920/集客AP_MTK_MIPS/JIKEAP_PAK590055_MT7621_K4_EPORT_8.0_2026092000.bin,JIKEAP_PAK590055_MT7621_K4_EPORT_8.0_2026092000.bin,6422766,1c5832aab4c7ad5aec8918f804514036,2026,20260920,集客AP_MTK_MIPS
2026/20260920/集客AP_MTK_MIPS/JIKEAP_XB1200G_MT7621_K4_EPORT_8.0_2026092000.bin,JIKEAP_XB1200G_MT7621_K4_EPORT_8.0_2026092000.bin,6422767,526731d4f54827429d1ba519f4891ed4,2026,20260920,集客AP_MTK_MIPS
2026/20260920/集客AP_MTK_MIPS/JIKEAP_XB8800_MT7620_K4_EPORT_8.0_2026092000.bin,JIKEAP_XB8800_MT7620_K4_EPORT_8.0_2026092000.bin,5505259,992761ff2315be636fedef36da0bbb5b,2026,20260920,集客AP_MTK_MIPS
2026/20260920/集客AP_MTK_MT7981_WIFI6/JIKEAP_AP250CD_MT7981_K5_NAND_8.1_2026092000.bin,JIKEAP_AP250CD_MT7981_K5_NAND_8.1_2026092000.bin,9257825,2a01c559ec580e455b15a25f50e045d1,2026,20260920,集客AP_MTK_MT7981_WIFI6
2026/20260920/集客AP_MTK_MT7981_WIFI6/JIKEAP_AP250MDV_MT7981_K5_NAND_8.1_2026092000.bin,JIKEAP_AP250MDV_MT7981_K5_NAND_8.1_2026092000.bin,9268065,e9f4763b5abb187695f99ed7308036b9,2026,20260920,集客AP_MTK_MT7981_WIFI6
2026/20260920/集客AP_MTK_MT7981_WIFI6/JIKEAP_AP250MD_MT7981_K5_NAND_8.1_2026092000.bin,JIKEAP_AP250MD_MT7981_K5_NAND_8.1_2026092000.bin,9268065,9234edd709b05e4f1276fb0aef96f25f,2026,20260920,集客AP_MTK_MT7981_WIFI6
2026/20260920/集客AP_MTK_MT7981_WIFI6/JIKEAP_AP250XB_MT7981_K5_NAND_8.1_2026092000.bin,JIKEAP_AP250XB_MT7981_K5_NAND_8.1_2026092000.bin,9257825,a565e97c8a2d97667fbdd215574a03f2,2026,20260920,集客AP_MTK_MT7981_WIFI6
2026/20260920/集客AP_MTK_MT7981_WIFI6/JIKEAP_AP250_MT7981_K5_WIFI6_3000M_8.1_2026092000.bin,JIKEAP_AP250_MT7981_K5_WIFI6_3000M_8.1_2026092000.bin,9175896,a7f052a99a91d11046e4468daa7f8c76,2026,20260920,集客AP_MTK_MT7981_WIFI6
2026/20260920/集客AP_MTK_MT7981_WIFI6/JIKEAP_AX2030FM_AX2030FM0_MT7981_K5_8.1_2026092000.bin,JIKEAP_AX2030FM_AX2030FM0_MT7981_K5_8.1_2026092000.bin,9175914,76ca6b58e3080b4015ed8d18f7a0cfbe,2026,20260920,集客AP_MTK_MT7981_WIFI6
2026/20260920/集客AP_MTK_MT7981_WIFI6/JIKEAP_AX2030FM_MT7981_K5_8.1_2026092000.bin,JIKEAP_AX2030FM_MT7981_K5_8.1_2026092000.bin,9438058,2ad411622ebc786b061fd2ca3b244f57,2026,20260920,集客AP_MTK_MT7981_WIFI6
2026/20260920/集客AP_MTK_MT7981_WIFI6/JIKEAP_AX2034-GPON_AX2034GPON_MT7981_K5_WIFI6_3000M_PON_8.1_2026092000.bin,JIKEAP_AX2034-GPON_AX2034GPON_MT7981_K5_WIFI6_3000M_PON_8.1_2026092000.bin,9175898,9b44ab0f161be61840521546aec6bc5b,2026,20260920,集客AP_MTK_MT7981_WIFI6
2026/20260920/集客AP_MTK_MT7981_WIFI6/JIKEAP_AX2034FM_AX2034FMG_MT7981_K5_8.1_2026092000.bin,JIKEAP_AX2034FM_AX2034FMG_MT7981_K5_8.1_2026092000.bin,9175908,bd06ea1015ee99c2ea6b720c27beb505,2026,20260920,集客AP_MTK_MT7981_WIFI6
2026/20260920/集客AP_MTK_MT7981_WIFI6/JIKEAP_AX2034FM_MT7981_K5_8.1_2026092000.bin,JIKEAP_AX2034FM_MT7981_K5_8.1_2026092000.bin,9175902,02609d5f8ab60d63eed636521094528c,2026,20260920,集客AP_MTK_MT7981_WIFI6
2026/20260920/集客AP_MTK_MT7981_WIFI6/JIKEAP_AX2034WF_MT7981_K5_8.1_2026092000.bin,JIKEAP_AX2034WF_MT7981_K5_8.1_2026092000.bin,9175900,1eb1f4f02dc310e9b15eebf18fd42756,2026,20260920,集客AP_MTK_MT7981_WIFI6
2026/20260920/集客AP_MTK_MT7981_WIFI6/JIKEAP_AX3000AMX_MT7981_K5_WIFI6_3000M_2_5G_8.1_2026092000.bin,JIKEAP_AX3000AMX_MT7981_K5_WIFI6_3000M_2_5G_8.1_2026092000.bin,9175919,0c164740942d209ab59ff0b6f45d278a,2026,20260920,集客AP_MTK_MT7981_WIFI6
2026/20260920/集客AP_MTK_MT7981_WIFI6/JIKEAP_AX3000AM_MT7981_K5_WIFI6_3000M_8.1_2026092000.bin,JIKEAP_AX3000AM_MT7981_K5_WIFI6_3000M_8.1_2026092000.bin,9175909,8441eacc75be0042a89615994aa70c7a,2026,20260920,集客AP_MTK_MT7981_WIFI6
2026/20260920/集客AP_MTK_MT7981_WIFI6/JIKEAP_AX3000FMRU_MT7981_K5_8.1_2026092000.bin,JIKEAP_AX3000FMRU_MT7981_K5_8.1_2026092000.bin,9175914,582b34d2e4ce365c58d7de416c81d589,2026,20260920,集客AP_MTK_MT7981_WIFI6
2026/20260920/集客AP_MTK_MT7981_WIFI6/JIKEAP_AX3000FM_AX3000FM0_MT7981_K5_8.1_2026092000.bin,JIKEAP_AX3000FM_AX3000FM0_MT7981_K5_8.1_2026092000.bin,9175914,996635343129e52f6898c6f53f04d480,2026,20260920,集客AP_MTK_MT7981_WIFI6
2026/20260920/集客AP_MTK_MT7981_WIFI6/JIKEAP_AX3000FM_MT7981_K5_8.1_2026092000.bin,JIKEAP_AX3000FM_MT7981_K5_8.1_2026092000.bin,9438058,fdb9ae9e0b2019f42986118ab185712f,2026,20260920,集客AP_MTK_MT7981_WIFI6
2026/20260920/集客AP_MTK_MT7981_WIFI6/JIKEAP_AX3000M-W_MT7981_K5_8.1_2026092000.bin,JIKEAP_AX3000M-W_MT7981_K5_8.1_2026092000.bin,9438058,8a8212114dbaa832587d330f908a2e80,2026,20260920,集客AP_MTK_MT7981_WIFI6
2026/20260920/集客AP_MTK_MT7981_WIFI6/JIKEAP_AX3000PM_MT7981_K5_WIFI6_3000M_PON_8.1_2026092000.bin,JIKEAP_AX3000PM_MT7981_K5_WIFI6_3000M_PON_8.1_2026092000.bin,9175902,c1e7eb6be25e96d884aead851fc436e8,2026,20260920,集客AP_MTK_MT7981_WIFI6
2026/20260920/集客AP_MTK_MT7981_WIFI6/JIKEAP_AX3000X-W_MT7981_K5_8.1_2026092000.bin,JIKEAP_AX3000X-W_MT7981_K5_8.1_2026092000.bin,9438058,f91299dc79b630c837741cf3e22172fc,2026,20260920,集客AP_MTK_MT7981_WIFI6
2026/20260920/集客AP_MTK_MT7981_WIFI6/JIKEAP_AX3004FM-GPON_AX3000FGPON_MT7981_K5_WIFI6_3000M_PON_8.1_2026092000.bin,JIKEAP_AX3004FM-GPON_AX3000FGPON_MT7981_K5_WIFI6_3000M_PON_8.1_2026092000.bin,9175902,4e9f3a3dd0ce1d9fc1919133bb128a6f,2026,20260920,集客AP_MTK_MT7981_WIFI6
2026/20260920/集客AP_MTK_MT7981_WIFI6/JIKEAP_AX3025FM-SFP_AX3025FMSFP_MT7981_K5_8.1_2026092000.bin,JIKEAP_AX3025FM-SFP_AX3025FMSFP_MT7981_K5_8.1_2026092000.bin,9175920,c4771f6784187196460389dc449ce360,2026,20260920,集客AP_MTK_MT7981_WIFI6
2026/20260920/集客AP_MTK_MT7981_WIFI6/JIKEAP_AX3025FMN_MT7981_K5_NAND_8.1_2026092000.bin,JIKEAP_AX3025FMN_MT7981_K5_NAND_8.1_2026092000.bin,9257836,e389a5b6b1be1743778aaf013b1c14d5,2026,20260920,集客AP_MTK_MT7981_WIFI6
2026/20260920/集客AP_MTK_MT7981_WIFI6/JIKEAP_AX3025FM_MT7981_K5_8.1_2026092000.bin,JIKEAP_AX3025FM_MT7981_K5_8.1_2026092000.bin,9438058,f32bab8a5064b0f4bbdf123528f9622a,2026,20260920,集客AP_MTK_MT7981_WIFI6
2026/20260920/集客AP_MTK_MT7981_WIFI6/JIKEAP_AX323WNA_MT7981_K5_NAND_8.1_2026092000.bin,JIKEAP_AX323WNA_MT7981_K5_NAND_8.1_2026092000.bin,9257836,4e83b7e3105926ed01ab82e4855642d9,2026,20260920,集客AP_MTK_MT7981_WIFI6
2026/20260920/集客AP_MTK_MT7981_WIFI6/JIKEAP_AX8300Y_MT7981_K5_NAND_8.1_2026092000.bin,JIKEAP_AX8300Y_MT7981_K5_NAND_8.1_2026092000.bin,9268061,1daa65bfa68c11c4684bf02a9c177905,2026,20260920,集客AP_MTK_MT7981_WIFI6
2026/20260920/集客AP_MTK_MT7981_WIFI6/JIKEAP_FAPM3001_MT7981_K5_8.1_2026092000.bin,JIKEAP_FAPM3001_MT7981_K5_8.1_2026092000.bin,9175918,d15c84c3000258d26455d7c43e1b1a9c,2026,20260920,集客AP_MTK_MT7981_WIFI6
2026/20260920/集客AP_MTK_MT7987_WIFI7/JIKEAP_BE2036FM_MT7987_K5_8.3_2026092000.bin,JIKEAP_BE2036FM_MT7987_K5_8.3_2026092000.bin,12800853,b5db6bbf5213d16204f86778fa7fb696,2026,20260920,集客AP_MTK_MT7987_WIFI7
2026/20260920/集客AP_MTK_MT7987_WIFI7/JIKEAP_BE3625FM_MT7987_K5_8.3_2026092000.bin,JIKEAP_BE3625FM_MT7987_K5_8.3_2026092000.bin,12800853,15ad2bea061850494f5597c526e43bbc,2026,20260920,集客AP_MTK_MT7987_WIFI7
2026/20260920/集客AP_华为海思LUOFU系列_WIFI6/JIKEAP_AX2030FHN_LUOFU_NAND_EPORT_8.2_2026092000.bin,JIKEAP_AX2030FHN_LUOFU_NAND_EPORT_8.2_2026092000.bin,15205055,b532453abaae6b7732e799e400ec23bc,2026,20260920,集客AP_华为海思LUOFU系列_WIFI6
2026/20260920/集客AP_华为海思LUOFU系列_WIFI6/JIKEAP_AX2030FHN_LUOFU_NAND_EPORT_8.2_2026092000.bin.tar.gz,JIKEAP_AX2030FHN_LUOFU_NAND_EPORT_8.2_2026092000.bin.tar.gz,13859763,3006a120bfdfe7ff0074763f77c4af1c,2026,20260920,集客AP_华为海思LUOFU系列_WIFI6
2026/20260920/集客AP_华为海思LUOFU系列_WIFI6/JIKEAP_AX2030FH_LUOFU_NOR_EPORT_8.2_2026092000.bin,JIKEAP_AX2030FH_LUOFU_NOR_EPORT_8.2_2026092000.bin,13107903,4d78c1bd4dfa52f66fd4454f8468609c,2026,20260920,集客AP_华为海思LUOFU系列_WIFI6
2026/20260920/集客AP_华为海思LUOFU系列_WIFI6/JIKEAP_AX2030FH_LUOFU_NOR_EPORT_8.2_2026092000.bin.tar.gz,JIKEAP_AX2030FH_LUOFU_NOR_EPORT_8.2_2026092000.bin.tar.gz,12905293,9a666ddf6a316217a262cc97869cc573,2026,20260920,集客AP_华为海思LUOFU系列_WIFI6
2026/20260920/集客AP_华为海思LUOFU系列_WIFI6/JIKEAP_AX3000FH_LUOFU_NOR_8.2_2026092000.bin,JIKEAP_AX3000FH_LUOFU_NOR_8.2_2026092000.bin,13107903,d44f7ac386984375b4c7889ce17961ad,2026,20260920,集客AP_华为海思LUOFU系列_WIFI6
2026/20260920/集客AP_华为海思LUOFU系列_WIFI6/JIKEAP_AX3000FH_LUOFU_NOR_8.2_2026092000.bin.tar.gz,JIKEAP_AX3000FH_LUOFU_NOR_8.2_2026092000.bin.tar.gz,12907633,b762429eebced87b52c115467f4081d0,2026,20260920,集客AP_华为海思LUOFU系列_WIFI6
2026/20260920/集客AP_华为海思LUOFU系列_WIFI6/JIKEAP_AX3000HH_LUOFU_NOR_8.2_2026092000.bin,JIKEAP_AX3000HH_LUOFU_NOR_8.2_2026092000.bin,13107903,efd0d704e85051a6ec1514036d564e94,2026,20260920,集客AP_华为海思LUOFU系列_WIFI6
2026/20260920/集客AP_华为海思LUOFU系列_WIFI6/JIKEAP_AX3000HH_LUOFU_NOR_8.2_2026092000.bin.tar.gz,JIKEAP_AX3000HH_LUOFU_NOR_8.2_2026092000.bin.tar.gz,12914910,ace4e175c9020db3583666592af1eb5f,2026,20260920,集客AP_华为海思LUOFU系列_WIFI6
2026/20260920/集客AP_高通_IPQ系列_WIFI6/JIKEAP_AC58U_IPQ40XX_1000M_IPQ4018_8.0_2026092000.bin,JIKEAP_AC58U_IPQ40XX_1000M_IPQ4018_8.0_2026092000.bin,12117110,65eb475a5ac6cf058ee27ece5331232f,2026,20260920,集客AP_高通_IPQ系列_WIFI6
2026/20260920/集客AP_高通_IPQ系列_WIFI6/JIKEAP_AC58U_IPQ40XX_8.0_2026092000_opboot.bin,JIKEAP_AC58U_IPQ40XX_8.0_2026092000_opboot.bin,14684160,59a5f8891269a6803bc11e83b2590b43,2026,20260920,集客AP_高通_IPQ系列_WIFI6
2026/20260920/集客AP_高通_IPQ系列_WIFI6/JIKEAP_ACRH17_IPQ40XX_1000M_QCA9984_HT160_EPORT_8.0_2026092000.bin,JIKEAP_ACRH17_IPQ40XX_1000M_QCA9984_HT160_EPORT_8.0_2026092000.bin,13955270,b8a646b6c635f58f48ec81b52bb5d459,2026,20260920,集客AP_高通_IPQ系列_WIFI6
2026/20260920/集客AP_高通_IPQ系列_WIFI6/JIKEAP_ACRH17_IPQ40XX_8.0_2026092000_opboot.bin,JIKEAP_ACRH17_IPQ40XX_8.0_2026092000_opboot.bin,25169920,7ff5fac791c3375dac0e6646ba44f03d,2026,20260920,集客AP_高通_IPQ系列_WIFI6
2026/20260920/集客AP_高通_IPQ系列_WIFI6/JIKEAP_AP118L_IPQ40XX_1000M_EPORT_8.0_2026092000.bin,JIKEAP_AP118L_IPQ40XX_1000M_EPORT_8.0_2026092000.bin,13753458,175c46640fef1f06ac226933ebf26f31,2026,20260920,集客AP_高通_IPQ系列_WIFI6
2026/20260920/集客AP_高通_IPQ系列_WIFI6/JIKEAP_AP268F-H_IPQ40XX_8.0_2026092000.bin,JIKEAP_AP268F-H_IPQ40XX_8.0_2026092000.bin,14018730,37c6e332aef8919df02352bbb20c8d8c,2026,20260920,集客AP_高通_IPQ系列_WIFI6
2026/20260920/集客AP_高通_IPQ系列_WIFI6/JIKEAP_AP268F-IoT_AP268IOT_IPQ40XX_8.0_2026092000.bin,JIKEAP_AP268F-IoT_AP268IOT_IPQ40XX_8.0_2026092000.bin,13756586,90a6f73208b4d16d4462e2b7e2d20c3c,2026,20260920,集客AP_高通_IPQ系列_WIFI6
2026/20260920/集客AP_高通_IPQ系列_WIFI6/JIKEAP_AP269X-HG_IPQ40XX_1000M_8.0_2026092000.bin,JIKEAP_AP269X-HG_IPQ40XX_1000M_8.0_2026092000.bin,13753518,2af1bf2aedd022cb688f7cca737e8d30,2026,20260920,集客AP_高通_IPQ系列_WIFI6
2026/20260920/集客AP_高通_IPQ系列_WIFI6/JIKEAP_AP285F-H_IPQ40XX_1000M_8.0_2026092000.bin,JIKEAP_AP285F-H_IPQ40XX_1000M_8.0_2026092000.bin,13756522,17d4c4c9958167c5f7e50f3d79fcb6ab,2026,20260920,集客AP_高通_IPQ系列_WIFI6
2026/20260920/集客AP_高通_IPQ系列_WIFI6/JIKEAP_AP285KY-H_IPQ40XX_8.0_2026092000.bin,JIKEAP_AP285KY-H_IPQ40XX_8.0_2026092000.bin,13760378,139819ddd0630fe0ee9c33a90f7b11bc,2026,20260920,集客AP_高通_IPQ系列_WIFI6
2026/20260920/集客AP_高通_IPQ系列_WIFI6/JIKEAP_AP320F-H_IPQ40XX_1000M_3RADIO_8.0_2026092000.bin,JIKEAP_AP320F-H_IPQ40XX_1000M_3RADIO_8.0_2026092000.bin,13756562,b951f3eeafe89b9d734f33fb4370bf7e,2026,20260920,集客AP_高通_IPQ系列_WIFI6
2026/20260920/集客AP_高通_IPQ系列_WIFI6/JIKEAP_AP320KY-H_IPQ40XX_8.0_2026092000.bin,JIKEAP_AP320KY-H_IPQ40XX_8.0_2026092000.bin,13840294,a4db7106f5bb4584b888eef3f976d1c7,2026,20260920,集客AP_高通_IPQ系列_WIFI6
2026/20260920/集客AP_高通_IPQ系列_WIFI6/JIKEAP_AP320KYRUS_IPQ40XX_8.0_2026092000.bin,JIKEAP_AP320KYRUS_IPQ40XX_8.0_2026092000.bin,13840286,b5d4515d4b78fdadcf60079e7b45b65c,2026,20260920,集客AP_高通_IPQ系列_WIFI6
2026/20260920/集客AP_高通_IPQ系列_WIFI6/JIKEAP_AP320Y-H_IPQ40XX_1000M_3RADIO_8.0_2026092000.bin,JIKEAP_AP320Y-H_IPQ40XX_1000M_3RADIO_8.0_2026092000.bin,13756634,0aa84f7aad36ef1b083fc1bcd064363d,2026,20260920,集客AP_高通_IPQ系列_WIFI6
2026/20260920/集客AP_高通_IPQ系列_WIFI6/JIKEAP_AP320YRUS_IPQ40XX_1000M_3RADIO_8.0_2026092000.bin,JIKEAP_AP320YRUS_IPQ40XX_1000M_3RADIO_8.0_2026092000.bin,13756662,a2a14c5431d61769e2d546ec44ce5f23,2026,20260920,集客AP_高通_IPQ系列_WIFI6
2026/20260920/集客AP_高通_IPQ系列_WIFI6/JIKEAP_AP330F-H_IPQ40XX_1000M_3RADIO_HT160_8.0_2026092000.bin,JIKEAP_AP330F-H_IPQ40XX_1000M_3RADIO_HT160_8.0_2026092000.bin,13756562,355d9d18f207349293decac817b13535,2026,20260920,集客AP_高通_IPQ系列_WIFI6
2026/20260920/集客AP_高通_IPQ系列_WIFI6/JIKEAP_AP386X_IPQ40XX_1000M_3RADIO_8.0_2026092000.bin,JIKEAP_AP386X_IPQ40XX_1000M_3RADIO_8.0_2026092000.bin,13756602,b2c8526fc46d6ace40c6cc58b754b73c,2026,20260920,集客AP_高通_IPQ系列_WIFI6
2026/20260920/集客AP_高通_IPQ系列_WIFI6/JIKEAP_AX1800F_IPQ60XX_1000M_WIFI6_8.0_2026092000.bin,JIKEAP_AX1800F_IPQ60XX_1000M_WIFI6_8.0_2026092000.bin,12774862,0155801c817c468a1c7c9d76b302cac3,2026,20260920,集客AP_高通_IPQ系列_WIFI6
2026/20260920/集客AP_高通_IPQ系列_WIFI6/JIKEAP_AX1800MI_IPQ60XX_1000M_WIFI6_8.0_2026092000.bin,JIKEAP_AX1800MI_IPQ60XX_1000M_WIFI6_8.0_2026092000.bin,13898394,8b1085fdbaf4c9464aca9dbf9cc90173,2026,20260920,集客AP_高通_IPQ系列_WIFI6
2026/20260920/集客AP_高通_IPQ系列_WIFI6/JIKEAP_AX1800Y_IPQ60XX_8.0_2026092000.bin,JIKEAP_AX1800Y_IPQ60XX_8.0_2026092000.bin,14160622,f4f9e0c69008b7f25b8c76c652376486,2026,20260920,集客AP_高通_IPQ系列_WIFI6
2026/20260920/集客AP_高通_IPQ系列_WIFI6/JIKEAP_AX1801-MESH_AX1801MESH_IPQ60XX_8.0_2026092000.bin,JIKEAP_AX1801-MESH_AX1801MESH_IPQ60XX_8.0_2026092000.bin,16519838,d09180361fedeaeb35523b45fd70cf0e,2026,20260920,集客AP_高通_IPQ系列_WIFI6
2026/20260920/集客AP_高通_IPQ系列_WIFI6/JIKEAP_AX2030A_IPQ50XX_EPORT_8.0_2026092000.bin,JIKEAP_AX2030A_IPQ50XX_EPORT_8.0_2026092000.bin,14947366,31d9b049a7e755f4336868adfe328f3e,2026,20260920,集客AP_高通_IPQ系列_WIFI6
2026/20260920/集客AP_高通_IPQ系列_WIFI6/JIKEAP_AX2034F-GPON_AX2034FPON_IPQ50XX_EPORT_8.0_2026092000.bin,JIKEAP_AX2034F-GPON_AX2034FPON_IPQ50XX_EPORT_8.0_2026092000.bin,15602738,87765e3503e2e3479f9b64663b7194e0,2026,20260920,集客AP_高通_IPQ系列_WIFI6
2026/20260920/集客AP_高通_IPQ系列_WIFI6/JIKEAP_AX2034W_IPQ50XX_EPORT_8.0_2026092000.bin,JIKEAP_AX2034W_IPQ50XX_EPORT_8.0_2026092000.bin,15602730,331bdddec9c8cac14c942f3000764524,2026,20260920,集客AP_高通_IPQ系列_WIFI6
2026/20260920/集客AP_高通_IPQ系列_WIFI6/JIKEAP_AX2180_IPQ60XX_1000M_WIFI6_8.0_2026092000.bin,JIKEAP_AX2180_IPQ60XX_1000M_WIFI6_8.0_2026092000.bin,15995630,cfdcd03033511a05ca299c6d43abf43e,2026,20260920,集客AP_高通_IPQ系列_WIFI6
2026/20260920/集客AP_高通_IPQ系列_WIFI6/JIKEAP_AX3000F-SFP_AX3000FX_IPQ50XX_SFP_8.0_2026092000.bin,JIKEAP_AX3000F-SFP_AX3000FX_IPQ50XX_SFP_8.0_2026092000.bin,15602734,a99d0a51136d31e35ecdeafa3a4fac2c,2026,20260920,集客AP_高通_IPQ系列_WIFI6
2026/20260920/集客AP_高通_IPQ系列_WIFI6/JIKEAP_AX3000FY_IPQ50XX_8.0_2026092000.bin,JIKEAP_AX3000FY_IPQ50XX_8.0_2026092000.bin,15340590,88a2cefec5561af92cc72f27ab8cf57b,2026,20260920,集客AP_高通_IPQ系列_WIFI6
2026/20260920/集客AP_高通_IPQ系列_WIFI6/JIKEAP_AX3000F_IPQ50XX_8.0_2026092000.bin,JIKEAP_AX3000F_IPQ50XX_8.0_2026092000.bin,15340586,40c18252b22ca4269de82cd53ac34827,2026,20260920,集客AP_高通_IPQ系列_WIFI6
2026/20260920/集客AP_高通_IPQ系列_WIFI6/JIKEAP_AX3000X_IPQ50XX_8.0_2026092000.bin,JIKEAP_AX3000X_IPQ50XX_8.0_2026092000.bin,14261658,5f83ca099ce04558ca8de003d23c275a,2026,20260920,集客AP_高通_IPQ系列_WIFI6
2026/20260920/集客AP_高通_IPQ系列_WIFI6/JIKEAP_AX3001-MESH_AX3001MESH_IPQ50XX_8.0_2026092000.bin,JIKEAP_AX3001-MESH_AX3001MESH_IPQ50XX_8.0_2026092000.bin,17568810,2d853c9ff2702f15a4edc9ab92b3916b,2026,20260920,集客AP_高通_IPQ系列_WIFI6
2026/20260920/集客AP_高通_IPQ系列_WIFI6/JIKEAP_AX3025Y_IPQ807X_2500M_WIFI6_HT160_8.0_2026092000.bin,JIKEAP_AX3025Y_IPQ807X_2500M_WIFI6_HT160_8.0_2026092000.bin,16939054,5c9cbda9d184358c1311990e9f8d3c32,2026,20260920,集客AP_高通_IPQ系列_WIFI6
2026/20260920/集客AP_高通_IPQ系列_WIFI6/JIKEAP_AX3050KY_IPQ807X_5000M_WIFI6_HT160_8.0_2026092000.bin,JIKEAP_AX3050KY_IPQ807X_5000M_WIFI6_HT160_8.0_2026092000.bin,13636026,4147998ad43a3e610eb2c512ad2d2cc7,2026,20260920,集客AP_高通_IPQ系列_WIFI6
2026/20260920/集客AP_高通_IPQ系列_WIFI6/JIKEAP_AX5400KY_IPQ50XX_8.0_2026092000.bin,JIKEAP_AX5400KY_IPQ50XX_8.0_2026092000.bin,15602814,cbc7d2ad70bb7cb217db9a4e7e15168e,2026,20260920,集客AP_高通_IPQ系列_WIFI6
2026/20260920/集客AP_高通_IPQ系列_WIFI6/JIKEAP_AX5425Y-3-RU_AX5425Y3RU_IPQ50XX_8.0_2026092000.bin,JIKEAP_AX5425Y-3-RU_AX5425Y3RU_IPQ50XX_8.0_2026092000.bin,16258178,4607fd1fef81b5093a9ee955782f0a92,2026,20260920,集客AP_高通_IPQ系列_WIFI6
2026/20260920/集客AP_高通_IPQ系列_WIFI6/JIKEAP_AX5RM_IPQ60XX_1000M_WIFI6_8.0_2026092000.bin,JIKEAP_AX5RM_IPQ60XX_1000M_WIFI6_8.0_2026092000.bin,13898390,3337865b445ac6ff6b217794f818aec7,2026,20260920,集客AP_高通_IPQ系列_WIFI6
2026/20260920/集客AP_高通_IPQ系列_WIFI6/JIKEAP_AX8180X_IPQ60XX_8.0_2026092000.bin,JIKEAP_AX8180X_IPQ60XX_8.0_2026092000.bin,13898478,179953feb2b8d30b316a9564a0f3bd92,2026,20260920,集客AP_高通_IPQ系列_WIFI6
2026/20260920/集客AP_高通_IPQ系列_WIFI6/JIKEAP_AX8180Y_IPQ60XX_8.0_2026092000.bin,JIKEAP_AX8180Y_IPQ60XX_8.0_2026092000.bin,14160622,879a8c3362c99fba0927472dee942243,2026,20260920,集客AP_高通_IPQ系列_WIFI6
2026/20260920/集客AP_高通_IPQ系列_WIFI6/JIKEAP_AX8300A-SFP_AX8300ASFP_IPQ50XX_V2_8.0_2026092000.bin,JIKEAP_AX8300A-SFP_AX8300ASFP_IPQ50XX_V2_8.0_2026092000.bin,15602734,89052c62e6ded6ca71a570fd9835abde,2026,20260920,集客AP_高通_IPQ系列_WIFI6
2026/20260920/集客AP_高通_IPQ系列_WIFI6/JIKEAP_AX8300A-SFP_IPQ50XX_8.0_2026092000.bin,JIKEAP_AX8300A-SFP_IPQ50XX_8.0_2026092000.bin,15602730,9041b99bdf455a3515699de2efdc94e7,2026,20260920,集客AP_高通_IPQ系列_WIFI6
2026/20260920/集客AP_高通_IPQ系列_WIFI6/JIKEAP_AX8301L_IPQ50XX_8.0_2026092000.bin,JIKEAP_AX8301L_IPQ50XX_8.0_2026092000.bin,15602814,a547a3115c27d8894cdb0dbcb2c6a497,2026,20260920,集客AP_高通_IPQ系列_WIFI6
2026/20260920/集客AP_高通_IPQ系列_WIFI6/JIKEAP_AX8325Q-SFP_AX8325QF_IPQ50XX_SFP_8.0_2026092000.bin,JIKEAP_AX8325Q-SFP_AX8325QF_IPQ50XX_SFP_8.0_2026092000.bin,17568810,76bd6bb07f63e75d0e45b23c7c2cb7e9,2026,20260920,集客AP_高通_IPQ系列_WIFI6
2026/20260920/集客AP_高通_IPQ系列_WIFI6/JIKEAP_AX8540Q-3_AX8540Q_IPQ50XX_SFP_8.0_2026092000.bin,JIKEAP_AX8540Q-3_AX8540Q_IPQ50XX_SFP_8.0_2026092000.bin,15602730,085f61febd2580fa762d8a99bd108a66,2026,20260920,集客AP_高通_IPQ系列_WIFI6
2026/20260920/集客AP_高通_IPQ系列_WIFI6/JIKEAP_AXR3100_IPQ40XX_1000M_QCA9984_HT160_EPORT_8.0_2026092000.bin,JIKEAP_AXR3100_IPQ40XX_1000M_QCA9984_HT160_EPORT_8.0_2026092000.bin,14825790,0e481be8457125ae4f905128bd614886,2026,20260920,集客AP_高通_IPQ系列_WIFI6
2026/20260920/集客AP_高通_IPQ系列_WIFI6/JIKEAP_B3000_IPQ50XX_AR8033_NOR32_EPORT_8.0_2026092000.bin,JIKEAP_B3000_IPQ50XX_AR8033_NOR32_EPORT_8.0_2026092000.bin,13362414,1494af7295bc8ef10bc43b610002ceaa,2026,20260920,集客AP_高通_IPQ系列_WIFI6
2026/20260920/集客AP_高通_IPQ系列_WIFI6/JIKEAP_BE18710KY-3XG_BE18710KYD5_IPQ54XX_8.2_2026092000.zip,JIKEAP_BE18710KY-3XG_BE18710KYD5_IPQ54XX_8.2_2026092000.zip,30476075,02d76ea6b713928fefb2c30844b69e8c,2026,20260920,集客AP_高通_IPQ系列_WIFI6
2026/20260920/集客AP_高通_IPQ系列_WIFI6/JIKEAP_BE21610KY-6GXG_BE21610KY6_IPQ54XX_8.2_2026092000.zip,JIKEAP_BE21610KY-6GXG_BE21610KY6_IPQ54XX_8.2_2026092000.zip,30479036,91801f931fcc72a2d96c76f2246d95e3,2026,20260920,集客AP_高通_IPQ系列_WIFI6
2026/20260920/集客AP_高通_IPQ系列_WIFI6/JIKEAP_CM520_IPQ40XX_1000M_NAND_EPORT_8.0_2026092000.bin,JIKEAP_CM520_IPQ40XX_1000M_NAND_EPORT_8.0_2026092000.bin,14826562,67cec5ab3d1297a9458e0af41c332139,2026,20260920,集客AP_高通_IPQ系列_WIFI6
2026/20260920/集客AP_高通_IPQ系列_WIFI6/JIKEAP_CM520_IPQ40XX_8.0_2026092000_opboot.bin,JIKEAP_CM520_IPQ40XX_8.0_2026092000_opboot.bin,25169920,d5c9d567d04db39ceedc3d0fdcb2aea5,2026,20260920,集客AP_高通_IPQ系列_WIFI6
2026/20260920/集客AP_高通_IPQ系列_WIFI6/JIKEAP_EA1303_IPQ50XX_8.0_2026092000.bin,JIKEAP_EA1303_IPQ50XX_8.0_2026092000.bin,15602726,1df0e48ea6329e9aa85be268e187c006,2026,20260920,集客AP_高通_IPQ系列_WIFI6
2026/20260920/集客AP_高通_IPQ系列_WIFI6/JIKEAP_HM1800_IPQ60XX_1000M_WIFI6_8.0_2026092000.bin,JIKEAP_HM1800_IPQ60XX_1000M_WIFI6_8.0_2026092000.bin,13388722,9193f7bb67ae80d64de6dfe5254ae66d,2026,20260920,集客AP_高通_IPQ系列_WIFI6
2026/20260920/集客AP_高通_IPQ系列_WIFI6/JIKEAP_IK-SW3000G-DP_SW3000GDP_IPQ50XX_8.0_2026092000.bin,JIKEAP_IK-SW3000G-DP_SW3000GDP_IPQ50XX_8.0_2026092000.bin,15602734,bfed301044ea9639107d26e2b2915089,2026,20260920,集客AP_高通_IPQ系列_WIFI6
2026/20260920/集客AP_高通_IPQ系列_WIFI6/JIKEAP_N3000V_IPQ50XX_NAND_EPORT_8.0_2026092000.bin,JIKEAP_N3000V_IPQ50XX_NAND_EPORT_8.0_2026092000.bin,14816294,85ba3b1d9ee18e06d12b9e90dc6f62b5,2026,20260920,集客AP_高通_IPQ系列_WIFI6
2026/20260920/集客AP_高通_IPQ系列_WIFI6/JIKEAP_N3000_IPQ50XX_NAND_8.0_2026092000.bin,JIKEAP_N3000_IPQ50XX_NAND_8.0_2026092000.bin,14816290,0e0356750c58f57c71f571134540fb49,2026,20260920,集客AP_高通_IPQ系列_WIFI6
2026/20260920/集客AP_高通_IPQ系列_WIFI6/JIKEAP_WIA3600_IPQ50XX_QCA8337_NAND_8.0_2026092000.bin,JIKEAP_WIA3600_IPQ50XX_QCA8337_NAND_8.0_2026092000.bin,14947370,7dce49a9380f3cc60177f11bc6ae7410,2026,20260920,集客AP_高通_IPQ系列_WIFI6
2026/20260920/集客AP_高通_IPQ系列_WIFI6/JIKEAP_WP963_IPQ50XX_AR8033_NOR16_EPORT_8.0_2026092000.bin,JIKEAP_WP963_IPQ50XX_AR8033_NOR16_EPORT_8.0_2026092000.bin,13039254,1ff16bc98900b8463d5934e839a3eb94,2026,20260920,集客AP_高通_IPQ系列_WIFI6
2026/20260920/集客AP_高通_IPQ系列_WIFI6/JIKEAP_WP973_IPQ50XX_NAND_8.0_2026092000.bin,JIKEAP_WP973_IPQ50XX_NAND_8.0_2026092000.bin,15602726,69e3cc106c1fa37fcf8a32964e4b275b,2026,20260920,集客AP_高通_IPQ系列_WIFI6
2026/20260920/集客AP_高通_IPQ系列_WIFI6/JIKEAP_WP973_V0_IPQ50XX_NOR_NAND_8.0_2026092000.bin,JIKEAP_WP973_V0_IPQ50XX_NOR_NAND_8.0_2026092000.bin,15602818,98be84e52740505df65c0f4ba2b31230,2026,20260920,集客AP_高通_IPQ系列_WIFI6
2026/20260920/集客AP_高通_MIPS/JIKEAP_AP0141_QCA934X_1000M_8.0_2026092000.bin,JIKEAP_AP0141_QCA934X_1000M_8.0_2026092000.bin,7471178,0a8c0388b3efc36312aab387da2f3fb6,2026,20260920,集客AP_高通_MIPS
2026/20260920/集客AP_高通_MIPS/JIKEAP_AP110T_QCA933X_100M_EPORT_8.0_2026092000.bin,JIKEAP_AP110T_QCA933X_100M_EPORT_8.0_2026092000.bin,6881354,a699f886a69de63d25e5eec6b0aa9d70,2026,20260920,集客AP_高通_MIPS
2026/20260920/集客AP_高通_MIPS/JIKEAP_AP112F_QCA953X_100M_16M_EPORT_8.0_2026092000.bin,JIKEAP_AP112F_QCA953X_100M_16M_EPORT_8.0_2026092000.bin,15730878,995001c32032ec436f02d83a0ce4f7e8,2026,20260920,集客AP_高通_MIPS
2026/20260920/集客AP_高通_MIPS/JIKEAP_AP112Fv2_AP112FV2_QCA953X_100M_8M_EPORT_8.0_2026092000.bin,JIKEAP_AP112Fv2_AP112FV2_QCA953X_100M_8M_EPORT_8.0_2026092000.bin,7342186,ed2ed477f0ef6aeec20c04e0a4170fc2,2026,20260920,集客AP_高通_MIPS
2026/20260920/集客AP_高通_MIPS/JIKEAP_AP112J_QCA953X_100M_EPORT_8.0_2026092000.bin,JIKEAP_AP112J_QCA953X_100M_EPORT_8.0_2026092000.bin,15730908,07a17a39c60bce69b434fb3938a202e8,2026,20260920,集客AP_高通_MIPS
2026/20260920/集客AP_高通_MIPS/JIKEAP_AP112Q_QCA934X_100M_EPORT_8.0_2026092000.bin,JIKEAP_AP112Q_QCA934X_100M_EPORT_8.0_2026092000.bin,7866811,0752349afb7bde75d56493fee0defe00,2026,20260920,集客AP_高通_MIPS
2026/20260920/集客AP_高通_MIPS/JIKEAP_AP112T_QCA953X_100M_EPORT_8.0_2026092000.bin,JIKEAP_AP112T_QCA953X_100M_EPORT_8.0_2026092000.bin,7342162,2777fb286252b0174cb303bf1adf4fed,2026,20260920,集客AP_高通_MIPS
2026/20260920/集客AP_高通_MIPS/JIKEAP_AP112Y_QCA953X_100M_EPORT_8.0_2026092000.bin,JIKEAP_AP112Y_QCA953X_100M_EPORT_8.0_2026092000.bin,15730889,93d722fd82ffb81fb4ee1142a7d90fc3,2026,20260920,集客AP_高通_MIPS
2026/20260920/集客AP_高通_MIPS/JIKEAP_AP116F_QCA953X_100M_QCA9887_EPORT_8.0_2026092000.bin,JIKEAP_AP116F_QCA953X_100M_QCA9887_EPORT_8.0_2026092000.bin,15730933,47f54a37fe222b42977b15978b32bc1b,2026,20260920,集客AP_高通_MIPS
2026/20260920/集客AP_高通_MIPS/JIKEAP_AP116Q_QCA953X_100M_QCA9887_EPORT_8.0_2026092000.bin,JIKEAP_AP116Q_QCA953X_100M_QCA9887_EPORT_8.0_2026092000.bin,15730805,f4bcc27f10dbb9e7cec7d6ef20a577fc,2026,20260920,集客AP_高通_MIPS
2026/20260920/集客AP_高通_MIPS/JIKEAP_AP117Q_QCA956X_1000M_QCA9882_8.0_2026092000.bin,JIKEAP_AP117Q_QCA956X_1000M_QCA9882_8.0_2026092000.bin,15730896,57288a8865aab11d9c931c1d11e533fa,2026,20260920,集客AP_高通_MIPS
2026/20260920/集客AP_高通_MIPS/JIKEAP_AP120_QCA934X_1000M_8.0_2026092000.bin,JIKEAP_AP120_QCA934X_1000M_8.0_2026092000.bin,14288849,1a45875f43ac53834f56dcdfaf749360,2026,20260920,集客AP_高通_MIPS
2026/20260920/集客AP_高通_MIPS/JIKEAP_AP126F_QCA953X_100M_8M_8.0_2026092000.bin,JIKEAP_AP126F_QCA953X_100M_8M_8.0_2026092000.bin,7342193,aa29c9c61f8f10b5e90c920a861700ab,2026,20260920,集客AP_高通_MIPS
2026/20260920/集客AP_高通_MIPS/JIKEAP_AP130F-H_QCA953X_100M_8.0_2026092000.bin,JIKEAP_AP130F-H_QCA953X_100M_8.0_2026092000.bin,15730842,98a738e54589552452e5addc569cb245,2026,20260920,集客AP_高通_MIPS
2026/20260920/集客AP_高通_MIPS/JIKEAP_AP130T_QCA934X_100M_AR9341_8.0_2026092000.bin,JIKEAP_AP130T_QCA934X_100M_AR9341_8.0_2026092000.bin,6881354,44984b49b9b1405c317e3e90eb9bdcc5,2026,20260920,集客AP_高通_MIPS
2026/20260920/集客AP_高通_MIPS/JIKEAP_AP135T-H_QCA953X_100M_AR9341_8.0_2026092000.bin,JIKEAP_AP135T-H_QCA953X_100M_AR9341_8.0_2026092000.bin,7342189,36802b4dcd0b913432280d393c2454ff,2026,20260920,集客AP_高通_MIPS
2026/20260920/集客AP_高通_MIPS/JIKEAP_AP136Y-H_QCA953X_100M_8.0_2026092000.bin,JIKEAP_AP136Y-H_QCA953X_100M_8.0_2026092000.bin,15730925,fe35d19e1543bef35b7ab82626a56455,2026,20260920,集客AP_高通_MIPS
2026/20260920/集客AP_高通_MIPS/JIKEAP_AP147_QCA953X_100M_QCA9887_8.0_2026092000.bin,JIKEAP_AP147_QCA953X_100M_QCA9887_8.0_2026092000.bin,15730882,22768ab14a1b14e1847fd7c2121f2af0,2026,20260920,集客AP_高通_MIPS
2026/20260920/集客AP_高通_MIPS/JIKEAP_AP153Y-H_QCA953X_8.0_2026092000.bin,JIKEAP_AP153Y-H_QCA953X_8.0_2026092000.bin,15730966,1908430674a3c7221d225047b873865c,2026,20260920,集客AP_高通_MIPS
2026/20260920/集客AP_高通_MIPS/JIKEAP_AP185W_QCA934X_8.0_2026092000.bin,JIKEAP_AP185W_QCA934X_8.0_2026092000.bin,7342354,886d3ab21ab0e140760505d8c78ee602,2026,20260920,集客AP_高通_MIPS
2026/20260920/集客AP_高通_MIPS/JIKEAP_AP220G_QCA956X_1000M_QCA9886_8.0_2026092000.bin,JIKEAP_AP220G_QCA956X_1000M_QCA9886_8.0_2026092000.bin,15730953,0364accfafb43eaf892312b5ac6a3f88,2026,20260920,集客AP_高通_MIPS
2026/20260920/集客AP_高通_MIPS/JIKEAP_AP222G_QCA956X_8.0_2026092000.bin,JIKEAP_AP222G_QCA956X_8.0_2026092000.bin,15730840,e18c7384381af456f4fb531efdaef8ba,2026,20260920,集客AP_高通_MIPS
2026/20260920/集客AP_高通_MIPS/JIKEAP_AP223G_QCA956X_1000M_QCA9886_8.0_2026092000.bin,JIKEAP_AP223G_QCA956X_1000M_QCA9886_8.0_2026092000.bin,15730944,886756ea615ce0b895a87399f4de379f,2026,20260920,集客AP_高通_MIPS
2026/20260920/集客AP_高通_MIPS/JIKEAP_AP260F-H_QCA953X_100M_QCA9887_8.0_2026092000.bin,JIKEAP_AP260F-H_QCA953X_100M_QCA9887_8.0_2026092000.bin,15730813,e7b212e15baa99052343303d44d8db29,2026,20260920,集客AP_高通_MIPS
2026/20260920/集客AP_高通_MIPS/JIKEAP_AP260T-H_QCA953X_100M_AR9X82_8.0_2026092000.bin,JIKEAP_AP260T-H_QCA953X_100M_AR9X82_8.0_2026092000.bin,15730802,2ebe96193d306e7e3e3088f90087f8f6,2026,20260920,集客AP_高通_MIPS
2026/20260920/集客AP_高通_MIPS/JIKEAP_AP261Y-H_QCA953X_100M_QCA9887_8.0_2026092000.bin,JIKEAP_AP261Y-H_QCA953X_100M_QCA9887_8.0_2026092000.bin,15730931,db82430ff5174e7d9e9df03b44f97534,2026,20260920,集客AP_高通_MIPS
2026/20260920/集客AP_高通_MIPS/JIKEAP_AP262Y-H_QCA956X_1000M_QCA9882_8.0_2026092000.bin,JIKEAP_AP262Y-H_QCA956X_1000M_QCA9882_8.0_2026092000.bin,15730896,b6f4d84b33e52bef9766f479da9b14e5,2026,20260920,集客AP_高通_MIPS
2026/20260920/集客AP_高通_MIPS/JIKEAP_AP263YS_QCA956X_1000M_QCA9880_8.0_2026092000.bin,JIKEAP_AP263YS_QCA956X_1000M_QCA9880_8.0_2026092000.bin,9044042,b3c53120666efbe036ca9f278f2f7fb1,2026,20260920,集客AP_高通_MIPS
2026/20260920/集客AP_高通_MIPS/JIKEAP_AP266G-H_QCA955X_1000M_QCA9880_8.0_2026092000.bin,JIKEAP_AP266G-H_QCA955X_1000M_QCA9880_8.0_2026092000.bin,8716362,c426ac6adf7571457ab2150e690bcae1,2026,20260920,集客AP_高通_MIPS
2026/20260920/集客AP_高通_MIPS/JIKEAP_AP267F-H_QCA956X_1000M_QCA9886_8.0_2026092000.bin,JIKEAP_AP267F-H_QCA956X_1000M_QCA9886_8.0_2026092000.bin,15730984,330efb7b6a78f49c1d0a55e87cf2caec,2026,20260920,集客AP_高通_MIPS
2026/20260920/集客AP_高通_MIPS/JIKEAP_AP267F-Hv2_AP267F-HV2_QCA956X_1000M_QCA9886_8.0_2026092000.bin,JIKEAP_AP267F-Hv2_AP267F-HV2_QCA956X_1000M_QCA9886_8.0_2026092000.bin,15731059,ae828618e6a78d5f555f241292bb370b,2026,20260920,集客AP_高通_MIPS
2026/20260920/集客AP_高通_MIPS/JIKEAP_AP267KY-H_QCA956X_1000M_QCA9886_8.0_2026092000.bin,JIKEAP_AP267KY-H_QCA956X_1000M_QCA9886_8.0_2026092000.bin,15730785,8f3bf0772bb3abd4cf8f24e335201e9e,2026,20260920,集客AP_高通_MIPS
2026/20260920/集客AP_高通_MIPS/JIKEAP_AP280F-H_QCA953X_100M_QCA9887_8.0_2026092000.bin,JIKEAP_AP280F-H_QCA953X_100M_QCA9887_8.0_2026092000.bin,15730895,5c242101fe80a61ec154d34a67ef88ed,2026,20260920,集客AP_高通_MIPS
2026/20260920/集客AP_高通_MIPS/JIKEAP_AP280Y-H_QCA953X_8.0_2026092000.bin,JIKEAP_AP280Y-H_QCA953X_8.0_2026092000.bin,15730993,fba7f942a01972edc0386c001714159a,2026,20260920,集客AP_高通_MIPS
2026/20260920/集客AP_高通_MIPS/JIKEAP_AP281Y-H_AP281YV2_QCA956X_8.0_2026092000.bin,JIKEAP_AP281Y-H_AP281YV2_QCA956X_8.0_2026092000.bin,15730893,989ae4a096373e52f361250ec0d68316,2026,20260920,集客AP_高通_MIPS
2026/20260920/集客AP_高通_MIPS/JIKEAP_AP281Y-H_QCA956X_8.0_2026092000.bin,JIKEAP_AP281Y-H_QCA956X_8.0_2026092000.bin,15730894,0a8b83b867bf5afa8b7571c8d9d5aa72,2026,20260920,集客AP_高通_MIPS
2026/20260920/集客AP_高通_MIPS/JIKEAP_AP282T-H_QCA956X_8.0_2026092000.bin,JIKEAP_AP282T-H_QCA956X_8.0_2026092000.bin,15730787,008ba34bf6f00ae4469c0b414d124a3d,2026,20260920,集客AP_高通_MIPS
2026/20260920/集客AP_高通_MIPS/JIKEAP_AP283Y-H_QCA956X_8.0_2026092000.bin,JIKEAP_AP283Y-H_QCA956X_8.0_2026092000.bin,15730955,83f8e38e656dc24575620c8bd49bc897,2026,20260920,集客AP_高通_MIPS
2026/20260920/集客AP_高通_MIPS/JIKEAP_AP284Y-H_QCA956X_8.0_2026092000.bin,JIKEAP_AP284Y-H_QCA956X_8.0_2026092000.bin,15730836,3dc7a1661a34761f8c5042f438508583,2026,20260920,集客AP_高通_MIPS
2026/20260920/集客AP_高通_MIPS/JIKEAP_AP3513NA_QCA934X_8.0_2026092000.bin,JIKEAP_AP3513NA_QCA934X_8.0_2026092000.bin,7342262,da2bd732b76962622d17eb7cd2556791,2026,20260920,集客AP_高通_MIPS
2026/20260920/集客AP_高通_MIPS/JIKEAP_AP49_QCA953X_8.0_2026092000.bin,JIKEAP_AP49_QCA953X_8.0_2026092000.bin,15730915,ce48d1feae8dd494174a2b49fa4cf5e8,2026,20260920,集客AP_高通_MIPS
2026/20260920/集客AP_高通_MIPS/JIKEAP_AP630_QCA953X_100M_EPORT_8.0_2026092000.bin,JIKEAP_AP630_QCA953X_100M_EPORT_8.0_2026092000.bin,15730888,36ea4e24695399c7ebfb324a833d3171,2026,20260920,集客AP_高通_MIPS
2026/20260920/集客AP_高通_MIPS/JIKEAP_AP630v2_AP630V2_QCA953X_100M_EPORT_8.0_2026092000.bin,JIKEAP_AP630v2_AP630V2_QCA953X_100M_EPORT_8.0_2026092000.bin,7342241,7328d7e2e7f2c07102cc4309531607b8,2026,20260920,集客AP_高通_MIPS
2026/20260920/集客AP_高通_MIPS/JIKEAP_AP675_QCA953X_100M_EPORT_8.0_2026092000.bin,JIKEAP_AP675_QCA953X_100M_EPORT_8.0_2026092000.bin,15730902,5432b1450b7f6ce89df341445705ef57,2026,20260920,集客AP_高通_MIPS
2026/20260920/集客AP_高通_MIPS/JIKEAP_AP830H_QCA953X_100M_8.0_2026092000.bin,JIKEAP_AP830H_QCA953X_100M_8.0_2026092000.bin,15730950,9e8111ca03d16214095bacfe9f45d22b,2026,20260920,集客AP_高通_MIPS
2026/20260920/集客AP_高通_MIPS/JIKEAP_AP875H_QCA953X_100M_QCA9887_8.0_2026092000.bin,JIKEAP_AP875H_QCA953X_100M_QCA9887_8.0_2026092000.bin,15730949,4ec12ba12b05bd0e0d8328bfdcc76f19,2026,20260920,集客AP_高通_MIPS
2026/20260920/集客AP_高通_MIPS/JIKEAP_AP9344_35P0_AP9344P0_QCA934X_1000M_8.0_2026092000.bin,JIKEAP_AP9344_35P0_AP9344P0_QCA934X_1000M_8.0_2026092000.bin,15730582,a338d01a84c3442ebd482bf3c26e5430,2026,20260920,集客AP_高通_MIPS
2026/20260920/集客AP_高通_MIPS/JIKEAP_AP9344_35P4_AP9344P4_QCA934X_1000M_8.0_2026092000.bin,JIKEAP_AP9344_35P4_AP9344P4_QCA934X_1000M_8.0_2026092000.bin,15730584,e7133068963894f914a19afb22eba937,2026,20260920,集客AP_高通_MIPS
2026/20260920/集客AP_高通_MIPS/JIKEAP_AP9344_8327_QCA934X_1000M_8.0_2026092000.bin,JIKEAP_AP9344_8327_QCA934X_1000M_8.0_2026092000.bin,6881354,aacea6276c822887e873b15e2c400c35,2026,20260920,集客AP_高通_MIPS
2026/20260920/集客AP_高通_MIPS/JIKEAP_AP9344_M100_QCA934X_100M_8.0_2026092000.bin,JIKEAP_AP9344_M100_QCA934X_100M_8.0_2026092000.bin,15730831,7dc053214997b5585d74da05f85cabd5,2026,20260920,集客AP_高通_MIPS
2026/20260920/集客AP_高通_MIPS/JIKEAP_AP9344_RTL_QCA934X_1000M_8.0_2026092000.bin,JIKEAP_AP9344_RTL_QCA934X_1000M_8.0_2026092000.bin,15730708,da0d01ceeca18a8e97cfd1eef6d21b60,2026,20260920,集客AP_高通_MIPS
2026/20260920/集客AP_高通_MIPS/JIKEAP_AP941_QCA953X_100M_8.0_2026092000.bin,JIKEAP_AP941_QCA953X_100M_8.0_2026092000.bin,6881354,c46a5a825b201a49d58ae82f63e7547d,2026,20260920,集客AP_高通_MIPS
2026/20260920/集客AP_高通_MIPS/JIKEAP_AP9558V_QCA955X_1000M_QCA9880_LEEEL_8.0_2026092000.bin,JIKEAP_AP9558V_QCA955X_1000M_QCA9880_LEEEL_8.0_2026092000.bin,15730837,7382a0a4f08e974bd3bcf4aaab889df2,2026,20260920,集客AP_高通_MIPS
2026/20260920/集客AP_高通_MIPS/JIKEAP_AP9558_QCA955X_1000M_QCA9880_8.0_2026092000.bin,JIKEAP_AP9558_QCA955X_1000M_QCA9880_8.0_2026092000.bin,15730915,ebade3cb281fe74dd4d1f8ea40be16bb,2026,20260920,集客AP_高通_MIPS
2026/20260920/集客AP_高通_MIPS/JIKEAP_ARIMA2210_QCA934X_EPORT_8.0_2026092000.bin,JIKEAP_ARIMA2210_QCA934X_EPORT_8.0_2026092000.bin,7077962,2c0cb8febdf2d8b62fe027155fc977b6,2026,20260920,集客AP_高通_MIPS
2026/20260920/集客AP_高通_MIPS/JIKEAP_FX-2ac_FX2AC_QCA956X_8.0_2026092000.bin,JIKEAP_FX-2ac_FX2AC_QCA956X_8.0_2026092000.bin,8650826,fe5448bde3d3b5abf755be808eea8c70,2026,20260920,集客AP_高通_MIPS
2026/20260920/集客AP_高通_MIPS/JIKEAP_K2TS_QCA956X_1000M_QCA9886_8.0_2026092000.bin,JIKEAP_K2TS_QCA956X_1000M_QCA9886_8.0_2026092000.bin,8388682,19036b7566653adb93817e362e7bd508,2026,20260920,集客AP_高通_MIPS
2026/20260920/集客AP_高通_MIPS/JIKEAP_K2T_QCA956X_1000M_QCA9886_8.0_2026092000.bin,JIKEAP_K2T_QCA956X_1000M_QCA9886_8.0_2026092000.bin,8388682,bb3b6c49a88ad4946020094ed5d6a77f,2026,20260920,集客AP_高通_MIPS
2026/20260920/集客AP_高通_MIPS/JIKEAP_MI100_QCA934X_100M_8.0_2026092000.bin,JIKEAP_MI100_QCA934X_100M_8.0_2026092000.bin,7407706,b2cb726ba4541ad2672d685cd9e3cb55,2026,20260920,集客AP_高通_MIPS
2026/20260920/集客AP_高通_MIPS/JIKEAP_WPJ563_QCA956X_1000M_QCA9880_8.0_2026092000.bin,JIKEAP_WPJ563_QCA956X_1000M_QCA9880_8.0_2026092000.bin,9109578,d7a90aacbdff78c1a4f08ff90d98db3a,2026,20260920,集客AP_高通_MIPS
2026/20260920/集客AP_高通_MIPS/JIKEAP_XD102_QCA953X_8.0_2026092000.bin,JIKEAP_XD102_QCA953X_8.0_2026092000.bin,7536714,e923bae299fc774507c3344706b6acc2,2026,20260920,集客AP_高通_MIPS
2026/20260920/集客AP_高通_MIPS/JIKEAP_XD1202G_QCA956X_8.0_2026092000.bin,JIKEAP_XD1202G_QCA956X_8.0_2026092000.bin,15730862,9ce071097cf371965b57a37a4e383647,2026,20260920,集客AP_高通_MIPS
2026/20260921/集客AP_高通_IPQ系列_WIFI7/JIKEAP_BE3625YQ_IPQ53XX_8.1_2026092100.bin,JIKEAP_BE3625YQ_IPQ53XX_8.1_2026092100.bin,22546686,19e908f5da97c9bd9e74e713299a2386,2026,20260921,集客AP_高通_IPQ系列_WIFI7
2026/20260921/集客AP_高通_IPQ系列_WIFI7/JIKEAP_BE5125FMV2_BE3625YQM7_IPQ53XX_8.1_2026092100.bin,JIKEAP_BE5125FMV2_BE3625YQM7_IPQ53XX_8.1_2026092100.bin,22546690,b7c4bfe840b50d3010f423a0df760342,2026,20260921,集客AP_高通_IPQ系列_WIFI7
2026/20260921/集客AP_高通_IPQ系列_WIFI7/JIKEAP_BE6525JQ-3_BE6525JQ3_IPQ53XX_8.1_2026092100.bin,JIKEAP_BE6525JQ-3_BE6525JQ3_IPQ53XX_8.1_2026092100.bin,25561342,49d571df3c70f2a10942d3548385a3f0,2026,20260921,集客AP_高通_IPQ系列_WIFI7
2026/20260921/集客AP_高通_IPQ系列_WIFI7/JIKEAP_BE6525KY-3_BE6525KY3_IPQ53XX_8.1_2026092100.bin,JIKEAP_BE6525KY-3_BE6525KY3_IPQ53XX_8.1_2026092100.bin,28051710,9c6e8d863958a2f776872da7513fb8ea,2026,20260921,集客AP_高通_IPQ系列_WIFI7
2026/20260921/集客AP_高通_IPQ系列_WIFI7/JIKEAP_BE6525Y-3XGSFP_BE6525Y3XGSFP_IPQ53XX_8.1_2026092100.bin,JIKEAP_BE6525Y-3XGSFP_BE6525Y3XGSFP_IPQ53XX_8.1_2026092100.bin,28051714,e537fd2951cee43420967088a0558826,2026,20260921,集客AP_高通_IPQ系列_WIFI7
2026/20260921/集客AP_高通_IPQ系列_WIFI7/JIKEAP_BE8525KY-SFP_BE8525KYSFP_IPQ53XX_8.1_2026092100.bin,JIKEAP_BE8525KY-SFP_BE8525KYSFP_IPQ53XX_8.1_2026092100.bin,26085630,8d7251345abe835c5cdec81177a8cb0a,2026,20260921,集客AP_高通_IPQ系列_WIFI7
2026/20260921/集客AP_高通_IPQ系列_WIFI7/JIKEAP_BE9325F-6G_BE9325F6G_IPQ53XX_8.1_2026092100.bin,JIKEAP_BE9325F-6G_BE9325F6G_IPQ53XX_8.1_2026092100.bin,23333122,dd76f59ab3a164348fa717a3c105df29,2026,20260921,集客AP_高通_IPQ系列_WIFI7
2026/20260921/集客AP_高通_IPQ系列_WIFI7/JIKEAP_BE9325KY-6G-X_BE9325KY6GX_IPQ53XX_8.1_2026092100.bin,JIKEAP_BE9325KY-6G-X_BE9325KY6GX_IPQ53XX_8.1_2026092100.bin,26085630,9ce57ac787504809134f8cbd9cd40b0a,2026,20260921,集客AP_高通_IPQ系列_WIFI7
2026/20260921/集客AP_高通_IPQ系列_WIFI7/JIKEAP_BE9325KY-6G_BE9325KY6G_IPQ53XX_8.1_2026092100.bin,JIKEAP_BE9325KY-6G_BE9325KY6G_IPQ53XX_8.1_2026092100.bin,26085630,d9f24555ce3876374b59f119cc9fca91,2026,20260921,集客AP_高通_IPQ系列_WIFI7
2026/20260921/集客AP_高通_IPQ系列_WIFI7/JIKEAP_NE36PRO_IPQ53XX_8.1_2026092100.bin,JIKEAP_NE36PRO_IPQ53XX_8.1_2026092100.bin,20187394,506d1b0def6669788428c1c2ef37b159,2026,20260921,集客AP_高通_IPQ系列_WIFI7
2026/20260921/集客AP_高通_IPQ系列_WIFI7/JIKEAP_VS017_IPQ53XX_8.1_2026092100.bin,JIKEAP_VS017_IPQ53XX_8.1_2026092100.bin,22808826,bc2ef541e1136c138fa1674e0cd86af9,2026,20260921,集客AP_高通_IPQ系列_WIFI7
路由器/BR240L-1.5_2018072600.bin,BR240L-1.5_2018072600.bin,7422828,7406e4d3b80db5bf1916bebb8b8201c2,正式版,路由器,正式版固件
路由器/BR240L-1.5_2018072600_01c2.bin,BR240L-1.5_2018072600_01c2.bin,7422828,7406e4d3b80db5bf1916bebb8b8201c2,正式版,路由器,正式版固件
路由器/GECOOS_AC128_mt7621_1.2_2021122900.bin,GECOOS_AC128_mt7621_1.2_2021122900.bin,4456522,fe338f59f90efad2814d58d661814df2,正式版,路由器,正式版固件
路由器/GECOOS_AC128_mt7621_1.3_2024080500.bin,GECOOS_AC128_mt7621_1.3_2024080500.bin,4456522,5c85aaded95ccc5a228c17874d7cf4e5,正式版,路由器,正式版固件
路由器/GECOOS_AC7620_mt7620_FREE_1.2_2021122900.bin,GECOOS_AC7620_mt7620_FREE_1.2_2021122900.bin,4194378,0357fb30788287def0aad9e0d45c7cf9,正式版,路由器,正式版固件
路由器/GECOOS_AC7620_mt7620_FREE_1.3_2024080500.bin,GECOOS_AC7620_mt7620_FREE_1.3_2024080500.bin,4194378,6ae77f67ccf223153c1ddc5a265a9050,正式版,路由器,正式版固件
路由器/GECOOS_AC7621_mt7621_FREE_1.2_2021122900.bin,GECOOS_AC7621_mt7621_FREE_1.2_2021122900.bin,4456522,6a77b0e153d3ee9e16c875eb3bf81a24,正式版,路由器,正式版固件
路由器/GECOOS_AC7621_mt7621_FREE_1.3_2024080500.bin,GECOOS_AC7621_mt7621_FREE_1.3_2024080500.bin,4456522,a0c328c0b08d80cbb2c89e334f79d2bd,正式版,路由器,正式版固件
路由器/GECOOS_AC7628_mt7628_FREE_1.2_2021122900.bin,GECOOS_AC7628_mt7628_FREE_1.2_2021122900.bin,4456522,1b0f52bebd405c52b2b80ef7591036c6,正式版,路由器,正式版固件
路由器/GECOOS_AC7628_mt7628_FREE_1.3_2024080500.bin,GECOOS_AC7628_mt7628_FREE_1.3_2024080500.bin,4456522,f0f9f6aa036878ee8c616163ec09231a,正式版,路由器,正式版固件
路由器/GECOOS_ACRH17_IPQ40XX_7.4_2023092700.bin,GECOOS_ACRH17_IPQ40XX_7.4_2023092700.bin,13942458,e0abddb31f87a0a4946e1ddeb0f96ed5,正式版,路由器,正式版固件
路由器/GECOOS_ACRH17_IPQ40XX_8.0_2024081000.bin,GECOOS_ACRH17_IPQ40XX_8.0_2024081000.bin,14206650,815df4783444ad0f567b129a9f7f93ad,正式版,路由器,正式版固件
路由器/GECOOS_AP110T_QCA933X_7.4_2023092700.bin,GECOOS_AP110T_QCA933X_7.4_2023092700.bin,6422602,f96192a006c791a8d94f682ccd4e28df,正式版,路由器,正式版固件
路由器/GECOOS_AP110T_QCA933X_8.0_2024081000.bin,GECOOS_AP110T_QCA933X_8.0_2024081000.bin,6815818,c895af9fa0d9ccbc0a58c43dfb178c15,正式版,路由器,正式版固件
路由器/GECOOS_AP112F_QCA953X_7.4_2023092700.bin,GECOOS_AP112F_QCA953X_7.4_2023092700.bin,15725684,97a11a877b85f90b37f251b161d40625,正式版,路由器,正式版固件
路由器/GECOOS_AP112F_QCA953X_8.0_2024081000.bin,GECOOS_AP112F_QCA953X_8.0_2024081000.bin,15730753,cfe96769684f908c3b9b3eddfc995cae,正式版,路由器,正式版固件
路由器/GECOOS_AP112Fv2_AP112FV2_QCA953X_7.4_2023092700.bin,GECOOS_AP112Fv2_AP112FV2_QCA953X_7.4_2023092700.bin,7337121,57b029a377634938d6c9656639eec9e4,正式版,路由器,正式版固件
路由器/GECOOS_AP112Fv2_AP112FV2_QCA953X_8.0_2024081000.bin,GECOOS_AP112Fv2_AP112FV2_QCA953X_8.0_2024081000.bin,7342129,b463262a7f73a63fa89cf7a0ababd98f,正式版,路由器,正式版固件
路由器/GECOOS_AP116F_QCA953X_7.4_2023092700.bin,GECOOS_AP116F_QCA953X_7.4_2023092700.bin,15725667,cc04fc647e63d9b483a20d4c2cc96c9f,正式版,路由器,正式版固件
路由器/GECOOS_AP116F_QCA953X_8.0_2024081000.bin,GECOOS_AP116F_QCA953X_8.0_2024081000.bin,15730802,1c4c3067acc528302eaa0248a8700c53,正式版,路由器,正式版固件
路由器/GECOOS_AP118F_mt7628_K4_EPORT_7.4_2023092700.bin,GECOOS_AP118F_mt7628_K4_EPORT_7.4_2023092700.bin,6553835,ef437ba31e126493aef7c081d31c1c7a,正式版,路由器,正式版固件
路由器/GECOOS_AP118F_mt7628_K4_EPORT_8.0_2024081000.bin,GECOOS_AP118F_mt7628_K4_EPORT_8.0_2024081000.bin,6815979,dbe06eb848e97106e672ac6956ce6fc0,正式版,路由器,正式版固件
路由器/GECOOS_AP118Y_mt7628_K4_EPORT_7.4_2023092700.bin,GECOOS_AP118Y_mt7628_K4_EPORT_7.4_2023092700.bin,6553835,fa0b7f7058ebf016665f1a409104539f,正式版,路由器,正式版固件
路由器/GECOOS_AP118Y_mt7628_K4_EPORT_8.0_2024081000.bin,GECOOS_AP118Y_mt7628_K4_EPORT_8.0_2024081000.bin,6815979,6eb0615d18507a9d7b3bbfb9f10ef4ee,正式版,路由器,正式版固件
路由器/GECOOS_AP126F_QCA953X_7.4_2023092700.bin,GECOOS_AP126F_QCA953X_7.4_2023092700.bin,7337047,a37734b4830d28480eae28991bc0d3f9,正式版,路由器,正式版固件
路由器/GECOOS_AP126F_QCA953X_8.0_2024081000.bin,GECOOS_AP126F_QCA953X_8.0_2024081000.bin,7342231,e7540002bafb82beecd510b07e5d294a,正式版,路由器,正式版固件
路由器/GECOOS_AP130F-H_QCA953X_7.4_2023092700.bin,GECOOS_AP130F-H_QCA953X_7.4_2023092700.bin,15725617,435885bae9e21c4854c457f80c07f230,正式版,路由器,正式版固件
路由器/GECOOS_AP130F-H_QCA953X_8.0_2024081000.bin,GECOOS_AP130F-H_QCA953X_8.0_2024081000.bin,15730861,87e58d50a60e03b00ef5a34c7121164d,正式版,路由器,正式版固件
路由器/GECOOS_AP130T_QCA934X_7.4_2023092700.bin,GECOOS_AP130T_QCA934X_7.4_2023092700.bin,6422602,22db0e01a059bac50751112fc200d3d7,正式版,路由器,正式版固件
路由器/GECOOS_AP130T_QCA934X_8.0_2024081000.bin,GECOOS_AP130T_QCA934X_8.0_2024081000.bin,6815818,448ae9f951c5c69339f6e23b5899ba5e,正式版,路由器,正式版固件
路由器/GECOOS_AP210G_mt7620_K4_EPORT_7.4_2023092700.bin,GECOOS_AP210G_mt7620_K4_EPORT_7.4_2023092700.bin,6553835,b00d209556756942b80eb078804392ec,正式版,路由器,正式版固件
路由器/GECOOS_AP210G_mt7620_K4_EPORT_8.0_2024081000.bin,GECOOS_AP210G_mt7620_K4_EPORT_8.0_2024081000.bin,7078123,7447ec2f051896bfca0148ba962487e4,正式版,路由器,正式版固件
路由器/GECOOS_AP212G_mt7621_K4_EPORT_7.4_2023092700.bin,GECOOS_AP212G_mt7621_K4_EPORT_7.4_2023092700.bin,6029550,432e3e197130e9e56d37ef70439a5bc0,正式版,路由器,正式版固件
路由器/GECOOS_AP212G_mt7621_K4_EPORT_8.0_2024081000.bin,GECOOS_AP212G_mt7621_K4_EPORT_8.0_2024081000.bin,6357230,af254979560db04ec86a376e3ac57b46,正式版,路由器,正式版固件
路由器/GECOOS_AP220G_AP220G_QCA956X_7.4_2023092700.bin,GECOOS_AP220G_AP220G_QCA956X_7.4_2023092700.bin,15725825,98f9c9c09404c2f614d403990fe148b9,正式版,路由器,正式版固件
路由器/GECOOS_AP220G_AP220G_QCA956X_8.0_2024081000.bin,GECOOS_AP220G_AP220G_QCA956X_8.0_2024081000.bin,15730939,45037d3675e67ab56d235e52ce0833b9,正式版,路由器,正式版固件
路由器/GECOOS_AP230EP_mt7620_K4_EPORT_8.0_2024081000.bin,GECOOS_AP230EP_mt7620_K4_EPORT_8.0_2024081000.bin,7340268,f14e0c764b65bf6fe5f59988245c5b3e,正式版,路由器,正式版固件
路由器/GECOOS_AP230EP_mt7620_K4_EPORT_FREE_7.4_2023092700.bin,GECOOS_AP230EP_mt7620_K4_EPORT_FREE_7.4_2023092700.bin,6815980,e3132d3ca34d99e1ab9ea0680e081734,正式版,路由器,正式版固件
路由器/GECOOS_AP230IP_mt7620_K4_EPORT_8.0_2024081000.bin,GECOOS_AP230IP_mt7620_K4_EPORT_8.0_2024081000.bin,7340268,ed4aee6c362a6a3f37f166714caeccfa,正式版,路由器,正式版固件
路由器/GECOOS_AP230IP_mt7620_K4_EPORT_FREE_7.4_2023092700.bin,GECOOS_AP230IP_mt7620_K4_EPORT_FREE_7.4_2023092700.bin,6815980,155e32f7a9b0672c7486152136ae8db4,正式版,路由器,正式版固件
路由器/GECOOS_AP238AN_mt7628_K4_LEEEL_EPORT_8.0_2024081000.bin,GECOOS_AP238AN_mt7628_K4_LEEEL_EPORT_8.0_2024081000.bin,7602412,3660f474c6d9d4430c6abd0b3fcb81d5,正式版,路由器,正式版固件
路由器/GECOOS_AP238AN_mt7628_K4_LEEEL_EPORT_FREE_7.4_2023092700.bin,GECOOS_AP238AN_mt7628_K4_LEEEL_EPORT_FREE_7.4_2023092700.bin,7078124,1ad19eb98a36b9b85cf21df168e82d9f,正式版,路由器,正式版固件
路由器/GECOOS_AP242P_mt7621_K4_LLLLL_64M_8.0_2024081000.bin,GECOOS_AP242P_mt7621_K4_LLLLL_64M_8.0_2024081000.bin,7667950,14b446a4cdabf0924f7751a95c5eb570,正式版,路由器,正式版固件
路由器/GECOOS_AP242P_mt7621_K4_LLLLL_64M_FREE_7.4_2023092700.bin,GECOOS_AP242P_mt7621_K4_LLLLL_64M_FREE_7.4_2023092700.bin,7340270,f2418b0f652e1b0c56494dab5fab8d21,正式版,路由器,正式版固件
路由器/GECOOS_AP243P_mt7621_K4_LEEEL_EPORT_8.0_2024081000.bin,GECOOS_AP243P_mt7621_K4_LEEEL_EPORT_8.0_2024081000.bin,7667950,7c4efca80c284457c58267ccf99137bf,正式版,路由器,正式版固件
路由器/GECOOS_AP243P_mt7621_K4_LEEEL_EPORT_FREE_7.4_2023092700.bin,GECOOS_AP243P_mt7621_K4_LEEEL_EPORT_FREE_7.4_2023092700.bin,7340270,d27b78657cacf4710033acb8acd62cd4,正式版,路由器,正式版固件
路由器/GECOOS_AP246HI_mt7621_K4_1000_8.0_2024081000.bin,GECOOS_AP246HI_mt7621_K4_1000_8.0_2024081000.bin,7930095,7522f40edd5d557cd53d9e4c2832d98b,正式版,路由器,正式版固件
路由器/GECOOS_AP246HI_mt7621_K4_1000_FREE_7.4_2023092700.bin,GECOOS_AP246HI_mt7621_K4_1000_FREE_7.4_2023092700.bin,7602415,8855cdde8edc9cb5d4defdaf9f47c6e7,正式版,路由器,正式版固件
路由器/GECOOS_AP246P_mt7621_K4_MT7603_MT7615N_8.0_2024081000.bin,GECOOS_AP246P_mt7621_K4_MT7603_MT7615N_8.0_2024081000.bin,8716526,c6bd6fc0c8829390dfb29f66a9ff5bba,正式版,路由器,正式版固件
路由器/GECOOS_AP246P_mt7621_K4_MT7603_MT7615N_FREE_7.4_2023092700.bin,GECOOS_AP246P_mt7621_K4_MT7603_MT7615N_FREE_7.4_2023092700.bin,8388846,c993a9afb3b4da564250416d12814bbd,正式版,路由器,正式版固件
路由器/GECOOS_AP250MD_mt7981_K4_NAND_UBI_AUTO_FREE_7.4_2023092700.bin,GECOOS_AP250MD_mt7981_K4_NAND_UBI_AUTO_FREE_7.4_2023092700.bin,10855265,afb8e32bc766bcd227670a6de5ddd9b4,正式版,路由器,正式版固件
路由器/GECOOS_AP250_mt7981_K4_WIFI6_3000M_8.0_2024081000.bin,GECOOS_AP250_mt7981_K4_WIFI6_3000M_8.0_2024081000.bin,9438040,3db50182cbab614915bfc50c908b1df3,正式版,路由器,正式版固件
路由器/GECOOS_AP250_mt7981_K4_WIFI6_3000M_FREE_7.4_2023092700.bin,GECOOS_AP250_mt7981_K4_WIFI6_3000M_FREE_7.4_2023092700.bin,10748760,c74cb99b72cdc38d03f3735dbdade796,正式版,路由器,正式版固件
路由器/GECOOS_AP260F-H_QCA953X_7.4_2023092700.bin,GECOOS_AP260F-H_QCA953X_7.4_2023092700.bin,15725639,10b2c13795d6e6f35ae7f67edcff727e,正式版,路由器,正式版固件
路由器/GECOOS_AP260F-H_QCA953X_8.0_2024081000.bin,GECOOS_AP260F-H_QCA953X_8.0_2024081000.bin,15730870,87f271ceb3e300c622473c21713d8b32,正式版,路由器,正式版固件
路由器/GECOOS_AP261F-H_mt7621_K4_7.4_2023092700.bin,GECOOS_AP261F-H_mt7621_K4_7.4_2023092700.bin,6029550,3839938204f20599339a11bdb435199d,正式版,路由器,正式版固件
路由器/GECOOS_AP261F-H_mt7621_K4_8.0_2024081000.bin,GECOOS_AP261F-H_mt7621_K4_8.0_2024081000.bin,6357230,cd67fd1b0692998660abdbedfae3b34d,正式版,路由器,正式版固件
路由器/GECOOS_AP261Y-H_QCA953X_7.4_2023092700.bin,GECOOS_AP261Y-H_QCA953X_7.4_2023092700.bin,15725647,6172173eba554dc1f166be2c7204c894,正式版,路由器,正式版固件
路由器/GECOOS_AP261Y-H_QCA953X_8.0_2024081000.bin,GECOOS_AP261Y-H_QCA953X_8.0_2024081000.bin,15730852,e1969de87820f1a9f9638587e83d87e3,正式版,路由器,正式版固件
路由器/GECOOS_AP262Y-H_QCA956X_7.4_2023092700.bin,GECOOS_AP262Y-H_QCA956X_7.4_2023092700.bin,15725878,69b50f91428785aba50288a86bdd9194,正式版,路由器,正式版固件
路由器/GECOOS_AP262Y-H_QCA956X_8.0_2024081000.bin,GECOOS_AP262Y-H_QCA956X_8.0_2024081000.bin,15730880,68e4caebd55cc7e19eda3a45da9cafec,正式版,路由器,正式版固件
路由器/GECOOS_AP263YS_QCA956X_7.4_2023092700.bin,GECOOS_AP263YS_QCA956X_7.4_2023092700.bin,8585290,4182099f7551b5ce846dd2f08905ac98,正式版,路由器,正式版固件
路由器/GECOOS_AP263YS_QCA956X_8.0_2024081000.bin,GECOOS_AP263YS_QCA956X_8.0_2024081000.bin,8978506,0e4e03dc44a31965c5351b428180b923,正式版,路由器,正式版固件
路由器/GECOOS_AP266G-H_QCA955X_7.4_2023092700.bin,GECOOS_AP266G-H_QCA955X_7.4_2023092700.bin,8192074,4b582808fe49488947208eb4350ed6d7,正式版,路由器,正式版固件
路由器/GECOOS_AP266G-H_QCA955X_8.0_2024081000.bin,GECOOS_AP266G-H_QCA955X_8.0_2024081000.bin,8650826,09b26c04eb943a4a47b7c73a8f511e14,正式版,路由器,正式版固件
路由器/GECOOS_AP267F-H_QCA956X_7.4_2023092700.bin,GECOOS_AP267F-H_QCA956X_7.4_2023092700.bin,15725878,503eb744c505ed179a96034a724ebd44,正式版,路由器,正式版固件
路由器/GECOOS_AP267F-H_QCA956X_8.0_2024081000.bin,GECOOS_AP267F-H_QCA956X_8.0_2024081000.bin,15731053,c8be11bc68986c73e5bff4e012aed624,正式版,路由器,正式版固件
路由器/GECOOS_AP267F-Hv2_AP267F-HV2_QCA956X_7.4_2023092700.bin,GECOOS_AP267F-Hv2_AP267F-HV2_QCA956X_7.4_2023092700.bin,15725742,c5542cc9460157fb02c2648c7b25cc0a,正式版,路由器,正式版固件
路由器/GECOOS_AP267F-Hv2_AP267F-HV2_QCA956X_8.0_2024081000.bin,GECOOS_AP267F-Hv2_AP267F-HV2_QCA956X_8.0_2024081000.bin,15731019,5df4d1a35c1e1d280d6724365e8dc70c,正式版,路由器,正式版固件
路由器/GECOOS_AP269X-HG_IPQ40XX_7.4_2023092700.bin,GECOOS_AP269X-HG_IPQ40XX_7.4_2023092700.bin,13741502,adb956fd01f260cd6fa4663e9ff310e5,正式版,路由器,正式版固件
路由器/GECOOS_AP269X-HG_IPQ40XX_8.0_2024081000.bin,GECOOS_AP269X-HG_IPQ40XX_8.0_2024081000.bin,14004746,90ddd7abaa2a87c3b6cb557fbd720f91,正式版,路由器,正式版固件
路由器/GECOOS_AP285F-H_IPQ40XX_7.4_2023092700.bin,GECOOS_AP285F-H_IPQ40XX_7.4_2023092700.bin,13744494,8e085eca4e78dfa093a0605a5cb772e3,正式版,路由器,正式版固件
路由器/GECOOS_AP285F-H_IPQ40XX_8.0_2024081000.bin,GECOOS_AP285F-H_IPQ40XX_8.0_2024081000.bin,14007770,9c71f705476b79fdd861e1e016f43bc1,正式版,路由器,正式版固件
路由器/GECOOS_AP601_mt7620_K4_LEEEE_EPORT_8.0_2024081000.bin,GECOOS_AP601_mt7620_K4_LEEEE_EPORT_8.0_2024081000.bin,5243114,b1c5b4a8ea801a6f83821eb139a9e89f,正式版,路由器,正式版固件
路由器/GECOOS_AP601_mt7620_K4_LEEEE_EPORT_FREE_7.4_2023092700.bin,GECOOS_AP601_mt7620_K4_LEEEE_EPORT_FREE_7.4_2023092700.bin,4980970,2d32e3118d818ac72a128faa2dee6aff,正式版,路由器,正式版固件
路由器/GECOOS_AP630_QCA953X_7.4_2023092700.bin,GECOOS_AP630_QCA953X_7.4_2023092700.bin,15725672,6dbb8f9f0ccb88a47487069cfe15e56c,正式版,路由器,正式版固件
路由器/GECOOS_AP630_QCA953X_8.0_2024081000.bin,GECOOS_AP630_QCA953X_8.0_2024081000.bin,15730796,38f539be5b372980139f932f11c41458,正式版,路由器,正式版固件
路由器/GECOOS_AP630v2_AP630V2_QCA953X_7.4_2023092700.bin,GECOOS_AP630v2_AP630V2_QCA953X_7.4_2023092700.bin,7337075,8ef775c5a535742f8b709b13c32eebf9,正式版,路由器,正式版固件
路由器/GECOOS_AP630v2_AP630V2_QCA953X_8.0_2024081000.bin,GECOOS_AP630v2_AP630V2_QCA953X_8.0_2024081000.bin,7342197,4fac49c0b59a66f692dae09ce33c3efd,正式版,路由器,正式版固件
路由器/GECOOS_AP675_QCA953X_7.4_2023092700.bin,GECOOS_AP675_QCA953X_7.4_2023092700.bin,15725634,99dc06b52175ae1097892379396b2701,正式版,路由器,正式版固件
路由器/GECOOS_AP675_QCA953X_8.0_2024081000.bin,GECOOS_AP675_QCA953X_8.0_2024081000.bin,15730845,bb1ef33b034dc856262ce6af275e016b,正式版,路由器,正式版固件
路由器/GECOOS_AP830H_QCA953X_7.4_2023092700.bin,GECOOS_AP830H_QCA953X_7.4_2023092700.bin,15725589,9b3c01a2cc962f5918164f37b9925c86,正式版,路由器,正式版固件
路由器/GECOOS_AP830H_QCA953X_8.0_2024081000.bin,GECOOS_AP830H_QCA953X_8.0_2024081000.bin,15730771,a6e91cea709fc26aa8b0b992a0efa9a8,正式版,路由器,正式版固件
路由器/GECOOS_AP875H_QCA953X_7.4_2023092700.bin,GECOOS_AP875H_QCA953X_7.4_2023092700.bin,15725586,348f8e1d614cee4b33d048d3bdc730c2,正式版,路由器,正式版固件
路由器/GECOOS_AP875H_QCA953X_8.0_2024081000.bin,GECOOS_AP875H_QCA953X_8.0_2024081000.bin,15730794,29fef3517c7f1e58b6c263a92a2125b3,正式版,路由器,正式版固件
路由器/GECOOS_AP9344_35P0_AP9344P0_QCA934X_7.4_2023092700.bin,GECOOS_AP9344_35P0_AP9344P0_QCA934X_7.4_2023092700.bin,15725635,09144b4c1d449822987be123f3d2ce6d,正式版,路由器,正式版固件
路由器/GECOOS_AP9344_35P0_AP9344P0_QCA934X_8.0_2024081000.bin,GECOOS_AP9344_35P0_AP9344P0_QCA934X_8.0_2024081000.bin,15730673,71a8a57010373f051603993571a4e19e,正式版,路由器,正式版固件
路由器/GECOOS_AP9344_35P4_AP9344P4_QCA934X_7.4_2023092700.bin,GECOOS_AP9344_35P4_AP9344P4_QCA934X_7.4_2023092700.bin,15725673,2e708255e62e6ada7edea93a7f15cd77,正式版,路由器,正式版固件
路由器/GECOOS_AP9344_35P4_AP9344P4_QCA934X_8.0_2024081000.bin,GECOOS_AP9344_35P4_AP9344P4_QCA934X_8.0_2024081000.bin,15730644,ce74966342accf40b4deeed5a063d47d,正式版,路由器,正式版固件
路由器/GECOOS_AP941_QCA953X_7.4_2023092700.bin,GECOOS_AP941_QCA953X_7.4_2023092700.bin,6422602,57039331a445cffecf9a3ff0d11d2b98,正式版,路由器,正式版固件
路由器/GECOOS_AP941_QCA953X_8.0_2024081000.bin,GECOOS_AP941_QCA953X_8.0_2024081000.bin,6815818,3b8dead60fb53c3255f08db1902a96d3,正式版,路由器,正式版固件
路由器/GECOOS_AP9558_QCA955X_7.4_2023092700.bin,GECOOS_AP9558_QCA955X_7.4_2023092700.bin,15725756,4888e9e5bd508baeed547c92c70ad4cf,正式版,路由器,正式版固件
路由器/GECOOS_AP9558_QCA955X_8.0_2024081000.bin,GECOOS_AP9558_QCA955X_8.0_2024081000.bin,15730906,f9d79918da4a9dbd4de5127fd5dd921e,正式版,路由器,正式版固件
路由器/GECOOS_AX1800FM_mt7621_K4_7.4_2023092700.bin,GECOOS_AX1800FM_mt7621_K4_7.4_2023092700.bin,6357231,a6bf72a5c0a71ee29f330cdb049512ad,正式版,路由器,正式版固件
路由器/GECOOS_AX1800FM_mt7621_K4_8.0_2024081000.bin,GECOOS_AX1800FM_mt7621_K4_8.0_2024081000.bin,6684911,a97ddaaed05b4e4c61e1d086c696c332,正式版,路由器,正式版固件
路由器/GECOOS_AX1800F_IPQ60XX_7.4_2023092700.bin,GECOOS_AX1800F_IPQ60XX_7.4_2023092700.bin,12763190,ff1662a9585f5f60b7174c594220058b,正式版,路由器,正式版固件
路由器/GECOOS_AX1800F_IPQ60XX_8.0_2024081000.bin,GECOOS_AX1800F_IPQ60XX_8.0_2024081000.bin,13026258,b23bb456ae3ae0337cf4e1ec08c05562,正式版,路由器,正式版固件
路由器/GECOOS_AX1800Y_IPQ60XX_7.4_2023092700.bin,GECOOS_AX1800Y_IPQ60XX_7.4_2023092700.bin,14160622,662a214e36eadb0dfeeab5c2a2b23075,正式版,路由器,正式版固件
路由器/GECOOS_AX1800Y_IPQ60XX_8.0_2024081000.bin,GECOOS_AX1800Y_IPQ60XX_8.0_2024081000.bin,14160622,c0acb022d9d615622c64b336beb6b704,正式版,路由器,正式版固件
路由器/GECOOS_AX2018FTR_mt7621_K4_EPORT_7.4_2023092700.bin,GECOOS_AX2018FTR_mt7621_K4_EPORT_7.4_2023092700.bin,6357231,69df98cfce5a8b56bed99e5a90488ef0,正式版,路由器,正式版固件
路由器/GECOOS_AX2020_mt7621_K4_EPORT_7.4_2023092700.bin,GECOOS_AX2020_mt7621_K4_EPORT_7.4_2023092700.bin,6357229,14f3e9d37ef40cb62274e02f3840dcde,正式版,路由器,正式版固件
路由器/GECOOS_AX2020_mt7621_K4_EPORT_8.0_2024081000.bin,GECOOS_AX2020_mt7621_K4_EPORT_8.0_2024081000.bin,6684909,7b4943bf089db31b33310c33ee40af75,正式版,路由器,正式版固件
路由器/GECOOS_AX2021_mt7621_K4_EPORT_7.4_2023092700.bin,GECOOS_AX2021_mt7621_K4_EPORT_7.4_2023092700.bin,6357229,ad5c32e36788e34be92e4bc99b2efef6,正式版,路由器,正式版固件
路由器/GECOOS_AX2021_mt7621_K4_EPORT_8.0_2024081000.bin,GECOOS_AX2021_mt7621_K4_EPORT_8.0_2024081000.bin,6684909,7c46048e9b070beed1ed59cc645382c3,正式版,路由器,正式版固件
路由器/GECOOS_AX2022_mt7621_K4_EPORT_7.4_2023092700.bin,GECOOS_AX2022_mt7621_K4_EPORT_7.4_2023092700.bin,7209199,d35bdd7da13d5b680ab46b0c41bd6289,正式版,路由器,正式版固件
路由器/GECOOS_AX2022_mt7621_K4_EPORT_8.0_2024081000.bin,GECOOS_AX2022_mt7621_K4_EPORT_8.0_2024081000.bin,7536879,f4d7619b5fd34ee73407c627608a414b,正式版,路由器,正式版固件
路由器/GECOOS_AX2030A_IPQ50XX_7.4_2023092700.bin,GECOOS_AX2030A_IPQ50XX_7.4_2023092700.bin,14947366,d47956133a975d89f3a2dc71ae120f96,正式版,路由器,正式版固件
路由器/GECOOS_AX2030A_IPQ50XX_8.0_2024081000.bin,GECOOS_AX2030A_IPQ50XX_8.0_2024081000.bin,15340582,076bcace7ddd06036c25bf63526e2442,正式版,路由器,正式版固件
路由器/GECOOS_AX2030FM_mt7981_K4_7.4_2023092700.bin,GECOOS_AX2030FM_mt7981_K4_7.4_2023092700.bin,10748778,88008a16ace65bbbb545c1636705e488,正式版,路由器,正式版固件
路由器/GECOOS_AX2030FM_mt7981_K4_8.0_2024081000.bin,GECOOS_AX2030FM_mt7981_K4_8.0_2024081000.bin,9438058,20b02c6c70a638143cccb74f06bca145,正式版,路由器,正式版固件
路由器/GECOOS_AX3000AMX_mt7981_K4_WIFI6_3000M_2_5G_7.4_2023092700.bin,GECOOS_AX3000AMX_mt7981_K4_WIFI6_3000M_2_5G_7.4_2023092700.bin,10748783,fda1cf31fec6d3f0dac6565f21e1358a,正式版,路由器,正式版固件
路由器/GECOOS_AX3000AM_mt7981_K4_WIFI6_3000M_7.4_2023092700.bin,GECOOS_AX3000AM_mt7981_K4_WIFI6_3000M_7.4_2023092700.bin,10748773,4d268cdc5130a21335d28766c0a820cc,正式版,路由器,正式版固件
路由器/GECOOS_AX3000FX_IPQ50XX_7.4_2023092700.bin,GECOOS_AX3000FX_IPQ50XX_7.4_2023092700.bin,15602734,b77493a7fa2bc7d2c5c1dc6ea4ac9271,正式版,路由器,正式版固件
路由器/GECOOS_AX3000FX_IPQ50XX_8.0_2024081000.bin,GECOOS_AX3000FX_IPQ50XX_8.0_2024081000.bin,15602734,0b6d467fe5118c9af624ba4bb6418ce8,正式版,路由器,正式版固件
路由器/GECOOS_AX3000FY_IPQ50XX_7.4_2023092700.bin,GECOOS_AX3000FY_IPQ50XX_7.4_2023092700.bin,15340590,336b79c7bbce6d90935a0b934c8732bf,正式版,路由器,正式版固件
路由器/GECOOS_AX3000FY_IPQ50XX_8.0_2024081000.bin,GECOOS_AX3000FY_IPQ50XX_8.0_2024081000.bin,15340590,c9f2117db2e18a5a3c8bf0241767a886,正式版,路由器,正式版固件
路由器/GECOOS_AX3000F_IPQ50XX_7.4_2023092700.bin,GECOOS_AX3000F_IPQ50XX_7.4_2023092700.bin,15340586,a019fe60414b00d44052fbbec4b1c033,正式版,路由器,正式版固件
路由器/GECOOS_AX3000F_IPQ50XX_8.0_2024081000.bin,GECOOS_AX3000F_IPQ50XX_8.0_2024081000.bin,15340586,a091b1c9f8c5ce9d1e6a7c70d4b43aab,正式版,路由器,正式版固件
路由器/GECOOS_AX3025FM_mt7981_K4_7.4_2023092700.bin,GECOOS_AX3025FM_mt7981_K4_7.4_2023092700.bin,10748778,7af34f332c0c6d9895f3d05ccb8ae658,正式版,路由器,正式版固件
路由器/GECOOS_AX3025FM_mt7981_K4_8.0_2024081000.bin,GECOOS_AX3025FM_mt7981_K4_8.0_2024081000.bin,9438058,9b0fe199ddfdd83943530543696b2599,正式版,路由器,正式版固件
路由器/GECOOS_AX3025Y_IPQ807X_7.4_2023092700.bin,GECOOS_AX3025Y_IPQ807X_7.4_2023092700.bin,16939054,865e8e73dc9bfe8d9d8a08baa831657c,正式版,路由器,正式版固件
路由器/GECOOS_AX3025Y_IPQ807X_8.0_2024081000.bin,GECOOS_AX3025Y_IPQ807X_8.0_2024081000.bin,17201198,a91d4ada00cbca5f6988c4eb090cb54b,正式版,路由器,正式版固件
路由器/GECOOS_AX8300A-SFP_IPQ50XX_7.4_2023092700.bin,GECOOS_AX8300A-SFP_IPQ50XX_7.4_2023092700.bin,15602730,8caf405100309470f8671027327babdc,正式版,路由器,正式版固件
路由器/GECOOS_AX8300A-SFP_IPQ50XX_8.0_2024081000.bin,GECOOS_AX8300A-SFP_IPQ50XX_8.0_2024081000.bin,15602730,14f37858a9674e1a771603b6ced4f08d,正式版,路由器,正式版固件
路由器/GECOOS_B3000_IPQ50XX_7.4_2023092700.bin,GECOOS_B3000_IPQ50XX_7.4_2023092700.bin,13351502,690f8be88e0d99b9291fad07f78eb1f0,正式版,路由器,正式版固件
路由器/GECOOS_B3000_IPQ50XX_8.0_2024081000.bin,GECOOS_B3000_IPQ50XX_8.0_2024081000.bin,13614974,64e40a61efca486fea8e2b18de3c1847,正式版,路由器,正式版固件
路由器/GECOOS_CM520_IPQ40XX_7.4_2023092700.bin,GECOOS_CM520_IPQ40XX_7.4_2023092700.bin,14694966,d418b6681d09ca7228366500aabd25ae,正式版,路由器,正式版固件
路由器/GECOOS_CM520_IPQ40XX_8.0_2024081000.bin,GECOOS_CM520_IPQ40XX_8.0_2024081000.bin,14957110,51cf687baf49a8f3d4292c64e07d3f5f,正式版,路由器,正式版固件
路由器/GECOOS_N3000_IPQ50XX_7.4_2023092700.bin,GECOOS_N3000_IPQ50XX_7.4_2023092700.bin,14816290,a19aa102b8ffd013e48827d72f8287ec,正式版,路由器,正式版固件
路由器/GECOOS_N3000_IPQ50XX_8.0_2024081000.bin,GECOOS_N3000_IPQ50XX_8.0_2024081000.bin,14816290,1020a20cd94f1417f67f2c8431fdc365,正式版,路由器,正式版固件
路由器/GECOOS_WP963_IPQ50XX_7.4_2023092700.bin,GECOOS_WP963_IPQ50XX_7.4_2023092700.bin,13026366,047ad3b6d862afaaa32d22a188cad388,正式版,路由器,正式版固件
路由器/GECOOS_WP963_IPQ50XX_8.0_2024081000.bin,GECOOS_WP963_IPQ50XX_8.0_2024081000.bin,13179398,6ddc8ab63c9c9e0bd766bcc38e132440,正式版,路由器,正式版固件
路由器/GECOOS_X86GW_3.1_2023012100.upg,GECOOS_X86GW_3.1_2023012100.upg,31973752,eb597b32373c10656862deca9d3a2073,正式版,路由器,正式版固件
路由器/GECOOS_X86GW_3.1_2024080600.upg,GECOOS_X86GW_3.1_2024080600.upg,31967336,f9b763aa4c7003fe14c6a09c99378874,正式版,路由器,正式版固件
路由器/JIKEAP_AP245P_MT7621_K4_MT7615DN_LEEEL_EPORT_FREE_8.0_2024061200.bin,JIKEAP_AP245P_MT7621_K4_MT7615DN_LEEEL_EPORT_FREE_8.0_2024061200.bin,6684910,af5c529eea5f142ce145489515ecb1b1,正式版,路由器,正式版固件
路由器/K2.E1 GECOOS_AP230EP_mt7620_withPA_LLELL_5.8_2020013000.bin,K2.E1 GECOOS_AP230EP_mt7620_withPA_LLELL_5.8_2020013000.bin,4718666,d8ac5e53cc50f4866ca56307474db840,正式版,路由器,正式版固件
路由器/K2.E1 JIKEAP_AP230EP_MT7620_withPA_LLELL_EPORT_FREE_5.8_2020040800.bin,K2.E1 JIKEAP_AP230EP_MT7620_withPA_LLELL_EPORT_FREE_5.8_2020040800.bin,4718666,9879f4c6dfbc5b0938c399bc94c40263,正式版,路由器,正式版固件
路由器/K2P GECOOS_AP245P_mt7621_MT7615_LLELL_5.8_2020013000.bin,K2P GECOOS_AP245P_mt7621_MT7615_LLELL_5.8_2020013000.bin,5505098,3434988223b3a72fa9429cc6d848b493,正式版,路由器,正式版固件
路由器/K2P-8.0.50_b7f5.trx,K2P-8.0.50_b7f5.trx,6008633,8913d054361e894ce882beb95d80b7f5,正式版,路由器,正式版固件
路由器/K2P-8.0.76.trx-8.0.76.trx,K2P-8.0.76.trx-8.0.76.trx,7106259,4048f3f16c43aaa55d0e49fe1df392fa,正式版,路由器,正式版固件
路由器/K2P-8.0.76.trx-8.0.76_92fa.trx,K2P-8.0.76.trx-8.0.76_92fa.trx,7106259,4048f3f16c43aaa55d0e49fe1df392fa,正式版,路由器,正式版固件
路由器/M10E-8.0.50.trx,M10E-8.0.50.trx,4609090,7663d1c408455d0cfbb09641b40cec5a,正式版,路由器,正式版固件
路由器/M10E-8.0.50_ec5a.trx,M10E-8.0.50_ec5a.trx,4609090,7663d1c408455d0cfbb09641b40cec5a,正式版,路由器,正式版固件
路由器/M3020-8.0.76.trx,M3020-8.0.76.trx,4464568,ceed06106e9c68c5faf3e00841abc68b,正式版,路由器,正式版固件
路由器/M3020-8.0.76_c68b.trx,M3020-8.0.76_c68b.trx,4464568,ceed06106e9c68c5faf3e00841abc68b,正式版,路由器,正式版固件
路由器/MP2000-8.0.76.trx,MP2000-8.0.76.trx,6549654,f8c981ebb7077fe5c3d481e78b8bcf3d,正式版,路由器,正式版固件
路由器/MP2000-8.0.76_cf3d.trx,MP2000-8.0.76_cf3d.trx,6549654,f8c981ebb7077fe5c3d481e78b8bcf3d,正式版,路由器,正式版固件
路由器/MP3010-8.0.76.trx,MP3010-8.0.76.trx,6548694,032c243308f868f1bcf0e210911920f0,正式版,路由器,正式版固件
路由器/MP3010-8.0.76_20f0.trx,MP3010-8.0.76_20f0.trx,6548694,032c243308f868f1bcf0e210911920f0,正式版,路由器,正式版固件
路由器/MP3012-8.076.trx,MP3012-8.076.trx,6549562,eae4bf8db15e823090a09522a9fb4a2e,正式版,路由器,正式版固件
路由器/MP3012-8.076_4a2e.trx,MP3012-8.076_4a2e.trx,6549562,eae4bf8db15e823090a09522a9fb4a2e,正式版,路由器,正式版固件
路由器/NEWIFI3-8.0.76.trx,NEWIFI3-8.0.76.trx,7293963,1f864d1791a94a1979bd0fdb831211a5,正式版,路由器,正式版固件
路由器/NEWIFI3-8.0.76_11a5.trx,NEWIFI3-8.0.76_11a5.trx,7293963,1f864d1791a94a1979bd0fdb831211a5,正式版,路由器,正式版固件
路由器/SQ300-1.4_2018072600.bin,SQ300-1.4_2018072600.bin,5963850,00bc5fbcf31a5c96fcceecd84f47326e,正式版,路由器,正式版固件
路由器/SQ300-1.4_2018072600_326e.bin,SQ300-1.4_2018072600_326e.bin,5963850,00bc5fbcf31a5c96fcceecd84f47326e,正式版,路由器,正式版固件
路由器/X1-8.0.50.trx,X1-8.0.50.trx,4437633,299215a0c54b6cc7689aa65d959d7c94,正式版,路由器,正式版固件
路由器/X1-8.0.50_7c94.trx,X1-8.0.50_7c94.trx,4437633,299215a0c54b6cc7689aa65d959d7c94,正式版,路由器,正式版固件
路由器/X1PRO-8.0.76.trx,X1PRO-8.0.76.trx,6736791,225f9aa4fdc583bbe1d6ac9e05fbe375,正式版,路由器,正式版固件
路由器/X1PRO-8.0.76_e375.trx,X1PRO-8.0.76_e375.trx,6736791,225f9aa4fdc583bbe1d6ac9e05fbe375,正式版,路由器,正式版固件
路由器/X2-8.0.50.trx,X2-8.0.50.trx,4464981,374d987b9204287e944dc236df5ae1ad,正式版,路由器,正式版固件
路由器/X2-8.0.50_e1ad.trx,X2-8.0.50_e1ad.trx,4464981,374d987b9204287e944dc236df5ae1ad,正式版,路由器,正式版固件
路由器/X3-8.0.76.trx,X3-8.0.76.trx,6549102,50c5e462d1581e51b0a357e0213d69d5,正式版,路由器,正式版固件
路由器/X3-8.0.76_69d5.trx,X3-8.0.76_69d5.trx,6549102,50c5e462d1581e51b0a357e0213d69d5,正式版,路由器,正式版固件
路由器/X30-8.0.76.trx,X30-8.0.76.trx,6549918,83d2227e256c2d789a2fd0b510a7e03f,正式版,路由器,正式版固件
路由器/X30-8.0.76_e03f.trx,X30-8.0.76_e03f.trx,6549918,83d2227e256c2d789a2fd0b510a7e03f,正式版,路由器,正式版固件
路由器/集客微路由_MTKJIKEAP_IAP230EP_MT7620_withPA_1.1_2020012000.bin,集客微路由_MTKJIKEAP_IAP230EP_MT7620_withPA_1.1_2020012000.bin,6815818,cf9991f83daef40c497cfc744d963c63,正式版,路由器,正式版固件
